qid,gender,native,native_lang,ru,en
Q5771384,male,ひろとき,ja,,Hirotoki
Q5771401,male,ひろつぐ,ja,,Hirotsugu
Q5771411,male,ひろや,ja,,Hiroya
Q142931,male,みのる,ja,,Minoru
Q225099,male,さぶろう,ja,,Saburō
Q6455291,male,こうしろう,ja,,Kōshirō
Q6455357,male,こうぞう,ja,,Kōzō
Q3505762,male,すすむ,ja,,Susumu
Q3513691,male,ただし,ja,,Tadashi
Q248718,female,みどり,ja,,Midori
Q339930,female,ななこ,ja,,Nanako
Q6964739,male,なおたけ,ja,,Naotake
Q6964759,male,なおや,ja,,Naoya
Q6964537,male,なおかつ,ja,,Naokatsu
Q6964723,male,なおみち,ja,,Naomichi
Q6964737,male,なおたか,ja,,Naotaka
Q6958446,male,ながのり,ja,,Naganori
Q6964505,unisex,なお,ja,,Nao
Q5771432,female,ひろよ,ja,,Hiroyo
Q5771436,male,ひろよし,ja,,Hiroyoshi
Q5771436,male,ヒロヨシ,ja,,Hiroyoshi
Q5772304,male,ひさのり,ja,,Hisanori
Q5772311,male,ひさお,ja,,Hisao
Q6745668,female,まみこ,ja,,Mamiko
Q6746564,male,学,ja,,Manabu
Q5772424,male,ひさてる,ja,,Hisateru
Q3514140,male,たかひろ,ja,,Takahiro
Q417253,female,あけみ,ja,,Akemi
Q429025,male,まさひろ,ja,,Masahiro
Q3566615,male,わたる,ja,,Wataru
Q430281,unisex,ゆう,ja,,Yū
Q5772430,male,ひさと,ja,,Hisato
Q5772463,male,ひさや,ja,,Hisaya
Q5772460,male,ひさやす,ja,,Hisayasu
Q3572651,male,よしひで,ja,,Yoshihide
Q6739514,female,まきこ,ja,,Makiko
Q6584157,unisex,雅,ja,,Miyabi
Q6584458,male,ゆきひろ,ja,,Yukihiro
Q3541670,male,つねお,ja,,Tsuneo
Q3541692,male,つよし,ja,,Tsuyoshi
Q3944721,female,さだこ,ja,,Sadako
Q3959653,unisex,しずか,ja,,Shizuka
Q516350,unisex,けい,ja,,Kei
Q345708,male,たいち,ja,,Taichi
Q6782336,male,まさひこ,ja,,Masahiko
Q6782395,male,まさいち,ja,,Masaichi
Q6964530,male,なおひろ,ja,,Naohiro
Q6964531,male,なおひさ,ja,,Naohisa
Q764192,male,よしゆき,ja,,Yoshiyuki
Q6746871,female,まなみ,ja,,Manami
Q6782303,male,まさふみ,ja,,Masafumi
Q6782538,male,まさみつ,ja,,Masamitsu
Q6782546,male,まさもり,ja,,Masamori
Q6782578,male,まさのり,ja,,Masanori
Q5772297,male,ひさのぶ,ja,,Hisanobu
Q6782534,male,まさみち,ja,,Masamichi
Q6966435,male,なるひさ,ja,,Naruhisa
Q6966436,male,なるひと,ja,,Naruhito
Q5772471,male,ひさよし,ja,,Hisayoshi
Q5986191,female,いちこ,ja,,Ichiko
Q7046199,male,のぶなり,ja,,Nobunari
Q7046232,male,のぶたか,ja,,Nobutaka
Q6672408,female,ともよ,ja,,Tomoyo
Q6672899,female,もとこ,ja,,Motoko
Q6734098,unisex,まひろ,ja,,Mahiro
Q615592,male,かずま,ja,,Kazuma
Q3516095,unisex,たつき,ja,,Tatsuki
Q3518960,male,てるき,ja,,Teruki
Q949547,male,なおと,ja,,Naoto
Q4315148,unisex,ナツキ,ja,,Natsuki
Q4315148,unisex,なつき,ja,,Natsuki
Q4460317,unisex,ともみ,ja,,Tomomi
Q3571978,male,やすひろ,ja,,Yasuhiro
Q3814192,male,かずや,ja,,Kazuya
Q3856896,unisex,みちる,ja,,Michiru
Q7046260,male,のぶよし,ja,,Nobuyoshi
Q376265,male,まもる,ja,,Mamoru
Q7046170,male,のぶかず,ja,,Nobukazu
Q7046192,male,のぶみつ,ja,,Nobumitsu
Q7046198,male,のぶなお,ja,,Nobunao
Q6782629,male,まさおみ,ja,,Masaomi
Q6782436,male,まさかず,ja,,Masakazu
Q6782489,male,まさくに,ja,,Masakuni
Q4023333,female,ゆうこ,ja,,Yūko
Q517366,female,のぶこ,ja,,Nobuko
Q530625,female,かがみ,ja,,Kagami
Q612659,male,のぶお,ja,,Nobuo
Q7046107,male,のぶあき,ja,,Nobuaki
Q7046126,male,のぶはる,ja,,Nobuharu
Q7046131,male,のぶひこ,ja,,Nobuhiko
Q6094929,female,いつこ,ja,,Itsuko
Q6201759,male,じんいち,ja,,Jin'ichi
Q6964772,male,なおずみ,ja,,Naozumi
Q6965913,male,なりあきら,ja,,Nariakira
Q6965999,male,なりゆき,ja,,Nariyuki
Q6782322,male,まさはる,ja,,Masaharu
Q1185448,female,まちこ,ja,,Machiko
Q1231005,female,さちこ,ja,,Sachiko
Q6311404,male,じゅんや,ja,,Jun'ya
Q6313761,male,じゅんじ,ja,,Junji
Q6313761,male,ジュンジ,ja,,Junji
Q6314440,male,じゅんぞう,ja,,Junzō
Q5996341,male,いくお,ja,,Ikuo
Q6065354,male,いっぺい,ja,,Ippei
Q1113134,unisex,そら,ja,,Sora
Q1157667,male,だいすけ,ja,,Daisuke
Q943093,female,まどか,ja,,Madoka
Q7046140,male,のぶひろ,ja,,Nobuhiro
Q7046158,male,のぶひと,ja,,Nobuhito
Q7051246,male,のりひこ,ja,,Norihiko
Q7051248,male,のりひろ,ja,,Norihiro
Q7051256,male,憲仁,ja,,Norihito
Q951741,unisex,みこと,ja,,Mikoto
Q975963,unisex,つかさ,ja,,Tsukasa
Q7046243,male,ノブテル,ja,,Nobuteru
Q7046243,male,のぶてる,ja,,Nobuteru
Q7046250,male,のぶとも,ja,,Nobutomo
Q7046257,male,のぶやす,ja,,Nobuyasu
Q4515551,female,ちえ,ja,,Chie
Q1257716,male,たけし,ja,,Takeshi
Q1389436,male,けいじろう,ja,,Keijirō
Q1286946,female,キコ,ja,,Kiko
Q1388267,unisex,まこと,ja,,Makoto
Q4701031,unisex,あきみ,ja,,Akimi
Q4701061,male,あきのぶ,ja,,Akinobu
Q6782780,male,まさよし,ja,,Masayoshi
Q6782731,male,まさとも,ja,,Masatomo
Q6782732,male,まさとし,ja,,Masatoshi
Q6782709,male,まさと,ja,,Masato
Q3870193,female,なおこ,ja,,Naoko
Q6203322,female,じつこ,ja,,Jitsuko
Q6311393,male,じゅんいち,ja,,Jun'ichi
Q6362076,male,かねつぐ,ja,,Kanetsugu
Q6378053,male,かつあき,ja,,Katsuaki
Q7051297,male,のりまさ,ja,,Norimasa
Q7051356,male,のりやす,ja,,Noriyasu
Q6360446,female,かなこ,ja,,Kanako
Q6362063,male,かねたけ,ja,,Kanetake
Q6378117,male,かつきよ,ja,,Katsukiyo
Q6378127,male,かつまさ,ja,,Katsumasa
Q4700897,male,あきふみ,ja,,Akifumi
Q4700926,male,あきひろ,ja,,Akihiro
Q4790597,male,ありひろ,ja,,Arihiro
Q4803426,female,あさこ,ja,,Asako
Q6322368,male,じゅうたろう,ja,,Jūtarō
Q6359983,male,かんいち,ja,,Kan'ichi
Q6360199,unisex,かなえ,ja,,Kanae
Q6782402,male,まさじ,ja,,Masaji
Q7051258,male,のりかず,ja,,Norikazu
Q7051261,female,のりこ,ja,,Noriko
Q4701065,male,あきのり,ja,,Akinori
Q4701213,male,あきしげ,ja,,Akishige
Q4701238,male,あきと,ja,,Akito
Q4701243,male,あきとし,ja,,Akitoshi
Q4701281,male,あきゆき,ja,,Akiyuki
Q6782681,male,まさしげ,ja,,Masashige
Q3932180,unisex,れい,ja,,Rei
Q3932216,female,れいこ,ja,,Reiko
Q7310136,female,れいか,ja,,Reika
Q7313535,male,れんたろう,ja,,Rentarō
Q6837918,male,みちお,ja,,Michio
Q7051360,male,のりよし,ja,,Noriyoshi
Q7067429,male,のぞむ,ja,,Nozomu
Q7082057,male,おきつぐ,ja,,Okitsugu
Q4817388,male,あとむ,ja,,Atomu
Q4817789,male,あつお,ja,,Atsuo
Q4817839,male,あつと,ja,,Atsuto
Q7105675,male,おさむ,ja,,Osamu
Q928986,female,けいこ,ja,,Keiko
Q938731,unisex,はるか,ja,,Haruka
Q7285230,male,らいぞう,ja,,Raizō
Q7310123,male,れいいち,ja,,Reiichi
Q7310126,male,れいじ,ja,,Reiji
Q4830936,female,あやね,ja,,Ayane
Q4957540,male,てっぺい,ja,,Teppei
Q6837365,male,みちあき,ja,,Michiaki
Q6837863,male,みちひこ,ja,,Michihiko
Q6782815,male,まさずみ,ja,,Masazumi
Q6785695,unisex,ますみ,ja,,Masumi
Q6788113,female,まつこ,ja,,Matsuko
Q7333047,female,りえ,ja,,Rie
Q7333107,female,りえこ,ja,,Rieko
Q1523876,unisex,あゆむ,ja,,Ayumu
Q1572588,male,だいぞう,ja,,Daizō
Q1572608,male,ろくろう,ja,,Rokurō
Q4700946,male,あきひさ,ja,,Akihisa
Q4701026,male,あきまさ,ja,,Akimasa
Q1178344,male,悠仁,ja,,Hisahito
Q7379297,female,るみこ,ja,,Rumiko
Q7380604,female,るり,ja,,Ruri
Q1389665,male,けんじろう,ja,,Kenjirō
Q1422509,male,しんじ,ja,,Shinji
Q1635977,male,くにお,ja,,Kunio
Q1389324,male,せいじ,ja,,Seiji
Q1389425,male,こうすけ,ja,,Kōsuke
Q1523699,male,よしのり,ja,,Yoshinori
Q4997717,male,ぶんじ,ja,,Bunji
Q5095150,unisex,ちあき,ja,,Chiaki
Q6782794,male,まさゆき,ja,,Masayuki
Q6378067,male,かつひこ,ja,,Katsuhiko
Q5097150,female,ちえみ,ja,,Chiemi
Q5097272,unisex,チハル,ja,,Chiharu
Q5097272,unisex,ちはる,ja,,Chiharu
Q6378087,male,かつひろ,ja,,Katsuhiro
Q5097293,female,ちほ,ja,,Chiho
Q5097400,male,ちかよし,ja,,Chikayoshi
Q5100103,female,ちなみ,ja,,Chinami
Q6796798,female,まやこ,ja,,Mayako
Q6380666,female,かよこ,ja,,Kayoko
Q6381402,female,かずえ,ja,,Kazue
Q6782684,male,まさたか,ja,,Masataka
Q6782694,male,まさたけ,ja,,Masatake
Q1439527,male,つとむ,ja,,Tsutomu
Q1573676,male,イサオ,ja,,Isao
Q1573676,male,いさお,ja,,Isao
Q6378153,male,かつのり,ja,,Katsunori
Q6378168,male,かつお,ja,,Katsuo
Q6883198,male,みつはる,ja,,Mitsuharu
Q6378214,male,かつとし,ja,,Katsutoshi
Q7385582,unisex,りょう,ja,,Ryō
Q7385588,male,りょうへい,ja,,Ryōhei
Q7333922,male,りいち,ja,,Riichi
Q7334046,male,りきち,ja,,Rikichi
Q6798060,female,まゆこ,ja,,Mayuko
Q6798077,female,まゆみ,ja,,Mayumi
Q6837864,male,みちひろ,ja,,Michihiro
Q6837871,male,みちひさ,ja,,Michihisa
Q6837886,female,みちこ,ja,,Michiko
Q6378143,male,かつなり,ja,,Katsunari
Q6378141,male,カツナガ,ja,,Katsunaga
Q6378141,male,かつなが,ja,,Katsunaga
Q5389041,female,えりこ,ja,,Eriko
Q1737547,male,かずひろ,ja,,Kazuhiro
Q7385612,male,りょうたろう,ja,,Ryōtarō
Q7385622,male,りゅうじ,ja,,Ryūji
Q7385602,male,りょうせい,ja,,Ryōsei
Q7385609,male,りょうた,ja,,Ryōta
Q7385595,male,りょうじ,ja,,Ryōji
Q7385598,unisex,りょうか,ja,,Ryōka
Q1703325,male,はちろう,ja,,Hachirō
Q1728281,unisex,かおる,ja,,Kaoru
Q6837934,male,みちたか,ja,,Michitaka
Q6837933,male,みちろう,ja,,Michirō
Q5349183,male,えいいち,ja,,Eiichi
Q5349231,male,えいじろう,ja,,Eijirō
Q5209549,male,だいろく,ja,,Dairoku
Q5102052,unisex,ちさと,ja,,Chisato
Q5102630,female,ちよこ,ja,,Chiyoko
Q5102673,female,ちづる,ja,,Chizuru
Q5100190,female,ちなつ,ja,,Chinatsu
Q1523717,male,げんたろう,ja,,Gentarō
Q6883202,male,みつひこ,ja,,Mitsuhiko
Q6883210,male,ミツヒロ,ja,,Mitsuhiro
Q6883210,male,みつひろ,ja,,Mitsuhiro
Q5119019,male,ちゅういち,ja,,Chūichi
Q7385629,male,りゅうのすけ,ja,,Ryūnosuke
Q7385632,male,りゅうさく,ja,,Ryūsaku
Q6381477,male,かずひさ,ja,,Kazuhisa
Q1652488,male,けんいち,ja,,Ken'ichi
Q1666942,female,みつこ,ja,,Mitsuko
Q6883280,unisex,みつき,ja,,Mitsuki
Q6883306,male,みつのぶ,ja,,Mitsunobu
Q1739114,male,けんぞう,ja,,Kenzō
Q7385641,male,りゅうた,ja,,Ryūta
Q6381484,male,かずひと,ja,,Kazuhito
Q7385651,male,りゅうや,ja,,Ryūya
Q7396713,female,さちえ,ja,,Sachie
Q1574198,female,はなこ,ja,,Hanako
Q1620239,male,ひろき,ja,,Hiroki
Q7396759,unisex,さちお,ja,,Sachio
Q7397464,male,さだあき,ja,,Sadaaki
Q7397505,male,さだはる,ja,,Sadaharu
Q6837935,male,みちたろう,ja,,Michitarō
Q6837942,unisex,みちよ,ja,,Michiyo
Q6381422,male,かずはる,ja,,Kazuharu
Q6381428,male,かずひこ,ja,,Kazuhiko
Q6378244,male,かつよし,ja,,Katsuyoshi
Q6378245,male,かつゆき,ja,,Katsuyuki
Q7397616,male,さだとし,ja,,Sadatoshi
Q6381744,male,かずたか,ja,,Kazutaka
Q6381748,male,かずと,ja,,Kazuto
Q6381757,male,かずとし,ja,,Kazutoshi
Q5371133,female,エミコ,ja,,Emiko
Q5371133,female,えみこ,ja,,Emiko
Q5372602,female,えみり,ja,,Emiri
Q5530781,male,げんいち,ja,,Gen'ichi
Q7385633,male,りゅうせい,ja,,Ryūsei
Q7385640,male,りゅうすけ,ja,,Ryūsuke
Q7429099,female,さやか,ja,,Sayaka
Q7335057,female,りんこ,ja,,Rinko
Q7336794,female,りつこ,ja,,Ritsuko
Q5508565,male,ふみひろ,ja,,Fumihiro
Q5508572,female,ふみか,ja,,Fumika
Q6845427,female,みいこ,ja,,Miiko
Q6845660,female,みかこ,ja,,Mikako
Q6849876,female,みきこ,ja,,Mikiko
Q6849888,male,みきお,ja,,Mikio
Q7426346,female,さとこ,ja,,Satoko
Q5349770,male,えいのすけ,ja,,Einosuke
Q5349988,male,えいすけ,ja,,Eisuke
Q6862794,female,みなこ,ja,,Minako
Q6864170,female,みねこ,ja,,Mineko
Q6882965,male,みつあき,ja,,Mitsuaki
Q6381738,male,かずしげ,ja,,Kazushige
Q7426386,male,さとる,ja,,Satoru
Q7428553,female,さわこ,ja,,Sawako
Q1737555,female,かずこ,ja,,Kazuko
Q6381549,male,かずまさ,ja,,Kazumasa
Q6381730,male,かずし,ja,,Kazushi
Q6883744,female,みわこ,ja,,Miwako
Q6884482,female,みよこ,ja,,Miyoko
Q6884537,unisex,みゆ,ja,,Miyu
Q6883369,male,みつたか,ja,,Mitsutaka
Q6883384,male,みつやす,ja,,Mitsuyasu
Q6381784,female,かずよ,ja,,Kazuyo
Q6883337,male,みつおみ,ja,,Mitsuomi
Q5404927,male,えつじ,ja,,Etsuji
Q5507460,male,ふじお,ja,,Fujio
Q5508552,male,ふみあき,ja,,Fumiaki
Q5675731,female,はるこ,ja,,Haruko
Q5676186,male,はると,ja,,Haruto
Q6381801,male,かずゆき,ja,,Kazuyuki
Q6383603,male,けいご,ja,,Keigo
Q6383618,male,けいいち,ja,,Keiichi
Q6883309,male,みつのり,ja,,Mitsunori
Q6883313,male,みつお,ja,,Mitsuo
Q2278737,male,しげる,ja,,Shigeru
Q1741213,female,きくこ,ja,,Kikuko
Q1824046,male,えいぞう,ja,,Eizō
Q2226201,male,さとし,ja,,Satoshi
Q7397635,male,さだよし,ja,,Sadayoshi
Q7402978,female,さきこ,ja,,Sakiko
Q7403211,female,さくらこ,ja,,Sakurako
Q5676219,male,はるよし,ja,,Haruyoshi
Q5699138,male,平八郎,ja,,Heihachirō
Q5701121,male,へいすけ,ja,,Heisuke
Q1906744,male,まさお,ja,,Masao
Q1906642,male,まさあき,ja,,Masaaki
Q1906740,female,まさこ,ja,,Masako
Q2279195,male,しんや,ja,,Shin'ya
Q2293011,male,太郎,ja,,Tarō
Q2365258,female,すみれ,ja,,Sumire
Q6918066,male,もとのぶ,ja,,Motonobu
Q6918515,male,もとし,ja,,Motoshi
Q2828967,female,あけこ,ja,,Akeko
Q2829058,male,あきお,ja,,Akio
Q2852421,female,あんり,ja,,Anri
Q2874861,female,あやか,ja,,Ayaka
Q6883393,unisex,みつよ,ja,,Mitsuyo
Q6883399,male,みつよし,ja,,Mitsuyoshi
Q1953859,female,ちえこ,ja,,Chieko
Q1995076,male,のぼる,ja,,Noboru
Q7446720,male,せいいちろう,ja,,Seiichirō
Q7446752,male,せいじろう,ja,,Seijirō
Q5530783,male,げんいちろう,ja,,Gen'ichirō
Q5533850,male,げんぞう,ja,,Genzō
Q5560380,male,ぎいち,ja,,Giichi
Q6884579,female,みゆう,ja,,Miyū
Q6884829,female,みずこ,ja,,Mizuko
Q6391995,male,けんたろう,ja,,Kentarō
Q6917981,male,もとあき,ja,,Motoaki
Q6918001,male,もとはる,ja,,Motoharu
Q6887569,male,もちあき,ja,,Mochiaki
Q6895337,male,もきち,ja,,Mokichi
Q6883349,unisex,みつる,ja,,Mitsuru
Q6383663,unisex,けいき,ja,,Keiki
Q1932885,female,みほ,ja,,Miho
Q5508575,female,ふみこ,ja,,Fumiko
Q5508600,male,ふみや,ja,,Fumiya
Q5510984,female,ふゆこ,ja,,Fuyuko
Q7429311,female,さゆみ,ja,,Sayumi
Q2389759,male,たくや,ja,,Takuya
Q7429317,female,さゆり,ja,,Sayuri
Q7446699,male,せいいち,ja,,Seiichi
Q6383642,male,けいじ,ja,,Keiji
Q7446928,male,せいし,ja,,Seishi
Q7446940,male,せいしろう,ja,,Seishirō
Q7456844,female,せつこ,ja,,Setsuko
Q7429103,female,さやこ,ja,,Sayako
Q7429271,female,さよこ,ja,,Sayoko
Q5752312,male,ひでひこ,ja,,Hidehiko
Q5752330,male,ひでひと,ja,,Hidehito
Q7496340,female,しげこ,ja,,Shigeko
Q7496310,male,しげあき,ja,,Shigeaki
Q7496317,male,しげはる,ja,,Shigeharu
Q6387196,male,けんゆう,ja,,Ken'yū
Q6389407,male,けんきち,ja,,Kenkichi
Q6391361,male,けんさく,ja,,Kensaku
Q6391541,male,けんすけ,ja,,Kensuke
Q5752454,male,ひでまさ,ja,,Hidemasa
Q5752491,male,ひでみつ,ja,,Hidemitsu
Q6897415,female,ももか,ja,,Momoka
Q6912222,male,もりまさ,ja,,Morimasa
Q6912271,male,もりお,ja,,Morio
Q6383769,male,けいのすけ,ja,,Keinosuke
Q6383869,male,けいし,ja,,Keishi
Q6383879,male,けいすけ,ja,,Keisuke
Q6387191,male,けんいちろう,ja,,Ken'ichirō
Q5752742,male,ひでつぐ,ja,,Hidetsugu
Q5752764,male,ひでゆき,ja,,Hideyuki
Q7496347,male,しげみつ,ja,,Shigemitsu
Q7496350,male,しげなが,ja,,Shigenaga
Q3018082,male,ゆうた,ja,,Yūta
Q3052189,female,えみ,ja,,Emi
Q6935952,male,むねとし,ja,,Munetoshi
Q6944039,female,むつこ,ja,,Mutsuko
Q6944054,male,むつお,ja,,Mutsuo
Q6935943,male,むねお,ja,,Muneo
Q6935941,male,むねのり,ja,,Munenori
Q3056634,female,えりな,ja,,Erina
Q3110320,male,一郎,ja,,Ichirō
Q7496343,male,しげまさ,ja,,Shigemasa
Q2875080,female,あざみ,ja,,Azami
Q2875276,unisex,あずさ,ja,,Azusa
Q6391980,male,けんた,ja,,Kenta
Q6958411,male,ながみち,ja,,Nagamichi
Q6958424,male,ながなお,ja,,Naganao
Q6958331,male,ながひで,ja,,Nagahide
Q6958328,male,ながはる,ja,,Nagaharu
Q6958406,male,ながまさ,ja,,Nagamasa
Q2278696,male,しげお,ja,,Shigeo
Q5752358,male,ひでき,ja,,Hideki
Q5752434,female,ひでこ,ja,,Hideko
Q2928263,male,ぶんた,ja,,Bunta
Q3012072,male,だいき,ja,,Daiki
Q3199149,male,こうたろう,ja,,Kōtarō
Q3199192,female,ことり,ja,,Kotori
Q3200370,female,くみ,ja,,Kumi
Q5752501,male,ひでのぶ,ja,,Hidenobu
Q5752568,male,ひでお,ja,,Hideo
Q7496353,male,しげのり,ja,,Shigenori
Q7496394,male,しげただ,ja,,Shigetada
Q7496402,male,しげと,ja,,Shigeto
Q2382795,male,そうすけ,ja,,Sōsuke
Q2827747,female,アイ,ja,,Ai
Q2827747,female,あい,ja,,Ai
Q6410155,male,きみや,ja,,Kimiya
Q6410287,male,きんいち,ja,,Kin'ichi
Q5752722,male,ひでとし,ja,,Hidetoshi
Q5752698,male,ひでたか,ja,,Hidetaka
Q6918006,male,もとひこ,ja,,Motohiko
Q6918008,male,もとひろ,ja,,Motohiro
Q6918023,male,もとき,ja,,Motoki
Q5770170,male,ひろひで,ja,,Hirohide
Q5770184,male,ひろひさ,ja,,Hirohisa
Q5770208,male,ひろじ,ja,,Hiroji
Q2875045,unisex,アユミ,ja,,Ayumi
Q2875045,unisex,あゆみ,ja,,Ayumi
Q3192570,unisex,かなめ,ja,,Kaname
Q3192815,female,かおり,ja,,Kaori
Q3125449,female,はちこ,ja,,Hachiko
Q3177143,male,しゅうじ,ja,,Shūji
Q7496410,male,しげやす,ja,,Shigeyasu
Q7496408,male,しげとし,ja,,Shigetoshi
Q7496412,male,しげよし,ja,,Shigeyoshi
Q5765261,female,ひめこ,ja,,Himeko
Q6918567,male,もとやす,ja,,Motoyasu
Q6918572,male,もとゆき,ja,,Motoyuki
Q6935933,male,むねひろ,ja,,Munehiro
Q6935951,male,むねとき,ja,,Munetoki
Q6935948,male,むねしげ,ja,,Muneshige
Q6935949,male,むねたか,ja,,Munetaka
Q5752715,male,ひでと,ja,,Hideto
Q6405993,male,きはちろう,ja,,Kihachirō
Q29972516,male,正顕,ja,,Masaharu
Q29972521,male,正秋,ja,,Masaharu
Q29972527,male,正昭,ja,,Masaharu
Q29972525,male,正彰,ja,,Masaharu
Q29972530,male,正章,ja,,Masaharu
Q29972534,male,正彬,ja,,Masaharu
Q29972532,male,正詮,ja,,Masaharu
Q29972539,male,正陽,ja,,Masaharu
Q29972536,male,正明,ja,,Masaharu
Q29972542,male,正亮,ja,,Masaharu
Q29972547,male,正顯,ja,,Masaharu
Q29972544,male,正暉,ja,,Masaharu
Q29972549,male,正朗,ja,,Masaharu
Q29972554,male,誠明,ja,,Masaharu
Q29972552,male,聖陽,ja,,Masaharu
Q29972559,male,方明,ja,,Masaharu
Q29972556,male,督朗,ja,,Masaharu
Q29972561,male,理酉,ja,,Masaharu
Q29972566,male,尹明,ja,,Masaharu
Q29972564,male,良昭,ja,,Masaharu
Q29972571,male,敬義,ja,,Keigi
Q29972568,male,眞明,ja,,Masaharu
Q29972573,male,雅亮,ja,,Masauke
Q30098018,male,博,ja,,Hiroshi
Q7497070,male,しんいち,ja,,Shin'ichi
Q7497609,male,しんじろう,ja,,Shinjirō
Q6419001,male,きよひろ,ja,,Kiyohiro
Q6419005,male,きよじ,ja,,Kiyoji
Q5770234,male,ひろかず,ja,,Hirokazu
Q5770364,female,ひろこ,ja,,Hiroko
Q6392056,male,けんと,ja,,Kento
Q6410131,female,きみこ,ja,,Kimiko
Q6410145,male,きみお,ja,,Kimio
Q6418993,male,きよひで,ja,,Kiyohide
Q6418996,male,きよひこ,ja,,Kiyohiko
Q30098034,male,広,ja,,Hiroshi
Q30098033,male,博司,ja,,Hiroshi
Q30098038,male,弘志,ja,,Hiroshi
Q30098036,male,浩史,ja,,Hiroshi
Q30098037,male,浩志,ja,,Hiroshi
Q30098043,male,広志,ja,,Hiroshi
Q30098040,male,博志,ja,,Hiroshi
Q30098041,male,比呂志,ja,,Hiroshi
Q30098046,male,裕史,ja,,Hiroshi
Q30098044,male,浩司,ja,,Hiroshi
Q30098051,male,紘,ja,,Hiroshi
Q30098048,male,宏志,ja,,Hiroshi
Q30098049,male,弘司,ja,,Hiroshi
Q30098052,male,洋史,ja,,Hiroshi
Q3200400,male,くもん,ja,,Kumon
Q3204611,female,えつこ,ja,,Etsuko
Q3297179,male,まさる,ja,,Masaru
Q3194472,male,かずき,ja,,Kazuki
Q6413884,male,きんじ,ja,,Kinji
Q6416376,male,きさぶろう,ja,,Kisaburō
Q7497775,male,しんた,ja,,Shinta
Q7497785,male,しんたろう,ja,,Shintarō
Q5770618,male,ひろなり,ja,,Hironari
Q5770632,male,ひろのぶ,ja,,Hironobu
Q6435386,female,こずえ,ja,,Kozue
Q6444622,male,くにあき,ja,,Kuniaki
Q7496323,male,しげひさ,ja,,Shigehisa
Q7496329,male,しげかず,ja,,Shigekazu
Q7496332,male,しげき,ja,,Shigeki
Q6419012,male,きよかず,ja,,Kiyokazu
Q6419141,male,キヨタカ,ja,,Kiyotaka
Q6419141,male,きよたか,ja,,Kiyotaka
Q6425921,female,こはる,ja,,Koharu
Q7497764,male,しんすけ,ja,,Shinsuke
Q5770464,male,ひろまさ,ja,,Hiromasa
Q7497649,male,しんきち,ja,,Shinkichi
Q7497732,male,しんぺい,ja,,Shinpei
Q6455128,male,こうへい,ja,,Kōhei
Q6455143,male,こういちろう,ja,,Kōichirō
Q3337065,female,なつみ,ja,,Natsumi
Q3453970,female,りょうこ,ja,,Ryōko
Q3297184,male,まさし,ja,,Masashi
Q3454080,male,りょういち,ja,,Ryōichi
Q3482314,unisex,しおん,ja,,Shion
Q7496416,male,しげゆき,ja,,Shigeyuki
Q30103223,male,耕史,ja,,Kōji
Q30103220,male,晃治,ja,,Kōji
Q30103221,male,浩爾,ja,,Kōji
Q30109058,male,理,ja,,Osamu
Q30109059,male,収,ja,,Osamu
Q30109056,male,治,ja,,Osamu
Q30109062,male,脩,ja,,Osamu
Q30109063,male,統,ja,,Osamu
Q30109066,male,攻,ja,,Osamu
Q30109065,male,紀,ja,,Osamu
Q65560880,male,伸司,ja,,Shinji
Q65560976,male,進次,ja,,Shinji
Q65560982,male,進司,ja,,Shinji
Q65560988,male,進治,ja,,Shinji
Q65561377,male,じゅんきち,ja,,Junkichi
Q65561409,male,信次,ja,,Nobutsugu
Q65561413,male,伸志,ja,,Nobuyuki
Q65561428,male,信治,ja,,Nobuharu
Q65562348,male,伸嗣,ja,,Shinji
Q65562615,male,将和,ja,,Masakazu
Q65562618,male,晃三,ja,,Kōzō
Q65562616,male,正浩,ja,,Masahiro
Q65562617,male,裕徳,ja,,Hironori
Q65613226,male,北斎,ja,,Hokusai
Q65613273,male,為斎,ja,,Isai
Q65663127,female,まひる,ja,,Mahiru
Q65679954,male,慎太郎,ja,,Shintarō
Q65679952,female,順子,ja,,Junko
Q65679953,male,雅夫,ja,,Masao
Q65679959,female,春子,ja,,Haruko
Q65679960,female,秋子,ja,,Akiko
Q30098020,male,宏,ja,,Hiroshi
Q30098021,male,浩,ja,,Hiroshi
Q30098026,male,寛,ja,,Hiroshi
Q30098024,male,弘,ja,,Hiroshi
Q30098025,male,洋,ja,,Hiroshi
Q30098030,male,裕,ja,,Hiroshi
Q30098031,male,博史,ja,,Hiroshi
Q7505114,male,しゅんさく,ja,,Shunsaku
Q7505179,male,しゅんぞう,ja,,Shunzō
Q65679962,female,布由子,ja,,Fuyuko
Q65679961,female,冬子,ja,,Fuyuko
Q65679967,female,美子,ja,,Haruko
Q65679964,female,菜津子,ja,,Natsuko
Q65679971,female,治子,ja,,Haruko
Q65679976,female,久美子,ja,,Kumiko
Q7505003,male,シュンイチ,ja,,Shun'ichi
Q7505003,male,しゅんいち,ja,,Shun'ichi
Q3200373,female,くみこ,ja,,Kumiko
Q6433329,male,こそん,ja,,Koson
Q6434171,female,ことみ,ja,,Kotomi
Q6444773,male,くにたけ,ja,,Kunitake
Q6447424,female,くるみ,ja,,Kurumi
Q7497855,male,しんぞう,ja,,Shinzō
Q123631403,female,亜貴子,ja,,Akiko
Q123631412,female,弘子,ja,,Hiroko
Q123631427,male,みとし,ja,,Mitoshi
Q123631424,female,真実,ja,,Mami
Q123631431,male,もいちろう,ja,,Moichirō
Q123631443,female,友美,ja,,Tomomi
Q123631473,female,亜希,ja,,Aki
Q6452674,male,きゅうきち,ja,,Kyukichi
Q6453037,male,きょうへい,ja,,Kyōhei
Q30109068,male,收,ja,,Osamu
Q30109069,male,靖,ja,,Osamu
Q30149411,male,外喜義,ja,,Tokiyoshi
Q30149408,male,幸義,ja,,Yukiyoshi
Q30149409,male,行義,ja,,Yukiyoshi
Q30149414,male,時能,ja,,Tokiyoshi
Q30149412,male,時慶,ja,,Tokiyoshi
Q30149418,male,挙誠,ja,,Kiyoshige
Q30149419,male,清重,ja,,Kiyoshige
Q30149416,male,時義,ja,,Tokiyoshi
Q30149422,male,清茂,ja,,Kiyoshige
Q30149423,male,昭義,ja,,Akiyoshi
Q30149421,male,清成,ja,,Kiyoshige
Q30149427,male,章喜,ja,,Akiyoshi
Q30149425,male,明義,ja,,Akiyoshi
Q30149430,male,顕義,ja,,Akiyoshi
Q30149432,male,詮義,ja,,Akiyoshi
Q30149433,male,明佳,ja,,Akiyoshi
Q30149746,male,キヨシゲ,ja,,Kiyoshige
Q30149749,male,きよしげ,ja,,Kiyoshige
Q30218413,male,清,ja,,Kiyoshi
Q6444650,male,くにひこ,ja,,Kunihiko
Q64785830,male,正武,ja,,Masatake
Q64785831,male,政武,ja,,Masatake
Q64785828,male,権兵衛,ja,,Gonnohyōe
Q64785829,male,正毅,ja,,Masatake
Q64785835,male,正強,ja,,Masatake
Q64785832,male,正剛,ja,,Masatake
Q64785833,male,武,ja,,Masatake
Q64785838,male,雅武,ja,,Masatake
Q64785839,male,理剛,ja,,Masatake
Q64785836,male,正威,ja,,Masatake
Q64785837,male,昌武,ja,,Masatake
Q64785842,male,正桓,ja,,Masatake
Q64785843,male,正馬,ja,,Masatake
Q64785840,male,昌丈,ja,,Masatake
Q64785841,male,正健,ja,,Masatake
Q65032267,male,孝允,ja,,Takayoshi
Q65032268,male,利通,ja,,Toshimichi
Q65038195,female,りゅうこ,ja,,Ryūko
Q65040136,female,さより,ja,,Sayori
Q65050140,male,みきや,ja,,Mikiya
Q65072626,male,ただみつ,ja,,Tadamitsu
Q65077990,male,みつぞう,ja,,Mitsuzō
Q65079964,female,もえか,ja,,Moeka
Q65088858,female,しづる,ja,,Shizuru
Q65088946,unisex,ひより,ja,,Hiyori
Q65089750,female,ゆいこ,ja,,Yuiko
Q65091214,male,てるやす,ja,,Teruyasu
Q65118761,male,だいはち,ja,,Daihachi
Q65269289,female,敦子,ja,,Atsuko
Q6455199,male,こうきち,ja,,Kōkichi
Q123614709,male,ひろたろう,ja,,Hirotarō
Q123614737,male,ひさひろ,ja,,Hisahiro
Q123614753,male,ひさかつ,ja,,Hisakatsu
Q123614862,male,いちじ,ja,,Ichiji
Q123615348,male,いちすけ,ja,,Ichisuke
Q123615563,female,いつか,ja,,Itsuka
Q123615569,male,じきち,ja,,Jikichi
Q123615747,male,じゅんすけ,ja,,Junsuke
Q123615745,male,じんぞう,ja,,Jinzō
Q123615750,male,かくいち,ja,,Kakuichi
Q123615751,male,かねすけ,ja,,Kanesuke
Q123615748,female,かほこ,ja,,Kahoko
Q123615753,male,かんいちろう,ja,,Kan'ichirō
Q123615774,female,かのん,ja,,Kanon
Q123615778,male,かつちか,ja,,Katsuchika
Q123615776,female,かすみこ,ja,,Kasumiko
Q123615781,male,かつじろう,ja,,Katsujirō
Q123615792,male,かつみち,ja,,Katsumichi
Q123615798,male,かつしげ,ja,,Katsushige
Q123615797,male,かつむね,ja,,Katsumune
Q123615800,male,かつしろう,ja,,Katsushirō
Q123615804,male,かつすけ,ja,,Katsusuke
Q123615805,male,かつただ,ja,,Katsutada
Q123630959,male,かつとよ,ja,,Katsutoyo
Q123630957,male,かつとも,ja,,Katsutomo
Q123630962,male,かずじ,ja,,Kazuji
Q123630966,male,けいさく,ja,,Keisaku
Q123630971,male,きちたろう,ja,,Kichitarō
Q123630974,male,きくいちろう,ja,,Kikuichirō
Q123630975,male,きみひさ,ja,,Kimihisa
Q123630980,male,きみやす,ja,,Kimiyasu
Q123630987,male,きすけ,ja,,Kisuke
Q123631149,male,きよとし,ja,,Kiyotoshi
Q123631152,male,きぞう,ja,,Kizō
Q123631347,female,ことね,ja,,Kotone
Q123631344,male,こうし,ja,,Kōshi
Q123631351,female,まなつ,ja,,Manatsu
Q123631349,male,くにしげ,ja,,Kunishige
Q123631358,female,スミ子,ja,,Sumiko
Q123631359,female,春美,ja,,Harumi
Q123631357,male,まさきよ,ja,,Masakiyo
Q123631360,male,まさぞう,ja,,Masazō
Q123631361,female,良子,ja,,Yoshiko
Q123631365,female,ますこ,ja,,Masuko
Q123631369,male,みねひろ,ja,,Minehiro
Q30098054,male,広司,ja,,Hiroshi
Q30098055,male,弘士,ja,,Hiroshi
Q30098058,male,裕司,ja,,Hiroshi
Q30098059,male,裕志,ja,,Hiroshi
Q30098057,male,宙,ja,,Hiroshi
Q30098063,male,浩士,ja,,Hiroshi
Q30098060,male,宏史,ja,,Hiroshi
Q30098066,male,裕士,ja,,Hiroshi
Q30098064,male,大,ja,,Hiroshi
Q30103178,male,浩司,ja,,Kōji
Q30103179,male,幸司,ja,,Kōji
Q30103177,male,浩二,ja,,Kōji
Q30103182,male,幸二,ja,,Kōji
Q30103180,male,幸治,ja,,Kōji
Q30103181,male,耕二,ja,,Kōji
Q30103186,male,康二,ja,,Kōji
Q30103184,male,晃司,ja,,Kōji
Q30103185,male,孝治,ja,,Kōji
Q7497894,female,しおり,ja,,Shiori
Q7499470,female,しずえ,ja,,Shizue
Q7499483,female,しずこ,ja,,Shizuko
Q65280872,female,莉奈,ja,,Rina
Q65559782,female,夏実,ja,,Natsumi
Q65559783,female,錬子,ja,,Tōko
Q65559787,male,恵吾,ja,,Keigo
Q65559784,male,奎吾,ja,,Keigo
Q65559785,male,雷作,ja,,Raisaku
Q65559790,male,圭吾,ja,,Keigo
Q65559791,male,慶吾,ja,,Keigo
Q65559788,male,啓吾,ja,,Keigo
Q65559789,male,慶悟,ja,,Keigo
Q65559793,male,啓悟,ja,,Keigo
Q65559796,female,伸江,ja,,Nobue
Q65559797,female,真由美,ja,,Mayumi
Q65559968,female,麻里,ja,,Mari
Q65560415,male,ひさかず,ja,,Hisakazu
Q65560867,male,伸志,ja,,Shinji
Q65560865,male,信次,ja,,Shinji
Q65560870,male,進二,ja,,Shinji
Q65560869,male,信治,ja,,Shinji
Q65560875,male,伸次,ja,,Shinji
Q65560872,male,信二,ja,,Shinji
Q65560873,male,信司,ja,,Shinji
Q65560879,male,伸二,ja,,Shinji
Q65560877,male,伸治,ja,,Shinji
Q6430282,male,とおる,ja,,Tōru
Q7505077,male,しゅんじ,ja,,Shunji
Q7505105,male,しゅんぺい,ja,,Shunpei
Q6453079,male,きょうすけ,ja,,Kyōsuke
Q3493149,unisex,れん,ja,,Ren
Q7506104,male,しょうご,ja,,Shōgo
Q3335538,female,ななみ,ja,,Nanami
Q7506071,male,しょう,ja,,Shō
Q123636380,male,のぶつぐ,ja,,Nobutsugu
Q123636424,male,のりあつ,ja,,Noriatsu
Q123636461,male,おとじろう,ja,,Otojirō
Q123636501,male,武司,ja,,Takeshi
Q123636510,male,れいすけ,ja,,Reisuke
Q123636583,male,ろくお,ja,,Rokuo
Q123636682,male,りゅうと,ja,,Ryūto
Q123636730,male,りゅうと,ja,,Sadamu
Q123636922,male,さねかつ,ja,,Sanekatsu
Q123636981,male,せいじん,ja,,Seijin
Q123637036,unisex,せいか,ja,,Seika
Q123637100,male,せいざぶろう,ja,,Seizaburō
Q123637309,female,恵美理,ja,,Emiri
Q123637378,male,しちろう,ja,,Shichirō
Q123643349,female,しなこ,ja,,Shinako
Q123643400,male,しゅうせい,ja,,Shūsei
Q123643464,male,すみなお,ja,,Suminao
Q123643671,male,たいじ,ja,,Taiji
Q123643674,male,たけかず,ja,,Takekazu
Q123643679,male,たけのすけ,ja,,Takenosuke
Q123643686,male,たけすけ,ja,,Takesuke
Q123643700,male,たすけ,ja,,Tasuke
Q123643707,male,たねよし,ja,,Taneyoshi
Q123643708,male,たつふみ,ja,,Tatsufumi
Q123643811,male,てつふみ,ja,,Tetsufumi
Q123643812,male,てつみ,ja,,Tetsumi
Q123643813,male,とくさぶろう,ja,,Tokusaburō
Q123644274,male,ちゅうせい,ja,,Chūsei
Q123644995,male,とくとし,ja,,Tokutoshi
Q123651649,male,とみさぶろう,ja,,Tomisaburō
Q123651942,male,ともいち,ja,,Tomoichi
Q123651948,male,ともいちろう,ja,,Tomoichirō
Q123651956,male,とらじ,ja,,Toraji
Q123651963,male,としまる,ja,,Toshimaru
Q123651966,male,とうたろう,ja,,Tōtarō
Q123651988,male,つねきち,ja,,Tsunekichi
Q123652012,male,つねたろう,ja,,Tsunetarō
Q123652089,male,とよふみ,ja,,Toyofumi
Q123652139,female,やすか,ja,,Yasuka
Q123652146,male,やすすけ,ja,,Yasusuke
Q123652148,male,やすつぐ,ja,,Yasutsugu
Q123652172,male,よしあつ,ja,,Yoshiatsu
Q123652182,male,ゆいと,ja,,Yuito
Q123652185,male,ゆきふみ,ja,,Yukifumi
Q123652190,male,ゆきたか,ja,,Yukitaka
Q123652198,female,ゆきよ,ja,,Yukiyo
Q123631500,male,もりしげ,ja,,Morishige
Q123631508,female,雅子,ja,,Masako
Q123631516,male,もりゆき,ja,,Moriyuki
Q123631523,male,もときち,ja,,Motokichi
Q123631546,male,信太郎,ja,,Shintarō
Q123631554,male,もとしろう,ja,,Motoshirō
Q123631782,male,ながとし,ja,,Nagatoshi
Q123634412,female,愛美,ja,,Manami
Q123635864,male,なおひこ,ja,,Naohiko
Q123635917,male,なおきち,ja,,Naokichi
Q123635971,male,なおとし,ja,,Naotoshi
Q123636017,male,なりあき,ja,,Nariaki
Q123636056,male,のぶあつ,ja,,Nobuatsu
Q123636100,male,のぶちか,ja,,Nobuchika
Q123636154,male,のぶかた,ja,,Nobukata
Q123636193,male,のぶくに,ja,,Nobukuni
Q123636272,male,のぶみち,ja,,Nobumichi
Q123636331,male,のぶのり,ja,,Nobunori
Q7506143,male,しょうじろう,ja,,Shōjirō
Q7506161,male,しょうま,ja,,Shōma
Q33251082,male,諭,ja,,Satoshi
Q33251089,male,聰,ja,,Satoshi
Q33251095,male,慧,ja,,Satoshi
Q33251105,male,悟志,ja,,Satoshi
Q33251115,male,聡志,ja,,Satoshi
Q33251122,male,悟史,ja,,Satoshi
Q33251131,male,聖,ja,,Satoshi
Q123668354,female,美千代,ja,,Michiyo
Q123668371,unisex,信,ja,,Nobu
Q123670260,female,とよ子,ja,,Toyoko
Q123670361,male,伸裕,ja,,Nobuhiro
Q123670483,female,とみ子,ja,,Tomiko
Q123670781,male,和宏,ja,,Kazuhiro
Q123676120,male,敬雄,ja,,Takao
Q123676131,female,和枝,ja,,Kazue
Q123678192,female,友喜,ja,,Yuki
Q123678226,female,祐美,ja,,Yumi
Q123679403,male,よしさだ,ja,,Yoshisada
Q123679408,male,じさぶろう,ja,,Jisaburō
Q123679421,male,げんけい,ja,,Genkei
Q123679433,male,とみたろう,ja,,Tomitarō
Q123679438,male,のりと,ja,,Norito
Q123679561,male,ちょうざぶろう,ja,,Chōzaburō
Q123679564,male,ちょうさぶろう,ja,,Chōsaburō
Q123679568,male,ごさぶろう,ja,,Gosaburō
Q123679582,male,しかお,ja,,Shikao
Q47542866,male,堅直,ja,,Katanao
Q48320707,female,あん,ja,,An
Q48551049,male,誠治,ja,,Seiji
Q48620552,female,茉美,ja,,Mami
Q48978459,male,すけのぶ,ja,,Sukenobu
Q123652226,male,太一,ja,,Taichi
Q123662966,male,ちょうぞう,ja,,Chōzō
Q123668323,female,富士美,ja,,Fujimi
Q30219108,male,潔,ja,,Kiyoshi
Q30219123,male,清志,ja,,Kiyoshi
Q30219132,male,清司,ja,,Kiyoshi
Q30219142,male,聖,ja,,Kiyoshi
Q30219153,male,浄,ja,,Kiyoshi
Q30219167,male,澄,ja,,Kiyoshi
Q125553265,male,きちのすけ,ja,,Kichinosuke
Q125553285,male,あきちか,ja,,Akichika
Q125559368,male,光治良,ja,,Kōjirō
Q125560709,male,てるひで,ja,,Teruhide
Q125564044,male,ぜんのすけ,ja,,Zennosuke
Q125566730,female,ねね,ja,,Nene
Q125566902,male,しげきち,ja,,Shigekichi
Q125566932,male,とよひこ,ja,,Toyohiko
Q125568086,female,容子,ja,,Yōko
Q125568085,female,陽子,ja,,Yōko
Q125576799,male,きちごろう,ja,,Kichigorō
Q125578241,female,瑶子,ja,,Yōko
Q125580521,male,さぶろうすけ,ja,,Saburōsuke
Q125592869,female,みうな,ja,,Miuna
Q125622232,male,大,ja,,Dai
Q125661260,female,ゆに,ja,,Yuni
Q125661892,unisex,雅美,ja,,Masami
Q125681656,female,ことの,ja,,Kotono
Q125687703,male,とりお,ja,,Torio
Q125691688,male,たかもり,ja,,Takamori
Q125694740,male,嘉雄,ja,,Yoshio
Q125704803,male,ひさき,ja,,Hisaki
Q125722069,male,ひさあき,ja,,Hisaaki
Q125728931,unisex,のあ,ja,,Noa
Q33251140,male,智志,ja,,Satoshi
Q33251150,male,哲史,ja,,Satoshi
Q33251159,male,暁,ja,,Satoshi
Q33251167,male,訓,ja,,Satoshi
Q33251177,male,賢,ja,,Satoshi
Q33251187,male,悟,ja,,Satoshi
Q33306217,male,正俊,ja,,Masatoshi
Q33306940,male,正敏,ja,,Masatoshi
Q33306946,male,雅俊,ja,,Masatoshi
Q33306953,male,正利,ja,,Masatoshi
Q33306960,male,政敏,ja,,Masatoshi
Q33306967,male,政利,ja,,Masatoshi
Q33306974,male,昌利,ja,,Masatoshi
Q33306982,male,政俊,ja,,Masatoshi
Q33306990,male,正寿,ja,,Masatoshi
Q33307003,male,雅敏,ja,,Masatoshi
Q33307012,male,昌俊,ja,,Masatoshi
Q33307018,male,正年,ja,,Masatoshi
Q33397170,male,ひさとし,ja,,Hisatoshi
Q33397181,male,ヒサトシ,ja,,Hisatoshi
Q33397191,male,永灯至,ja,,Hisatoshi
Q33397203,male,久寿,ja,,Hisatoshi
Q33397213,male,久俊,ja,,Hisatoshi
Q33397224,male,久智,ja,,Hisatoshi
Q33397233,male,久般,ja,,Hisatoshi
Q33397245,male,久敏,ja,,Hisatoshi
Q33397255,male,久利,ja,,Hisatoshi
Q33397266,male,久壽,ja,,Hisatoshi
Q33397277,male,尚利,ja,,Hisatoshi
Q34632449,unisex,真琴,ja,,Makoto
Q34632471,unisex,眞琴,ja,,Makoto
Q34632497,male,誠,ja,,Makoto
Q30103187,male,光司,ja,,Kōji
Q30103190,male,孝次,ja,,Kōji
Q30103191,male,宏治,ja,,Kōji
Q30103189,male,孝二,ja,,Kōji
Q30103192,male,康司,ja,,Kōji
Q30103193,male,弘二,ja,,Kōji
Q30103198,male,宏二,ja,,Kōji
Q30103199,male,耕司,ja,,Kōji
Q30103196,male,耕治,ja,,Kōji
Q30103197,male,公二,ja,,Kōji
Q30103203,male,光二,ja,,Kōji
Q30103201,male,康治,ja,,Kōji
Q30103206,male,浩次,ja,,Kōji
Q30103207,male,宏司,ja,,Kōji
Q30103205,male,光治,ja,,Kōji
Q30103211,male,孝司,ja,,Kōji
Q30103209,male,弘司,ja,,Kōji
Q30103214,male,浩治,ja,,Kōji
Q30103215,male,功治,ja,,Kōji
Q30103212,male,幸次,ja,,Kōji
Q30103213,male,康次,ja,,Kōji
Q30103219,male,晃二,ja,,Kōji
Q30103216,male,広司,ja,,Kōji
Q30103217,male,恒二,ja,,Kōji
Q7506247,male,しょうぞう,ja,,Shōzō
Q30668365,male,ひでただ,ja,,Hidetada
Q30752389,male,あいいちろう,ja,,Aiichirō
Q31041230,male,怜,ja,,Ren
Q33251024,male,聡,ja,,Satoshi
Q33251042,male,智,ja,,Satoshi
Q33251051,male,敏,ja,,Satoshi
Q33251062,male,哲,ja,,Satoshi
Q33251073,male,智史,ja,,Satoshi
Q34632516,unisex,真,ja,,Makoto
Q34632536,male,信,ja,,Makoto
Q34632555,male,眞,ja,,Makoto
Q34632576,male,真人,ja,,Makoto
Q34632594,male,慎,ja,,Makoto
Q34632619,male,亮,ja,,Makoto
Q34632641,male,誠人,ja,,Makoto
Q34632663,male,良,ja,,Makoto
Q34632687,male,洵,ja,,Makoto
Q34632706,male,一,ja,,Makoto
Q34632724,male,允,ja,,Makoto
Q34632741,male,真理,ja,,Makoto
Q34632769,male,忠,ja,,Makoto
Q34632785,unisex,麻琴,ja,,Makoto
Q30219195,male,淳,ja,,Kiyoshi
Q30219203,male,喜好,ja,,Kiyoshi
Q30219216,male,喜義,ja,,Kiyoshi
Q30219226,male,廉,ja,,Kiyoshi
Q30219236,male,清史,ja,,Kiyoshi
Q30219247,male,聖志,ja,,Kiyoshi
Q30238434,male,永春,ja,,Eishun
Q30315454,unisex,まさよ,ja,,Masayo
Q30315601,male,たけろう,ja,,Takerō
Q30315722,female,ふゆみ,ja,,Fuyumi
Q43592429,male,たいが,ja,,Taiga
Q85845969,male,ふみひさ,ja,,Fumihisa
Q85846004,male,ぎんじ,ja,,Ginji
Q85846096,male,ひでおみ,ja,,Hideomi
Q85846250,male,じゅんのすけ,ja,,Junnosuke
Q85846283,male,かんじ,ja,,Kanji
Q85846288,male,かずやす,ja,,Kazuyasu
Q85846312,male,きいち,ja,,Kiichi
Q85846316,male,きみひろ,ja,,Kimihiro
Q85846320,male,きんすけ,ja,,Kinsuke
Q85846321,male,きよと,ja,,Kiyoto
Q85846522,male,まひと,ja,,Mahito
Q85846532,male,まなと,ja,,Manato
Q85846559,male,まさかた,ja,,Masakata
Q85846561,male,まさきち,ja,,Masakichi
Q85846567,male,まささだ,ja,,Masasada
Q85846564,male,まさもと,ja,,Masamoto
Q85846569,male,まさとみ,ja,,Masatomi
Q85846572,male,まさつね,ja,,Masatsune
Q85846675,female,みよ,ja,,Miyo
Q85846701,male,もとかず,ja,,Motokazu
Q85846724,male,むつひこ,ja,,Mutsuhiko
Q85846792,unisex,のぶえ,ja,,Nobue
Q85846806,male,のりとし,ja,,Noritoshi
Q85846805,male,のりみち,ja,,Norimichi
Q85847051,unisex,れおな,ja,,Reona
Q85847071,male,りきお,ja,,Rikio
Q81186611,male,峰雄,ja,,Mineo
Q81186807,male,峯生,ja,,Mineo
Q81187157,male,峯雄,ja,,Mineo
Q81187881,male,嶺男,ja,,Mineo
Q81196895,female,貴世江,ja,,Kiyoe
Q81196895,female,紀代恵,ja,,Kiyoe
Q81196895,female,きよえ,ja,,Kiyoe
Q81196895,female,清江,ja,,Kiyoe
Q81196895,female,聖恵,ja,,Kiyoe
Q81261220,male,むねひさ,ja,,Munehisa
Q81262234,female,こまこ,ja,,Komako
Q81263025,male,りょうき,ja,,Ryōki
Q81903503,male,こうせい,ja,,Kōsei
Q81904181,male,碧斗,ja,,Aoto
Q81905304,female,くれあ,ja,,Kurea
Q81905683,unisex,あせい,ja,,Asei
Q81907384,female,ひまり,ja,,Himari
Q81907707,female,きょうか,ja,,Kyōka
Q81908242,female,唄菜,ja,,Utana
Q82281065,male,ためいち,ja,,Tameichi
Q83707338,female,祈,ja,,Inori
Q85528698,male,かつろう,ja,,Katsurō
Q85614251,female,希美子,ja,,Kimiko
Q85788021,unisex,なつお,ja,,Natsuo
Q85845338,male,あきとも,ja,,Akitomo
Q85845645,female,ちかげ,ja,,Chikage
Q85845772,male,だいきち,ja,,Daikichi
Q85845884,male,えんじ,ja,,Enji
Q35179860,female,舞,ja,,Mai
Q35187015,female,麻衣,ja,,Mai
Q38020304,male,顕太,ja,,Kenta
Q38022164,male,謙佑,ja,,Kensuke
Q38033625,male,大介,ja,,Daisuke
Q39056702,male,かずふみ,ja,,Kazufumi
Q40433128,female,由紀,ja,,Yuki
Q42753855,male,頼貞,ja,,Yorisada
Q43267363,unisex,こうこ,ja,,Kōko
Q5770644,male,ひろのり,ja,,Hironori
Q5771368,male,ひろと,ja,,Hiroto
Q88927256,male,幸教,ja,,Yukinori
Q88927265,male,幸典,ja,,Yukinori
Q90138372,female,恭子,ja,,Kyōko
Q91099687,male,英司,ja,,Eiji
Q92982993,male,一,ja,,Hajime
Q93398284,male,慎三,ja,,Shinzō
Q93595414,male,憲一郎,ja,,Ken'ichirō
Q93740179,male,景,ja,,Kei
Q94151571,female,すみか,ja,,Sumika
Q94225277,female,ちせ,ja,,Chise
Q94295722,male,孔明,ja,,Koumei
Q94720258,unisex,光,ja,,Hikaru
Q94723373,unisex,光,ja,,Hikari
Q96103768,male,りんたろう,ja,,Rintarō
Q96382036,male,大三郎,ja,,Daizaburō
Q96418704,male,かんくたろう,ja,,Kakutarō
Q96419039,male,なりひろ,ja,,Narihiro
Q96419074,male,のりひさ,ja,,Norihisa
Q96419455,male,たかじ,ja,,Takaji
Q66730919,male,えいいちろう,ja,,Eiichirō
Q69836630,unisex,なつ,ja,,Natsu
Q69836685,unisex,せん,ja,,Sen
Q70091604,female,るん,ja,,Run
Q70344633,male,英源,ja,,Eigen
Q70896065,female,美由利,ja,,Miyuri
Q71001133,female,せいら,ja,,Seira
Q72692515,female,こまち,ja,,Komachi
Q74144693,male,太良,ja,,Tarō
Q74748756,male,鉄太郎,ja,,Tetsutarō
Q74880230,male,誠一郎,ja,,Seiichirō
Q75766052,male,茂樹,ja,,Shigeki
Q77426924,female,あさぎ,ja,,Asagi
Q80103001,female,ゆな,ja,,Yuna
Q80234487,male,真希雄,ja,,Makio
Q80866225,male,真三,ja,,Shinzō
Q80867093,male,伸三,ja,,Shinzō
Q80867891,male,信三,ja,,Shinzō
Q80868522,male,晋三,ja,,Shinzō
Q81186178,male,峰男,ja,,Mineo
Q81186407,male,峰夫,ja,,Mineo
Q7506121,male,しょうへい,ja,,Shōhei
Q6444686,female,くにこ,ja,,Kuniko
Q43904133,male,しゅんすい,ja,,Shunsui
Q46995842,female,れいら,ja,,Reira
Q47517609,female,瑞穂,ja,,Mizuho
Q7506295,male,しゅうぞう,ja,,Shūzō
Q7562253,male,そうのすけ,ja,,Sōnosuke
Q123686125,female,きぬえ,ja,,Kinue
Q6455275,male,こうさく,ja,,Kōsaku
Q85847076,male,りさぶろう,ja,,Risaburō
Q85847102,male,りょうきち,ja,,Ryōkichi
Q85847104,male,りょうや,ja,,Ryōya
Q85847123,male,さだゆき,ja,,Sadayuki
Q85847120,male,さだかつ,ja,,Sadakatsu
Q85847198,male,しげつぐ,ja,,Shigetsugu
Q85847199,female,しほり,ja,,Shihori
Q85847607,male,たいせい,ja,,Taisei
Q85847610,male,たかすけ,ja,,Takasuke
Q85847608,male,たかなお,ja,,Takanao
Q85847630,female,たづこ,ja,,Tazuko
Q85847630,female,たずこ,ja,,Tazuko
Q85847831,male,とみあき,ja,,Tomiaki
Q85847835,male,とよき,ja,,Toyoki
Q85847832,male,ともお,ja,,Tomoo
Q85847856,male,つねのぶ,ja,,Tsunenobu
Q85848096,female,ゆきか,ja,,Yukika
Q85848102,male,ぜんじ,ja,,Zenji
Q85951556,male,たいぞう,ja,,Taizō
Q86589191,male,そうへい,ja,,Sōhei
Q86663679,male,かずひで,ja,,Kazuhide
Q86915135,male,ともひと,ja,,Tomohito
Q86917635,male,ふみよし,ja,,Fumiyoshi
Q87521739,male,勇,ja,,Isamu
Q87522364,male,金一,ja,,Kin'ichi
Q87620741,male,重知,ja,,Shigeto
Q88892765,male,信彦,ja,,Nobuhiko
Q88927245,female,胡桃,ja,,Kurumi
Q48978653,male,ちかお,ja,,Chikao
Q65679977,female,公美子,ja,,Kumiko
Q65680023,female,晶子,ja,,Akiko
Q65680021,female,明子,ja,,Akiko
Q65680027,female,章子,ja,,Akiko
Q65680025,female,亜樹子,ja,,Akiko
Q65680028,female,亜希子,ja,,Akiko
Q125738987,unisex,英代,ja,,Hideyo
Q125757771,male,ただもり,ja,,Tadamori
Q125765526,unisex,窈,ja,,Yō
Q125765527,unisex,瑤,ja,,Yō
Q125765530,unisex,葉,ja,,Yō
Q125765531,unisex,揺,ja,,Yō
Q125765528,unisex,洋,ja,,Yō
Q125765532,unisex,羊,ja,,Yō
Q125779173,female,さら,ja,,Sara
Q125799867,unisex,いつき,ja,,Itsuki
Q125829881,unisex,なおみ,ja,,Naomi
Q125831375,male,りき,ja,,Riki
Q125868394,female,まりや,ja,,Mariya
Q125877568,female,かれん,ja,,Karen
Q125895456,female,れな,ja,,Rena
Q125912077,male,あつゆき,ja,,Atsuyuki
Q125937527,male,ふみまろ,ja,,Fumimaro
Q125940315,male,ながやす,ja,,Nagayasu
Q125942378,female,こよみ,ja,,Koyomi
Q125942422,female,ことな,ja,,Kotona
Q125964684,female,まりあ,ja,,Maria
Q125965492,male,弘行,ja,,Hiroyuki
Q125995132,female,なつほ,ja,,Natsuho
Q126008725,male,まさおき,ja,,Masaoki
Q126010816,male,やすさだ,ja,,Yasusada
Q126019670,female,こはね,ja,,Kohane
Q126026580,male,けんのすけ,ja,,Kennosuke
Q126032777,female,あんじゅ,ja,,Anju
Q126032935,male,てるぞう,ja,,Teruzō
Q126033056,male,よきお,ja,,Yokio
Q48978666,male,むねよし,ja,,Muneyoshi
Q48978679,male,つねひこ,ja,,Tsunehiko
Q48978702,male,ふみたか,ja,,Fumitaka
Q48978700,male,あきなり,ja,,Akinari
Q48978704,male,ゆきとし,ja,,Yukitoshi
Q48978719,male,あつのぶ,ja,,Atsunobu
Q48978716,male,かずみち,ja,,Kazumichi
Q48978723,female,あきよ,ja,,Akiyo
Q48978721,male,あきたけ,ja,,Akitake
Q48978726,male,けいざぶろう,ja,,Keizaburō
Q48978730,male,もとふみ,ja,,Motofumi
Q48978733,male,いえひろ,ja,,Iehiro
Q48978737,male,のりひで,ja,,Norihide
Q48978746,male,てつひろ,ja,,Tetsuhiro
Q48978744,male,たけゆき,ja,,Takeyuki
Q48980459,male,てつのすけ,ja,,Tetsunosuke
Q48980456,male,たつのすけ,ja,,Tatsunosuke
Q48980461,male,まさなり,ja,,Masanari
Q48980474,male,としなお,ja,,Toshinao
Q48980524,female,あゆこ,ja,,Ayuko
Q48980723,male,さだお,ja,,Sadao
Q7506260,male,シュウゴ,ja,,Shūgo
Q7506260,male,しゅうご,ja,,Shūgo
Q7506285,male,しゅうさく,ja,,Shūsaku
Q7506289,male,しゅうた,ja,,Shūta
Q96676646,male,忠左衛門,ja,,Chūzaemon
Q96707226,male,ちへい,ja,,Chihei
Q96743052,male,もりみち,ja,,Morimichi
Q96758155,male,てるみつ,ja,,Terumitsu
Q97128997,male,たかもと,ja,,Takamoto
Q97162069,male,けんろう,ja,,Kenrō
Q97375707,male,ひでひろ,ja,,Hidehiro
Q97482121,unisex,はるま,ja,,Haruma
Q65680030,female,彰子,ja,,Akiko
Q65680029,female,安喜子,ja,,Akiko
Q65680034,female,亜季子,ja,,Akiko
Q65680032,female,昭子,ja,,Akiko
Q65680033,female,璋子,ja,,Akiko
Q65680036,female,暁子,ja,,Akiko
Q65680037,female,亜紀子,ja,,Akiko
Q65683582,female,麻美,ja,,Asami
Q65683609,female,美奈子,ja,,Minako
Q65683622,male,竜三,ja,,Ryūzō
Q65683623,male,重夫,ja,,Shigeo
Q65683699,female,志織,ja,,Shiori
Q65683696,male,勘三郎,ja,,Kanzaburō
Q65683697,female,信子,ja,,Nobuko
Q65684189,male,文一,ja,,Bun'ichi
Q65965698,male,たくし,ja,,Takushi
Q66466893,male,いいちろう,ja,,Iichirō
Q66467350,male,ふみゆき,ja,,Fumiyuki
Q66467369,male,かずもと,ja,,Kazumoto
Q66660198,female,奏音,ja,,Kanon
Q66730910,male,やすおみ,ja,,Yasuomi
Q48980735,male,まさのすけ,ja,,Masanosuke
Q48980754,male,とういち,ja,,Tōichi
Q48980752,male,従道,ja,,Tsugumichi
Q48980783,female,たまみ,ja,,Tamami
Q48980780,male,さんきち,ja,,Sankichi
Q48980813,male,きょうご,ja,,Kyōgo
Q48980832,male,しゅんた,ja,,Shunta
Q48980993,male,さだかず,ja,,Sadakazu
Q48981024,male,よしずみ,ja,,Yoshizumi
Q48981034,male,けんし,ja,,Kenshi
Q48981037,male,つぐとし,ja,,Tsugutoshi
Q48981045,male,ひろおみ,ja,,Hiroomi
Q48981050,male,ひろお,ja,,Hiroo
Q48981069,male,これちか,ja,,Korechika
Q48981074,male,こうろう,ja,,Kōrō
Q48981081,male,ゆきしげ,ja,,Yukishige
Q48981089,female,ののか,ja,,Nonoka
Q48981108,male,えいたろう,ja,,Eitarō
Q48981394,male,としよし,ja,,Toshiyoshi
Q48981641,male,たかはる,ja,,Takaharu
Q48981685,male,まきと,ja,,Makito
Q48981689,male,しゅんご,ja,,Shungo
Q48981699,male,ちゅうじろう,ja,,Chūjirō
Q48981735,male,いつお,ja,,Itsuo
Q48981837,male,たつぞう,ja,,Tatsuzō
Q7506219,male,しょうた,ja,,Shōta
Q7506216,male,しょうすけ,ja,,Shōsuke
Q126036169,female,亜弥,ja,,Aya
Q126176781,female,美羽,ja,,Mihane
Q126049793,male,とよぞう,ja,,Toyozō
Q126049882,male,しゅういつ,ja,,Shūitsu
Q126049988,male,ゆきあき,ja,,Yukiaki
Q126064257,male,たいと,ja,,Taito
Q126064750,male,しんしち,ja,,Shinshichi
Q126065358,female,ちほこ,ja,,Chihoko
Q126066922,male,しげや,ja,,Shigeya
Q126069405,female,華,ja,,Hana
Q126069881,female,華那,ja,,Hana
Q126070913,female,花,ja,,Hana
Q126071388,female,花奈,ja,,Hana
Q126081961,female,陽菜,ja,,Hana
Q126081991,female,花菜,ja,,Hana
Q126082174,male,よりつね,ja,,Yoritsune
Q126091325,female,みこ,ja,,Miko
Q126112308,male,義時,ja,,Yoshitoki
Q126120548,female,真彩,ja,,Maya
Q123681055,male,幹雄,ja,,Mikio
Q123681056,female,美智代,ja,,Michiyo
Q123681242,male,せいごう,ja,,Seigō
Q123681270,female,なな,ja,,Nana
Q123682558,male,しゅうま,ja,,Shūma
Q123682618,male,ふみてる,ja,,Fumiteru
Q123682736,male,もとむ,ja,,Motomu
Q123682744,male,ゆいちろう,ja,,Yuichirō
Q123684403,unisex,ちはや,ja,,Chihaya
Q123684576,unisex,りお,ja,,Rio
Q123685974,female,暢子,ja,,Yōko
Q123686044,unisex,忍,ja,,Shinobu
Q123688216,male,清一,ja,,Seiichi
Q123688257,male,尊敏,ja,,Takatoshi
Q123688272,female,外茂子,ja,,Tomoko
Q123688280,male,敏秀,ja,,Toshihide
Q123688338,male,芳朗,ja,,Yoshirō
Q123688348,female,洋護,ja,,Yōko
Q123688365,female,綾子,ja,,Ayako
Q123688394,male,健二,ja,,Kenji
Q123688420,male,兼敏,ja,,Kanetoshi
Q7635753,male,すけとし,ja,,Suketoshi
Q7637135,male,すみお,ja,,Sumio
Q7638831,male,すなお,ja,,Sunao
Q123686076,female,みや子,ja,,Miyako
Q123686114,female,明美,ja,,Akemi
Q7635159,male,すぐる,ja,,Suguru
Q7635746,male,すけまさ,ja,,Sukemasa
Q7635744,male,すけひろ,ja,,Sukehiro
Q7674305,male,ただまさ,ja,,Tadamasa
Q7674318,male,ただなお,ja,,Tadanao
Q7674319,male,ただなが,ja,,Tadanaga
Q126125575,male,さだいち,ja,,Sadaichi
Q126126285,male,しょうごろう,ja,,Shōgorō
Q126126294,male,くまお,ja,,Kumao
Q126127190,male,ひょうたろう,ja,,Hyōtarō
Q126134897,male,かねふみ,ja,,Kanefumi
Q126135036,male,たろうえもん,ja,,Tarōemon
Q126141594,male,てつじろう,ja,,Tetsujirō
Q126163350,male,なおしげ,ja,,Naoshige
Q126163375,male,ながしげ,ja,,Nagashige
Q126163394,male,すえさぶろう,ja,,Suesaburō
Q126163463,male,すえしげ,ja,,Sueshige
Q126172208,male,すてぞう,ja,,Sutezō
Q126176736,female,璃子,ja,,Riko
Q123694672,male,力,ja,,Tsutomu
Q123694683,male,晃一,ja,,Kōichi
Q123694775,male,善憲,ja,,Yoshinori
Q123694788,male,道明,ja,,Michiaki
Q123694808,male,弘敏,ja,,Hirotoshi
Q96419458,female,たまこ,ja,,Tamako
Q96633129,male,一太郎,ja,,Ichitarō
Q96654236,male,優樹,ja,,Yūki
Q57176327,male,せいさく,ja,,Seisaku
Q57176581,male,どうかん,ja,,Dōkan
Q57176699,female,ひさ,ja,,Hisa
Q57176779,male,きじろう,ja,,Kijirō
Q57176965,male,あとり,ja,,Atori
Q57196212,male,しゅんぼく,ja,,Shunboku
Q57196572,male,ちんねん,ja,,Chinnen
Q57196651,male,たきじろう,ja,,Takijirō
Q57206353,male,ますじろう,ja,,Masujirō
Q57209298,male,でんじろう,ja,,Denjirō
Q57209444,male,こうとう,ja,,Kōtō
Q57209774,male,うじひろ,ja,,Ujihiro
Q57210023,unisex,春野,ja,,Haruno
Q57210547,male,ふさまつ,ja,,Fusamatsu
Q57210838,male,じんのじょう,ja,,Jinnojō
Q57212074,male,げんどう,ja,,Gendō
Q57227191,male,きろく,ja,,Kiroku
Q123686150,female,節子,ja,,Setsuko
Q123686171,female,寿子,ja,,Hisako
Q123686179,unisex,好美,ja,,Yoshimi
Q7674324,male,ただお,ja,,Tadao
Q99238527,male,たみお,ja,,Tamio
Q99245670,male,たつひさ,ja,,Tatsuhisa
Q99654615,male,りつぞう,ja,,Ritsuzō
Q99662134,male,たけまさ,ja,,Takemasa
Q99753465,male,そうきち,ja,,Sōkichi
Q99754053,male,治一,ja,,Haruhito
Q99883931,male,きゅう,ja,,Kyū
Q99883983,male,もとじろう,ja,,Motojirō
Q99884623,male,そうじ,ja,,Sōji
Q99885555,female,ほなみ,ja,,Honami
Q99961954,male,みちひら,ja,,Michihira
Q100165466,male,ながひろ,ja,,Nagahiro
Q100197575,male,ひさたか,ja,,Hisataka
Q100205558,male,ますお,ja,,Masuo
Q100235426,male,寿一,ja,,Juichi
Q100235426,male,壽一,ja,,Juichi
Q100489250,male,やすごろう,ja,,Yasugorō
Q100711631,male,圭悟,ja,,Keigo
Q100712149,male,きんのすけ,ja,,Kinnosuke
Q100891493,female,あげは,ja,,Ageha
Q97516266,male,さちひこ,ja,,Sachihiko
Q97650679,unisex,かける,ja,,Kakeru
Q97650679,unisex,カケル,ja,,Kakeru
Q97657306,unisex,たつみ,ja,,Tatsumi
Q97696590,male,まふみ,ja,,Mafumi
Q97724943,male,たつよし,ja,,Tatsuyoshi
Q126176862,female,阳菜,ja,,Hina
Q48981840,female,ふうか,ja,,Fūka
Q48981856,male,清太郎,ja,,Seitarō
Q48981862,female,ふみの,ja,,Fumino
Q48981863,unisex,ふみよ,ja,,Fumiyo
Q48981895,male,みきと,ja,,Mikito
Q48981900,female,ななえ,ja,,Nanae
Q48981923,male,やすたろう,ja,,Yasutarō
Q49316647,male,ふとし,ja,,Futoshi
Q50034615,male,とらのすけ,ja,,Toranosuke
Q50367840,male,りきや,ja,,Rikiya
Q50817637,female,りか,ja,,Rika
Q51575373,male,雄太,ja,,Yūta
Q51576258,male,雄大,ja,,Yūta
Q51577113,male,優汰,ja,,Yūta
Q51577319,male,勇太,ja,,Yūta
Q51577921,male,佑太,ja,,Yūta
Q51578922,male,祐太,ja,,Yūta
Q51579586,male,裕太,ja,,Yūta
Q123701916,male,まんいち,ja,,Man'ichi
Q123701920,male,まんいちろう,ja,,Man'ichirō
Q123701924,male,いきち,ja,,Ikichi
Q123701935,male,いわきち,ja,,Iwakichi
Q123701966,male,つねたけ,ja,,Tsunetake
Q123701965,male,なみすけ,ja,,Namisuke
Q123701971,male,かめたろう,ja,,Kametarō
Q123702023,male,ひとふみ,ja,,Hitofumi
Q123702021,male,ひゃくろう,ja,,Hyakurō
Q123702025,male,またごろう,ja,,Matagorō
Q123702031,male,ふくぞう,ja,,Fukuzō
Q123702035,male,しげまる,ja,,Shigemaru
Q123702042,male,たけさぶろう,ja,,Takesaburō
Q123702043,male,りつと,ja,,Ritsuto
Q123702053,male,みねぞう,ja,,Minezō
Q123702095,male,ただじ,ja,,Tadaji
Q123702099,male,ちよまつ,ja,,Chiyomatsu
Q123702109,male,ようのすけ,ja,,Yōnosuke
Q123702114,male,きくしろう,ja,,Kikushirō
Q123702755,female,美佐紀,ja,,Misaki
Q123702849,male,義憲,ja,,Yoshinori
Q123702877,male,大輝,ja,,Taiki
Q123703927,female,祐紀子,ja,,Yukiko
Q123717476,male,走,ja,,Hashiru
Q123686129,female,桐香,ja,,Kirika
Q7674401,male,ただつね,ja,,Tadatsune
Q98113939,male,へいぞう,ja,,Heizō
Q98412808,male,尚志,ja,,Hisashi
Q98456594,male,まさふさ,ja,,Masafusa
Q98534619,male,かつえい,ja,,Katsuei
Q98604157,male,京介,ja,,Kyōsuke
Q98695301,male,ゆきやす,ja,,Yukiyasu
Q98713203,male,徳宏,ja,,Tokuhiro
Q98931351,male,一輝,ja,,Itsuki
Q98931352,male,一輝,ja,,Kazuki
Q57227470,male,けんざぶろう,ja,,Kenzaburō
Q57227649,male,すえお,ja,,Sueo
Q57228039,male,たかちか,ja,,Takachika
Q57228580,unisex,さかえ,ja,,Sakae
Q57228681,male,しげま,ja,,Shigema
Q57616711,male,つぐお,ja,,Tsuguo
Q57771703,unisex,よしえ,ja,,Yoshie
Q57771746,female,とうこ,ja,,Tōko
Q57772179,female,みお,ja,,Mio
Q57776938,female,えりか,ja,,Erika
Q57832936,male,あきはる,ja,,Akiharu
Q57937698,female,るりか,ja,,Rurika
Q58184261,female,ゆうあ,ja,,Yūa
Q58202856,female,まゆか,ja,,Mayuka
Q58341376,female,ゆうみ,ja,,Yūmi
Q58344877,female,みな,ja,,Mina
Q58620312,female,るりこ,ja,,Ruriko
Q58684845,female,あみ,ja,,Ami
Q126176825,female,梨々菜,ja,,Ririna
Q123688190,male,修平,ja,,Shūhei
Q55641119,female,みずえ,ja,,Mizue
Q55641902,male,すみひろ,ja,,Sumihiro
Q55641901,male,すけゆき,ja,,Sukeyuki
Q55642213,male,たすく,ja,,Tasuku
Q55644253,male,なつひこ,ja,,Natsuhiko
Q56044468,male,武尊,ja,,Takeru
Q56186310,male,ごう,ja,,Gō
Q56379766,female,ゆきみ,ja,,Yukimi
Q56476975,male,莫宏,ja,,Mohiro
Q56605750,male,おきさだ,ja,,Okisada
Q56706524,male,りつろう,ja,,Ritsurō
Q56708233,female,ほのか,ja,,Honoka
Q56721457,female,かおるこ,ja,,Kaoruko
Q56819184,female,きぬこ,ja,,Kinuko
Q56877855,female,りよ,ja,,Riyo
Q57087003,male,ひょうえ,ja,,Hyōe
Q51580025,male,憂太,ja,,Yūta
Q51580347,male,有太,ja,,Yūta
Q51580821,male,由太,ja,,Yūta
Q51581877,male,湧太,ja,,Yūta
Q51582142,male,友太,ja,,Yūta
Q51621490,male,悠太,ja,,Yūta
Q55073126,male,亮平,ja,,Ryōhei
Q55073263,male,しゅうめい,ja,,Shūmei
Q55078713,female,かなみ,ja,,Kanami
Q55639204,female,ありさ,ja,,Arisa
Q55639208,male,あさひこ,ja,,Asahiko
Q55639538,male,だいさく,ja,,Daisaku
Q55639757,male,ふみのり,ja,,Fuminori
Q55639882,male,ひでや,ja,,Hideya
Q55639883,unisex,ひふみ,ja,,Hifumi
Q55640206,female,かのこ,ja,,Kanoko
Q97798650,male,たけしろう,ja,,Takeshirō
Q97971193,unisex,一穂,ja,,Kazuho
Q98023016,male,せいじゅん,ja,,Seijun
Q98084634,male,ひろなお,ja,,Hironao
Q123688700,male,賢斗,ja,,Kento
Q123692536,female,真理子,ja,,Mariko
Q123693649,male,ひょういちろう,ja,,Hyōichirō
Q123693656,male,きよたけ,ja,,Kiyotake
Q123693661,male,まんじろう,ja,,Manjirō
Q123693665,male,ますひこ,ja,,Masuhiko
Q123693670,male,たつごろう,ja,,Tatsugorō
Q123693669,male,かくじ,ja,,Kakuji
Q123693679,male,のぶもと,ja,,Nobumoto
Q123693686,male,しんくま,ja,,Shinkuma
Q123693694,male,いえはる,ja,,Ieharu
Q123693693,male,とよお,ja,,Toyoo
Q123693697,male,よりひろ,ja,,Yorihiro
Q123693703,male,りきさぶろう,ja,,Rikisaburō
Q123693710,male,もりかず,ja,,Morikazu
Q123693712,male,たかと,ja,,Takato
Q123693713,male,しげたけ,ja,,Shigetake
Q123693757,male,ひろはる,ja,,Hiroharu
Q123693760,male,ていすけ,ja,,Teisuke
Q123693770,male,りんきち,ja,,Rinkichi
Q123693779,male,ごろく,ja,,Goroku
Q123693777,male,よじろう,ja,,Yojirō
Q123693783,male,このすけ,ja,,Konosuke
Q123693781,male,ともぞう,ja,,Tomozō
Q123693785,male,とうた,ja,,Tōta
Q123694250,female,愛実,ja,,Emi
Q123694276,male,茂満,ja,,Shigemitsu
Q123694301,male,義昭,ja,,Yoshiaki
Q123694304,male,幸弘,ja,,Yukihiro
Q123694312,male,栄士,ja,,Eishi
Q123694337,male,隆夫,ja,,Takao
Q123694345,male,忠男,ja,,Tadao
Q123694356,male,裕介,ja,,Yūsuke
Q123694373,male,勝志,ja,,Katsushi
Q123694378,male,智彦,ja,,Tomohiko
Q126176865,female,心菜,ja,,Kokona
Q7674406,male,ただよし,ja,,Tadayoshi
Q7674762,female,たえこ,ja,,Taeko
Q7675904,male,太一郎,ja,,Taichirō
Q7674281,male,ただひろ,ja,,Tadahiro
Q7674296,male,ただかつ,ja,,Tadakatsu
Q7651139,female,すずえ,ja,,Suzue
Q7674265,male,ただあき,ja,,Tadaaki
Q98931353,male,一輝,ja,,Kazuteru
Q98931675,male,一輝,ja,,Ikki
Q98931705,male,一輝,ja,,Katsuteru
Q98968157,male,のりひと,ja,,Norihito
Q126176763,female,奏乃,ja,,Kanano
Q7674272,male,ただふみ,ja,,Tadafumi
Q7674273,male,ただはる,ja,,Tadaharu
Q7674277,male,ただひこ,ja,,Tadahiko
Q7675990,male,たいいち,ja,,Taiichi
Q58785503,unisex,みち,ja,,Michi
Q58785506,female,みはる,ja,,Miharu
Q58785509,female,みるく,ja,,Miruku
Q58785514,female,もえ,ja,,Moe
Q58785512,female,めい,ja,,Mei
Q58785516,female,もえみ,ja,,Moemi
Q58785517,unisex,やすよ,ja,,Yasuyo
Q58785520,female,ゆかこ,ja,,Yukako
Q58785527,female,ゆめ,ja,,Yume
Q58785525,unisex,ゆま,ja,,Yuma
Q58785529,female,ゆりな,ja,,Yurina
Q58785534,female,りおん,ja,,Rion
Q58785536,female,りこ,ja,,Riko
Q58785540,female,りりか,ja,,Ririka
Q58785541,female,りりこ,ja,,Ririko
Q58785548,female,れいな,ja,,Reina
Q58785364,female,さえ,ja,,Sae
Q58785365,female,さえこ,ja,,Saeko
Q58785371,unisex,さち,ja,,Sachi
Q58785374,unisex,さなえ,ja,,Sanae
Q58785378,female,さほこ,ja,,Sahoko
Q58785382,female,さや,ja,,Saya
Q58785387,female,しほこ,ja,,Shihoko
Q58785388,female,じゅんな,ja,,Junna
Q58785393,female,しんこ,ja,,Shinko
Q58785402,unisex,せい,ja,,Sei
Q58785400,female,すみよ,ja,,Sumiyo
Q58785407,female,せりか,ja,,Serika
Q58785404,male,せいこう,ja,,Seikō
Q58785405,unisex,せつ,ja,,Setsu
Q58785411,female,たかよ,ja,,Takayo
Q58785408,female,そのこ,ja,,Sonoko
Q58785409,female,たいこ,ja,,Taiko
Q58785417,female,たみこ,ja,,Tamiko
Q57087471,male,たけじ,ja,,Takeji
Q57087707,unisex,ひびき,ja,,Hibiki
Q57088102,female,歩美,ja,,Ayumi
Q57088426,male,これきよ,ja,,Korekiyo
Q57088512,male,たく,ja,,Taku
Q57089372,male,そうりん,ja,,Sōrin
Q57137425,male,ともる,ja,,Tomoru
Q57176195,male,ちょうふ,ja,,Chōfu
Q57176279,male,なんぽ,ja,,Nanpo
Q123694404,unisex,純,ja,,Jun
Q123694412,male,宏気,ja,,Hiroki
Q123694442,male,勝也,ja,,Katsuya
Q123694454,unisex,薫,ja,,Kaoru
Q123694483,female,広美,ja,,Hiromi
Q123694529,male,宏司,ja,,Hiroshi
Q123694556,female,美津代,ja,,Mitsuyo
Q123694566,male,貴昭,ja,,Takaaki
Q123694591,male,剛士,ja,,Tsuyoshi
Q123694598,male,克英,ja,,Katsuhide
Q123694601,male,肇,ja,,Hajime
Q123694609,male,一征,ja,,Issei
Q123694614,male,文武,ja,,Fumitake
Q123694629,male,敏弘,ja,,Toshihiro
Q123694645,male,章夫,ja,,Akio
Q123694651,male,篤人,ja,,Atsuhito
Q126196205,female,奈緒,ja,,Nao
Q126176899,female,海妃,ja,,Mei
Q58785474,female,まいか,ja,,Maika
Q58785472,female,ふくこ,ja,,Fukuko
Q58785473,female,ふたば,ja,,Futaba
Q58785477,unisex,まお,ja,,Mao
Q58785486,female,まほ,ja,,Maho
Q58785490,female,まり,ja,,Mari
Q58785491,female,まりん,ja,,Marin
Q58785495,female,みく,ja,,Miku
Q7677481,male,たかよし,ja,,Takayoshi
Q123717676,female,菜保,ja,,Nao
Q123718870,female,由希乃,ja,,Yukino
Q58785419,female,ちさ,ja,,Chisa
Q58785425,unisex,ちとせ,ja,,Chitose
Q58785431,female,としえ,ja,,Toshie
Q58785435,female,なほ,ja,,Naho
Q58785433,unisex,ともえ,ja,,Tomoe
Q58785436,female,なほこ,ja,,Nahoko
Q58785440,female,なみ,ja,,Nami
Q58785446,female,のん,ja,,Non
Q58785445,female,のりえ,ja,,Norie
Q58785450,female,はつこ,ja,,Hatsuko
Q58785454,female,はな,ja,,Hana
Q58785453,unisex,はつみ,ja,,Hatsumi
Q58785456,female,はなよ,ja,,Hanayo
Q58785462,unisex,はるの,ja,,Haruno
Q58785460,female,はるえ,ja,,Harue
Q58785465,male,ひでぶみ,ja,,Hidebumi
Q58785470,unisex,ひなた,ja,,Hinata
Q58785471,female,ふきこ,ja,,Fukiko
Q60787425,male,なおはる,ja,,Naoharu
Q58781696,female,みか,ja,,Mika
Q58782017,unisex,ゆうこう,ja,,Yūkō
Q58782357,female,みえ,ja,,Mie
Q58785318,unisex,あき,ja,,Aki
Q58785322,female,ありこ,ja,,Ariko
Q58785334,female,うみ,ja,,Umi
Q58785332,female,いろは,ja,,Iroha
Q58785333,female,うさぎ,ja,,Usagi
Q58785339,female,えな,ja,,Ena
Q58785337,female,えいみ,ja,,Eimi
Q58785342,unisex,かえで,ja,,Kaede
Q58785347,female,かよ,ja,,Kayo
Q58785344,female,花音,ja,,Kanon
Q58785350,female,きえ,ja,,Kie
Q58785351,female,きみえ,ja,,Kimie
Q58785354,unisex,きょう,ja,,Kyō
Q58785358,female,このみ,ja,,Konomi
Q58785357,unisex,きよみ,ja,,Kiyomi
Q58785361,female,さいこ,ja,,Saiko
Q60785741,male,のぶただ,ja,,Nobutada
Q60785804,male,ひさはる,ja,,Hisaharu
Q60785815,male,けんや,ja,,Ken'ya
Q60786070,male,りゅうし,ja,,Ryūshi
Q60786123,male,しょういちろう,ja,,Shōichirō
Q60786197,male,さだひろ,ja,,Sadahiro
Q60786318,male,たくむ,ja,,Takumu
Q60786341,male,りょうが,ja,,Ryōga
Q60786369,male,ひさいち,ja,,Hisaichi
Q60786387,unisex,あつき,ja,,Atsuki
Q60786385,male,りゅうじろう,ja,,Ryūjirō
Q60786392,male,こうざぶろう,ja,,Kōzaburō
Q60787372,female,まあや,ja,,Maaya
Q7674394,male,ただたか,ja,,Tadataka
Q7674398,male,ただつぐ,ja,,Tadatsugu
Q7674397,male,ただとし,ja,,Tadatoshi
Q101375504,male,ゆきと,ja,,Yukito
Q101734251,male,力也,ja,,Rikiya
Q102111976,male,弘文,ja,,Hirofumi
Q102168838,female,花子,ja,,Hanako
Q102246121,female,ななほ,ja,,Nanaho
Q102279548,female,ナコ,ja,,Nako
Q102279548,female,なこ,ja,,Nako
Q102407550,male,ゆうご,ja,,Yūgo
Q102407586,male,ゆうごう,ja,,Yūgō
Q102408239,male,しょうきち,ja,,Shōkichi
Q103888307,male,たいいちろう,ja,,Taiichirō
Q103888421,male,たいちろう,ja,,Taichirō
Q103888902,unisex,怜美,ja,,Satomi
Q104176270,unisex,とらみ,ja,,Torami
Q104373025,male,基博,ja,,Motohiro
Q104521967,male,徳久,ja,,Tokuhisa
Q104522972,male,のぶしげ,ja,,Nobushige
Q104537887,male,其一,ja,,Kiitsu
Q104587914,unisex,うしお,ja,,Ushio
Q104600565,male,りゅうき,ja,,Ryūki
Q104636248,unisex,むつみ,ja,,Mutsumi
Q126176861,female,天乃,ja,,Sorano
Q7676441,male,たいすけ,ja,,Taisuke
Q7676971,male,たかあき,ja,,Takaaki
Q7677004,male,たかふみ,ja,,Takafumi
Q123730883,male,かずつぐ,ja,,Kazutsugu
Q123730984,male,にぞう,ja,,Nizō
Q123734308,male,ぶんすけ,ja,,Bunsuke
Q123734316,male,じんすけ,ja,,Jinsuke
Q123734323,male,じすけ,ja,,Jisuke
Q123734366,male,みきひろ,ja,,Mikihiro
Q123735422,unisex,望,ja,,Nozomi
Q123735421,female,優歩,ja,,Yūho
Q123735494,female,陽花,ja,,Haruka
Q123735495,female,恵利奈,ja,,Erina
Q123735496,female,栞,ja,,Shiori
Q123735538,male,達哉,ja,,Tatsuya
Q123735570,female,夏稀,ja,,Natsuki
Q123735654,male,和弥,ja,,Kazuya
Q123735730,male,駿介,ja,,Shunsuke
Q123735733,male,好喜,ja,,Yoshiki
Q123735755,unisex,黎,ja,,Rei
Q123738839,male,かん,ja,,Kan
Q123738883,male,寛,ja,,Kan
Q123739423,male,公平,ja,,Kōhei
Q104650340,male,忠春,ja,,Tadaharu
Q104662203,male,くまきち,ja,,Kumakichi
Q104704625,male,しんざぶろう,ja,,Shinzaburō
Q104746795,male,やすひと,ja,,Yasuhito
Q104841812,male,せつじ,ja,,Setsuji
Q104897919,female,沙弥香,ja,,Sayaka
Q104903744,female,紗耶香,ja,,Sayaka
Q105047477,male,まるお,ja,,Maruo
Q105079768,male,すえひろ,ja,,Suehiro
Q105272583,male,たかいち,ja,,Takaichi
Q105320767,male,やすなが,ja,,Yasunaga
Q105419260,unisex,かなた,ja,,Kanata
Q105514521,male,ふゆき,ja,,Fuyuki
Q105576162,male,喜一,ja,,Kiichi
Q105581445,female,のどか,ja,,Nodoka
Q105594425,male,しげみち,ja,,Shigemichi
Q105603741,male,きみひこ,ja,,Kimihiko
Q105605562,male,生,ja,,Iku
Q105606321,male,ゆきなが,ja,,Yukinaga
Q105632313,male,ちゅうじ,ja,,Chūji
Q105659010,male,ゆうま,ja,,Yūma
Q105700842,male,ゆうぞう,ja,,Yūzō
Q105713150,male,よしただ,ja,,Yoshitada
Q105785333,female,すみえ,ja,,Sumie
Q105800707,male,啓太,ja,,Keita
Q58785498,female,みさと,ja,,Misato
Q58785499,female,みすず,ja,,Misuzu
Q58785496,female,みさ,ja,,Misa
Q58785502,female,みずほ,ja,,Mizuho
Q105839803,female,千絵,ja,,Chie
Q105846303,male,雅洋,ja,,Masahiro
Q105846349,male,孝介,ja,,Kōsuke
Q105963173,male,よしじ,ja,,Yoshiji
Q105968734,male,ひさとよ,ja,,Hisatoyo
Q106035164,male,晋太郎,ja,,Shintarō
Q106061849,male,昌悟,ja,,Shōgo
Q106072141,male,市郎,ja,,Ichirō
Q106088680,female,さゆき,ja,,Sayuki
Q106098411,male,またしち,ja,,Matashichi
Q106205755,male,冬一,ja,,Toichi
Q106217728,male,ふみかず,ja,,Fumikazu
Q106232684,male,わへい,ja,,Wahei
Q106242758,male,達也,ja,,Tatsuya
Q106269781,male,しゅうや,ja,,Shūya
Q106374763,unisex,智優,ja,,Chihiro
Q106377903,female,るな,ja,,Runa
Q106387850,unisex,佳美,ja,,Yoshimi
Q106387920,male,良輔,ja,,Ryōsuke
Q106395655,male,良助,ja,,Ryōsuke
Q106395785,male,みつおき,ja,,Mitsuoki
Q106423029,unisex,直美,ja,,Naomi
Q123739667,male,裕次郎,ja,,Yūjirō
Q7677432,male,たかとし,ja,,Takatoshi
Q110514847,male,ゆみひこ,ja,,Yumihiko
Q110567212,male,紀綱,ja,,Noritsuna
Q110621925,female,美恵,ja,,Mie
Q110627067,male,文雄,ja,,Fumio
Q110627210,male,文雄,ja,,Bun'yū
Q110655578,male,信宏,ja,,Nobuhiro
Q110678098,female,麗華,ja,,Reika
Q110694868,male,武雄,ja,,Takeo
Q110728879,male,もりよし,ja,,Moriyoshi
Q110751113,male,しげいち,ja,,Shigeichi
Q110764755,male,りゅうぜん,ja,,Ryūzen
Q110764846,male,りょうぜん,ja,,Ryōzen
Q110884456,female,こはく,ja,,Kohaku
Q110960764,female,あり,ja,,Ari
Q111085306,male,大樹,ja,,Taiki
Q111241304,female,多恵子,ja,,Taeko
Q111339539,male,春郎,ja,,Haruo
Q111516286,male,哲彦,ja,,Tetsuhiko
Q111701717,unisex,友,ja,,Tomo
Q111729372,female,麻結,ja,,Mayu
Q111729676,female,美紗子,ja,,Misako
Q111747694,female,未紗,ja,,Misa
Q111747946,male,界人,ja,,Kaito
Q111754604,female,佐和,ja,,Sawa
Q111785164,male,羊介,ja,,Yōsuke
Q111804412,male,律男,ja,,Ritsuo
Q111915619,female,あやさ,ja,,Ayasa
Q111953135,male,俊,ja,,Shun
Q7677144,male,たかみつ,ja,,Takamitsu
Q7677193,male,たかのり,ja,,Takanori
Q108543446,male,たけのしん,ja,,Takenoshin
Q108544175,male,ひろもと,ja,,Hiromoto
Q108576376,male,三男,ja,,Mitsuo
Q108576560,male,光男,ja,,Mitsuo
Q108641406,female,しょうえん,ja,,Shōen
Q108693942,male,主馬,ja,,Shume
Q108791923,female,乃莉子,ja,,Noriko
Q108821891,male,淑郎,ja,,Yoshirō
Q108821889,male,淑郎,ja,,Shukurō
Q108861025,female,瑠麗,ja,,Ruri
Q108903348,male,しげかつ,ja,,Shigekatsu
Q108903411,male,よしとき,ja,,Yoshitoki
Q108907920,male,まさかね,ja,,Masakane
Q108916104,male,猛,ja,,Takeshi
Q108969232,male,直也,ja,,Naoya
Q108969515,male,直哉,ja,,Naoya
Q109058926,male,ろくうえもん,ja,,Rokūemon
Q109059028,male,ろくえもん,ja,,Rokuemon
Q109059224,male,くまたろう,ja,,Kumatarō
Q109134275,female,浩子,ja,,Hiroko
Q109422952,male,もとまさ,ja,,Motomasa
Q61493542,male,きみひと,ja,,Kimihito
Q61507391,female,胡夢,ja,,Kurumu
Q61827460,male,たかかず,ja,,Takakazu
Q61827489,male,めぐむ,ja,,Megumu
Q61827541,male,りんしょう,ja,,Rinshō
Q62516027,male,聖一,ja,,Seiichi
Q63107460,female,みぞれ,ja,,Mizore
Q63109835,female,もか,ja,,Moka
Q63289326,male,おきはる,ja,,Okiharu
Q64008844,male,隆邦,ja,,Takakuni
Q64025583,female,幼,ja,,Osana
Q64585287,male,つぎしげ,ja,,Tsugishige
Q64585307,male,ちょうじろう,ja,,Chōjirō
Q64585334,female,つるよ,ja,,Tsuruyo
Q64649264,male,熊楠,ja,,Kumagusu
Q64684673,female,まい,ja,,Mai
Q64761288,female,つらら,ja,,Tsurara
Q64785802,male,博文,ja,,Hirobumi
Q64785803,male,博文,ja,,Hirofumi
Q64785806,male,博史,ja,,Hirofumi
Q64785807,male,広文,ja,,Hirofumi
Q64785805,male,博文,ja,,Hakubun
Q64785808,male,宏史,ja,,Hirofumi
Q7677074,male,たかひさ,ja,,Takahisa
Q7677080,male,たかひと,ja,,Takahito
Q7677098,female,たかこ,ja,,Takako
Q7677488,male,たかゆき,ja,,Takayuki
Q7677951,male,たけあき,ja,,Takeaki
Q7677437,male,たかつぐ,ja,,Takatsugu
Q7677452,male,たかうじ,ja,,Takauji
Q126178262,male,のぶたろう,ja,,Nobutarō
Q7678034,male,たけのり,ja,,Takenori
Q123739464,male,圭一郎,ja,,Keiichirō
Q126176907,female,琉聖,ja,,Rui
Q7677968,male,たけふみ,ja,,Takefumi
Q58785549,unisex,れお,ja,,Reo
Q58787414,female,あづさ,ja,,Azusa
Q58883928,female,まこ,ja,,Mako
Q59155921,male,ときお,ja,,Tokio
Q59158886,female,ちよ,ja,,Chiyo
Q59213718,male,秋霖,ja,,Syurin
Q59612405,female,由乃,ja,,Yuno
Q59693790,unisex,にちか,ja,,Nichika
Q60335749,female,えりの,ja,,Erino
Q60339333,male,ともかつ,ja,,Tomokatsu
Q60560344,female,みくる,ja,,Mikuru
Q60619203,male,さわお,ja,,Sawao
Q60619266,male,きよまさ,ja,,Kiyomasa
Q60619358,male,ともさぶろう,ja,,Tomosaburō
Q60785139,male,はるや,ja,,Haruya
Q60785147,male,えいさく,ja,,Eisaku
Q60785579,male,いつろう,ja,,Itsurō
Q109423082,male,もとなお,ja,,Motonao
Q109423412,male,なおよし,ja,,Naoyoshi
Q109526303,unisex,圭,ja,,Kei
Q109543805,male,直亮,ja,,Naoaki
Q109570473,male,のりみつ,ja,,Norimitsu
Q109608398,male,厚人,ja,,Atsuto
Q109843491,male,路夫,ja,,Michio
Q109947600,male,一男,ja,,Kazuo
Q110017473,female,かこ,ja,,Kako
Q110062950,female,つぐこ,ja,,Tsuguko
Q110167330,male,たねひと,ja,,Tanehito
Q110172094,male,睦仁,ja,,Mutsuhito
Q110172291,male,みちひと,ja,,Michihito
Q110172701,male,てるひと,ja,,Teruhito
Q110172740,male,ゆきひと,ja,,Yukihito
Q110173428,female,ことこ,ja,,Kotoko
Q110174347,female,なるこ,ja,,Naruko
Q110174432,male,みつなる,ja,,Mitsunaru
Q110174436,male,さきみつ,ja,,Sakimitsu
Q110205348,male,欣彌,ja,,Kin'ya
Q110205417,male,欣弥,ja,,Kin'ya
Q110257140,male,一雄,ja,,Kazuo
Q110336519,male,藤吉,ja,,Tōkichi
Q107907331,female,ここな,ja,,Kokona
Q107968998,female,ちさき,ja,,Chisaki
Q107969319,male,りくと,ja,,Rikuto
Q107977846,male,せんたろう,ja,,Sentarō
Q108044246,male,やすなお,ja,,Yasunao
Q108044352,male,なおやす,ja,,Naoyasu
Q108060980,male,とよくに,ja,,Toyokuni
Q108063748,male,せいたろう,ja,,Seitarō
Q108063796,male,誠太郎,ja,,Seitarō
Q108073564,male,虎雄,ja,,Torao
Q108083219,male,かいち,ja,,Kaichi
Q108122518,male,きよひと,ja,,Kiyohito
Q108168941,male,洋吉,ja,,Yohkichi
Q108169227,male,達郎,ja,,Tatsurō
Q108239156,female,みふゆ,ja,,Mifuyu
Q108280471,female,きこ,ja,,Kiko
Q108296967,male,やじろう,ja,,Yajirō
Q108364304,male,ひでなり,ja,,Hidenari
Q108367996,male,いっしん,ja,,Isshin
Q108427173,male,いねじろう,ja,,Inejirō
Q108427187,male,ありまさ,ja,,Arimasa
Q108429639,male,くにゆき,ja,,Kuniyuki
Q108435342,male,はつのり,ja,,Hatsunori
Q108469199,male,かっぺい,ja,,Kappei
Q107370189,male,Masuda,ja,,Masuda
Q107500669,male,かがく,ja,,Kagaku
Q107579611,male,文吉,ja,,Bunkichi
Q107631602,female,真理,ja,,Mari
Q107649449,female,もみじ,ja,,Momiji
Q107650756,male,仁,ja,,Masashi
Q107674845,male,きょうのすけ,ja,,Kyōnosuke
Q107679934,female,つむぎ,ja,,Tsumugi
Q107686993,unisex,裕務,ja,,Hiromu
Q107693762,female,碧莉,ja,,Aori
Q107863425,female,うらら,ja,,Urara
Q126371634,male,じんしろう,ja,,Jinshirō
Q126371649,male,かねひさ,ja,,Kanehisa
Q126373307,male,えいせい,ja,,Eisei
Q126373329,male,ひらお,ja,,Hirao
Q126388926,unisex,直己,ja,,Naomi
Q126388929,male,直己,ja,,Naoki
Q126407205,unisex,直巳,ja,,Naomi
Q126439951,unisex,直実,ja,,Naomi
Q126481810,male,力,ja,,Riki
Q126483457,male,としかた,ja,,Toshikata
Q126485801,female,未空,ja,,Miku
Q106423824,male,喜雄,ja,,Yoshio
Q106435588,male,早飛,ja,,Hayato
Q106455768,female,なみこ,ja,,Namiko
Q106486007,male,幸男,ja,,Yukio
Q106491241,male,憲人,ja,,Kento
Q106520151,female,優子,ja,,Yūko
Q106532611,unisex,なおえ,ja,,Naoe
Q106533357,female,ななせ,ja,,Nanase
Q106533647,male,じん,ja,,Jin
Q106533960,male,よのすけ,ja,,Yonosuke
Q106539062,female,りほ,ja,,Riho
Q106607641,male,じょうたろう,ja,,Jōtarō
Q106648358,male,良樹,ja,,Yoshiki
Q106651734,female,彩音,ja,,Ayane
Q106651967,female,夏絵,ja,,Natsue
Q106657908,male,紋三,ja,,Monzō
Q106667778,male,ひでやす,ja,,Hideyasu
Q106674406,female,まりえ,ja,,Marie
Q106674419,male,利三郎,ja,,Risaburō
Q106686238,male,ゆきなり,ja,,Yukinari
Q126360868,female,知子,ja,,Tomoko
Q126361111,male,ごんろく,ja,,Gonroku
Q126361109,male,すけさぶろう,ja,,Sukesaburō
Q126361119,male,じゅんき,ja,,Junki
Q126361199,male,なおさぶろう,ja,,Naosaburō
Q126363560,male,いちろく,ja,,Ichiroku
Q126363574,male,かんぱち,ja,,Kanpachi
Q126363592,male,もとより,ja,,Motoyori
Q126364646,female,佳歩,ja,,Kaho
Q126365785,male,秀斗,ja,,Shūto
Q64785811,male,有朋,ja,,Aritomo
Q64785809,male,実美,ja,,Sanetomi
Q64785814,male,正義,ja,,Seigi
Q64785813,male,正義,ja,,Masayoshi
Q64785822,male,重靖,ja,,Shigenobu
Q64785823,male,重寛,ja,,Shigenobu
Q64785820,male,重信,ja,,Shigenobu
Q64785821,male,重延,ja,,Shigenobu
Q64785824,male,繁伸,ja,,Shigenobu
Q106687021,male,敬斗,ja,,Keito
Q106687726,male,しげひこ,ja,,Shigehiko
Q106691610,male,康玄,ja,,Yasuharu
Q106691904,male,のぶひで,ja,,Nobuhide
Q106935404,male,貴洋,ja,,Takahiro
Q106958681,female,ももね,ja,,Momone
Q107073682,male,あさじろう,ja,,Asajirō
Q107073741,male,あさたろう,ja,,Asatarō
Q107111769,male,かねお,ja,,Kaneo
Q107119197,male,ふみかつ,ja,,Fumikatsu
Q107119944,male,たきお,ja,,Takio
Q107120412,male,たかおき,ja,,Takaoki
Q107140476,male,なおじろう,ja,,Naojirō
Q107209414,male,えいと,ja,,Eito
Q107213634,male,さだのり,ja,,Sadanori
Q107249123,unisex,さくや,ja,,Sakuya
Q107264964,male,しゅんそう,ja,,Shunsō
Q107353593,female,ちぐさ,ja,,Chigusa
Q107356146,male,さだきち,ja,,Sadakichi
Q107356405,male,ていきち,ja,,Teikichi
Q107356525,male,しんろく,ja,,Shinroku
Q107356554,male,しんろくろう,ja,,Shinrokurō
Q107361488,male,りゅうきち,ja,,Ryūkichi
Q7678186,male,たけぞう,ja,,Takezō
Q7678557,male,たくま,ja,,Takuma
Q7677042,male,たかひで,ja,,Takahide
Q7677045,male,たかひこ,ja,,Takahiko
Q7681648,male,たもつ,ja,,Tamotsu
Q132732798,male,弘弥,ja,,Hiroya
Q132732838,male,紘也,ja,,Hiroya
Q132802304,male,健斗,ja,,Kento
Q132812667,male,宏祐,ja,,Hirosuke
Q132812739,male,廣介,ja,,Hirosuke
Q132812795,male,広介,ja,,Hirosuke
Q132812828,male,弘昌,ja,,Hirosuke
Q132812903,male,博資,ja,,Hirosuke
Q132812956,male,宏介,ja,,Hirosuke
Q132813005,male,広助,ja,,Hirosuke
Q132813048,male,広相,ja,,Hirosuke
Q132813078,male,寛介,ja,,Hirosuke
Q132813122,male,弘介,ja,,Hirosuke
Q132813179,male,泰佑,ja,,Hirosuke
Q132813222,male,弘祐,ja,,Hirosuke
Q132813262,male,博介,ja,,Hirosuke
Q132813543,male,宏直,ja,,Hironao
Q132816661,male,宏尚,ja,,Hironao
Q132816684,male,敬直,ja,,Hironao
Q132816700,male,廣直,ja,,Hironao
Q132816706,male,博尚,ja,,Hironao
Q132816716,male,弘尚,ja,,Hironao
Q132816723,male,弘直,ja,,Hironao
Q132816731,male,浩尚,ja,,Hironao
Q132816747,male,洋尚,ja,,Hironao
Q132816832,male,寛直,ja,,Hironao
Q132816865,male,泰直,ja,,Hironao
Q132816899,male,博直,ja,,Hironao
Q132817912,male,尚哉,ja,,Naoya
Q126202626,male,うたごろう,ja,,Utagorō
Q126202726,male,ぜんすけ,ja,,Zensuke
Q126210810,male,すがお,ja,,Sugao
Q126252416,unisex,とも,ja,,Tomo
Q126267149,male,よりお,ja,,Yorio
Q126279618,male,もとたけ,ja,,Mototake
Q126282516,female,もも,ja,,Momo
Q126283246,male,ひろとも,ja,,Hirotomo
Q126285401,unisex,尚美,ja,,Naomi
Q126327738,female,望月,ja,,Mizuki
Q126327779,female,月子,ja,,Tsukiko
Q111954883,female,多嘉子,ja,,Takako
Q111967405,male,敏彦,ja,,Toshihiko
Q111969163,male,克征,ja,,Katsuyuki
Q111969475,male,克行,ja,,Katsuyuki
Q111972632,male,勝,ja,,Masaru
Q111975727,female,杏樹,ja,,Anju
Q111976040,female,優奈,ja,,Yūna
Q111986001,female,かりん,ja,,Karin
Q111992930,female,優佳,ja,,Yuka
Q111993893,female,麻夏,ja,,Asaka
Q111994960,male,万太郎,ja,,Mantarō
Q112033483,unisex,睦樹,ja,,Mutsuki
Q112035746,male,壽男,ja,,Hisao
Q112035797,male,寿男,ja,,Hisao
Q112042332,female,あさ,ja,,Asa
Q112073136,male,森彦,ja,,Morihiko
Q112118697,male,卓,ja,,Takashi
Q112121324,male,俊浩,ja,,Toshihiro
Q112122262,male,一弘,ja,,Kazuhiro
Q112124983,male,壮一,ja,,Sōichi
Q112136228,male,晴弘,ja,,Haruhiro
Q112184068,male,悦延,ja,,Etsunobu
Q112184964,male,礼夢,ja,,Reimu
Q112229097,unisex,晴,ja,,Haru
Q112229175,male,守哉,ja,,Moriya
Q112242516,male,悦男,ja,,Etsuo
Q7677975,male,たけひこ,ja,,Takehiko
Q7677973,male,たけはる,ja,,Takeharu
Q132818334,male,直弥,ja,,Naoya
Q132818382,male,尚弥,ja,,Naoya
Q132818418,male,直矢,ja,,Naoya
Q132818452,male,尚也,ja,,Naoya
Q132851579,male,優斗,ja,,Yuto
Q7695014,male,ていじ,ja,,Teiji
Q7695023,male,ていじろう,ja,,Teijirō
Q126539442,male,またじろう,ja,,Matajirō
Q126587307,male,ちかひこ,ja,,Chikahiko
Q126587547,male,ぐんじ,ja,,Gunji
Q126588502,male,ろくいち,ja,,Rokuichi
Q126607812,male,のぶまさ,ja,,Nobumasa
Q126611494,male,かずおき,ja,,Kazuoki
Q126611658,male,へいご,ja,,Heigo
Q126611726,male,へいごろう,ja,,Heigorō
Q126616288,unisex,おりえ,ja,,Orie
Q126616420,female,花恋,ja,,Karen
Q126617859,male,としきよ,ja,,Toshikiyo
Q126617886,male,かずすけ,ja,,Kazusuke
Q126617955,male,なおあき,ja,,Naoaki
Q126618030,male,じゅうろう,ja,,Jūrō
Q126637228,male,すみじ,ja,,Sumiji
Q126648806,male,そうてつ,ja,,Sōtetsu
Q126672592,female,麗奈,ja,,Reina
Q126672597,female,麗奈,ja,,Rena
Q126673847,male,なおのぶ,ja,,Naonobu
Q126678634,female,玲奈,ja,,Rena
Q126678635,female,玲奈,ja,,Reina
Q126680552,female,礼奈,ja,,Reina
Q126680801,male,そうしろう,ja,,Sōshirō
Q126684996,female,怜奈,ja,,Reina
Q126685085,female,怜奈,ja,,Rena
Q126685868,female,玲菜,ja,,Reina
Q126685920,female,玲菜,ja,,Rena
Q126686451,female,礼奈,ja,,Rena
Q126708303,male,しげし,ja,,Shigeshi
Q126709744,female,りあ,ja,,Ria
Q126724536,unisex,ともり,ja,,Tomori
Q126752958,male,小市,ja,,Koichi
Q126894649,female,淳恵,ja,,Jun'e
Q126911197,male,ひさきち,ja,,Hisakichi
Q126914156,unisex,とむ,ja,,Tomu
Q126915622,male,ひでじ,ja,,Hideji
Q126941062,male,かつのすけ,ja,,Katsunosuke
Q126946658,male,もりてる,ja,,Moriteru
Q126958180,male,たくのり,ja,,Takunori
Q126960869,male,知二,ja,,Tomoji
Q127000970,male,健大,ja,,Kenta
Q123846665,female,麻美子,ja,,Mamiko
Q123846787,unisex,陽向,ja,,Hinata
Q132851611,male,友那,ja,,Yuna
Q7705301,male,てるひこ,ja,,Teruhiko
Q7705304,male,てるひさ,ja,,Teruhisa
Q112252469,male,謙一郎,ja,,Ken'ichirō
Q112333983,female,愛梨沙,ja,,Arisa
Q112571435,male,拓馬,ja,,Takuma
Q112576376,male,理紀,ja,,Riki
Q112580644,male,貞二,ja,,Teiji
Q112581402,male,よういち,ja,,Yōichi
Q112581448,male,洋一,ja,,Yōichi
Q112600011,male,邦史朗,ja,,Kunishirō
Q112604180,male,圭三,ja,,Keizō
Q112671998,male,晴通,ja,,Harumichi
Q112780168,male,茂,ja,,Shigeru
Q112795406,male,富市,ja,,Tomiichi
Q112874931,male,氏房,ja,,Ujifusa
Q112992182,male,弥三郎,ja,,Yasaburō
Q113004586,unisex,北斗,ja,,Hokuto
Q113014449,male,むさし,ja,,Musashi
Q113018362,male,かずたみ,ja,,Kazutami
Q113043788,male,喜平,ja,,Kihei
Q113095760,male,りゅう,ja,,Ryū
Q123772609,male,とうきち,ja,,Tōkichi
Q123772818,male,つねはる,ja,,Tsuneharu
Q123772997,male,しんえい,ja,,Shin'ei
Q123777270,female,あいり,ja,,Airi
Q123784082,female,温子,ja,,Haruko
Q123785068,female,麻裕,ja,,Mayu
Q123785336,male,拓真,ja,,Takuma
Q123785614,male,真大,ja,,Mahiro
Q123785967,unisex,せな,ja,,Sena
Q123801859,male,もりのぶ,ja,,Morinobu
Q123803262,male,てついち,ja,,Tetsuichi
Q123803305,male,てついちろう,ja,,Tetsuichirō
Q123817191,male,きよもり,ja,,Kiyomori
Q123818802,male,かめすけ,ja,,Kamesuke
Q123823153,male,じゅさぶろう,ja,,Jusaburō
Q123823796,male,まさすけ,ja,,Masasuke
Q123846664,male,友之祐,ja,,Yūnosuke
Q123739739,female,夏姫,ja,,Natsuki
Q123739745,unisex,夏,ja,,Natsu
Q123739752,male,唯行,ja,,Tadayuki
Q123741181,male,つねのり,ja,,Tsunenori
Q123751095,male,たつさぶろう,ja,,Tatsusaburō
Q123751101,male,よいち,ja,,Yoichi
Q123751106,male,さだまさ,ja,,Sadamasa
Q123751109,male,とらひこ,ja,,Torahiko
Q123751113,male,ますさぶろう,ja,,Masusaburō
Q123751117,male,あさのすけ,ja,,Asanosuke
Q123751197,male,えいごろう,ja,,Eigorō
Q123751205,male,しょうさく,ja,,Shōsaku
Q123751209,male,ろくいちろう,ja,,Rokuichirō
Q123751214,male,ごうたろう,ja,,Gōtarō
Q123751215,male,ろくたろう,ja,,Rokutarō
Q123751219,male,さんたろう,ja,,Santarō
Q123751262,male,きちじゅうろう,ja,,Kichijūrō
Q123753182,female,佑奈,ja,,Yūna
Q123757529,male,大湧,ja,,Taiyo
Q123757800,male,じこう,ja,,Jikō
Q123757808,male,やすえい,ja,,Yasuei
Q123757824,male,こうけん,ja,,Kōken
Q123757837,male,まつしょう,ja,,Matsushō
Q123757842,male,せんのすけ,ja,,Sennosuke
Q123757850,male,かねしち,ja,,Kaneshichi
Q123757861,male,ひさみち,ja,,Hisamichi
Q123757866,male,まさろう,ja,,Masarō
Q123757904,male,まさただ,ja,,Masatada
Q123759914,male,とよさく,ja,,Toyosaku
Q123759933,male,うんじゅうろう,ja,,Unjūrō
Q123759940,male,しゅうお,ja,,Shūo
Q123759951,male,げん,ja,,Gen
Q123759966,male,ふじろう,ja,,Fujirō
Q123760002,male,ゆきとき,ja,,Yukitoki
Q123760005,male,げんざぶろう,ja,,Genzaburō
Q123760010,male,くにまつ,ja,,Kunimatsu
Q123760012,male,まさじろう,ja,,Masajirō
Q123760016,male,いちたろう,ja,,Ichitarō
Q123760021,male,たましげ,ja,,Tamashige
Q123760028,male,ひろんど,ja,,Hirondo
Q123760043,male,としじろう,ja,,Toshijirō
Q123761880,female,麗,ja,,Rei
Q7678596,male,たくお,ja,,Takuo
Q7678610,male,たくろう,ja,,Takurō
Q132291820,female,ゆかな,ja,,Yukana
Q132431156,female,妙子,ja,,Taeko
Q132441320,female,みーな,ja,,Miina
Q132443227,female,のり子,ja,,Noriko
Q132446189,male,ときじ,ja,,Tokiji
Q132446897,male,のりはる,ja,,Noriharu
Q132533972,male,なをみつ,ja,,Naomitsu
Q132543754,male,しゅんのすけ,ja,,Shunnosuke
Q132719415,female,珠緒,ja,,Tamao
Q132719640,female,玉緒,ja,,Tamao
Q132719859,female,里香,ja,,Rika
Q132731094,male,寛也,ja,,Hiroya
Q132731092,male,浩哉,ja,,Hiroya
Q132731101,male,博也,ja,,Hiroya
Q132731108,male,弘也,ja,,Hiroya
Q132731123,male,碩哉,ja,,Hiroya
Q132731153,male,啓也,ja,,Hiroya
Q132731165,male,裕也,ja,,Hiroya
Q132731342,male,拓弥,ja,,Hiroya
Q132731564,male,比呂也,ja,,Hiroya
Q132731575,male,裕哉,ja,,Hiroya
Q132731584,male,浩也,ja,,Hiroya
Q132731597,male,寛弥,ja,,Hiroya
Q132731615,male,洋也,ja,,Hiroya
Q132731624,male,浩弥,ja,,Hiroya
Q132732642,male,大也,ja,,Hiroya
Q132732651,male,広弥,ja,,Hiroya
Q132732666,male,紘矢,ja,,Hiroya
Q132732673,male,宏哉,ja,,Hiroya
Q132732679,male,大弥,ja,,Hiroya
Q132732761,male,裕弥,ja,,Hiroya
Q132732789,male,大耶,ja,,Hiroya
Q132851694,female,夕里菜,ja,,Yurina
Q123762445,female,美幸,ja,,Miyuki
Q123762466,female,美南,ja,,Minami
Q123763278,female,優衣,ja,,Yui
Q123763284,female,友花,ja,,Tomoka
Q123763367,male,駿太郎,ja,,Shuntarō
Q132851631,female,倖歩,ja,,Yukiho
Q113112269,male,是雄,ja,,Koreo
Q113133439,male,そうた,ja,,Sōta
Q113171983,male,すみひさ,ja,,Sumihisa
Q113175994,male,ただすけ,ja,,Tadasuke
Q113223379,male,忠厚,ja,,Tadaatsu
Q113248200,male,治文,ja,,Harufumi
Q113256990,male,敏和,ja,,Toshikazu
Q113297481,female,衣塑子,ja,,Isoko
Q113330934,female,浜子,ja,,Hamako
Q113330993,male,重千代,ja,,Shigechiyo
Q113355015,unisex,やすみ,ja,,Yasumi
Q113362741,male,やすみつ,ja,,Yasumitsu
Q113379088,male,こうふう,ja,,Kōfū
Q7678615,male,たくと,ja,,Takuto
Q7678655,male,たくぞう,ja,,Takuzō
Q7681463,male,民生,ja,,Tamio
Q113460416,female,りみ,ja,,Rimi
Q113532885,male,一樹,ja,,Kazuki
Q113622519,male,さねひで,ja,,Sanehide
Q7688003,male,たてお,ja,,Tateo
Q7688265,male,たつあき,ja,,Tatsuaki
Q132851711,male,裕貴,ja,,Yūki
Q132851736,female,悠妃,ja,,Yūhi
Q113733008,male,哲二,ja,,Tetsuji
Q113793581,male,純也,ja,,Jun'ya
Q113847708,male,つねやす,ja,,Tsuneyasu
Q113997874,unisex,よしあきら,ja,,Yoshiakira
Q114067234,male,よすけ,ja,,Yosuke
Q114076993,male,俊光,ja,,Toshimitsu
Q114077315,male,太紀,ja,,Taiki
Q114077489,male,夢丸,ja,,Yumemaru
Q114077785,male,誠一,ja,,Seiichi
Q114169758,female,咲,ja,,Saki
Q114246184,male,諒二,ja,,Ryōji
Q114342379,male,與次右ヱ門,ja,,Yojiemon
Q114390261,male,ふみあり,ja,,Fumiari
Q114392610,unisex,かい,ja,,Kai
Q114393886,male,平蔵,ja,,Heizō
Q114394310,male,幸操,ja,,Yukikoto
Q114394491,male,直成,ja,,Naonari
Q114394597,male,忠一郎,ja,,Chūichirō
Q114395141,male,小波,ja,,Sazanami
Q114398188,male,千穎,ja,,Chikai
Q114399974,male,頼成,ja,,Yorinari
Q7688277,male,たつひろ,ja,,Tatsuhiro
Q7688286,male,たつま,ja,,Tatsuma
Q7688284,female,たつこ,ja,,Tatsuko
Q7678172,male,たけとし,ja,,Taketoshi
Q7678184,male,たけよし,ja,,Takeyoshi
Q123848568,male,優大,ja,,Yūdai
Q123848658,male,大后,ja,,Daigo
Q123848657,male,大輝,ja,,Hiroki
Q123847043,male,じゅいち,ja,,Juichi
Q123847053,female,詩織,ja,,Shiori
Q123847117,female,優里,ja,,Yuri
Q123847143,female,文保,ja,,Ayaho
Q7688306,male,たつのり,ja,,Tatsunori
Q7688335,male,たつろう,ja,,Tatsurō
Q7695030,female,ていこ,ja,,Teiko
Q7695150,male,ていぞう,ja,,Teizō
Q7705294,male,てるあき,ja,,Teruaki
Q132851924,female,有希恵,ja,,Yukie
Q7705328,male,てるお,ja,,Teruo
Q7677980,male,たけひろ,ja,,Takehiro
Q7677994,male,たけじろう,ja,,Takejirō
Q123846985,male,あいたろう,ja,,Aitarō
Q123846989,female,菜都美,ja,,Natsumi
Q123847021,female,未来,ja,,Mirai
Q7688273,male,たつひこ,ja,,Tatsuhiko
Q7813730,male,とくじろう,ja,,Tokujirō
Q127162599,male,広之,ja,,Hiroyuki
Q127164380,male,浩行,ja,,Hiroyuki
Q127213428,male,博行,ja,,Hiroyuki
Q127324674,male,圭祐,ja,,Keisuke
Q7780235,female,ひとみ,ja,,Hitomi
Q123847175,male,みちつね,ja,,Michitsune
Q123847230,male,ただひら,ja,,Tadahira
Q123847235,male,りょうご,ja,,Ryōgo
Q123848380,male,とくじゅ,ja,,Tokuju
Q123848405,male,おさのり,ja,,Osanori
Q123848431,male,さとたか,ja,,Satotaka
Q123848437,male,がく,ja,,Gaku
Q123848440,male,かつまろ,ja,,Katsumaro
Q123848444,male,べんじ,ja,,Benji
Q123848450,male,ながかず,ja,,Nagakazu
Q123848565,male,勝治,ja,,Katsuji
Q127442161,male,平二,ja,,Heiji
Q127442257,male,兵次,ja,,Heiji
Q127442316,male,平爾,ja,,Heiji
Q127442367,male,平治,ja,,Heiji
Q127442448,male,兵治,ja,,Heiji
Q127442719,male,丙二,ja,,Heiji
Q127456929,male,智博,ja,,Tomohiro
Q113631999,male,けんせい,ja,,Kensei
Q7813589,female,ときこ,ja,,Tokiko
Q7813726,male,とくじ,ja,,Tokuji
Q127404066,male,あやひと,ja,,Ayahito
Q127404432,male,あつひと,ja,,Atsuhito
Q127404598,female,ふじえ,ja,,Asuko
Q127404681,male,あすと,ja,,Asuto
Q127404824,male,ありひこ,ja,,Arihiko
Q127406251,male,かねひろ,ja,,Kanehiro
Q127414158,male,のぶちか,ja,,Bun'yū
Q127414334,male,ぶんざぶろう,ja,,Bunzaburō
Q127414355,male,ぶんいち,ja,,Bun'ichi
Q127414359,male,ぶんいちろう,ja,,Bun'ichirō
Q127414367,male,ばんすけ,ja,,Bansuke
Q127414401,male,ぶいちろう,ja,,Buichirō
Q127414407,male,びんすけ,ja,,Binsuke
Q127414413,male,あまひこ,ja,,Amahiko
Q127414425,male,あさしち,ja,,Asashichi
Q127416469,male,だい,ja,,Dai
Q127417254,male,えいし,ja,,Eishi
Q127417288,male,えいしゅん,ja,,Eishun
Q127417403,male,えいひこ,ja,,Eihiko
Q127417728,female,えれな,ja,,Erena
Q127418815,female,えりさ,ja,,Erisa
Q127424373,male,よしふさ,ja,,Yoshifusa
Q127424624,male,ふくたろう,ja,,Fukutarō
Q127424645,female,ふうな,ja,,Fūna
Q127424803,male,げんのすけ,ja,,Gennosuke
Q127424822,male,ぎん,ja,,Gin
Q127425208,male,ごうすけ,ja,,Gōsuke
Q127425245,male,ごうじ,ja,,Gōji
Q127425321,unisex,千尋,ja,,Chihiro
Q127425572,female,郁子,ja,,Fumiko
Q127425589,female,郁子,ja,,Ikuko
Q127425683,female,はまこ,ja,,Hamako
Q127429234,male,はんぞう,ja,,Hanzō
Q127429254,male,はるふみ,ja,,Harufumi
Q127432705,male,はるひと,ja,,Haruhito
Q127433363,male,源次郎,ja,,Genjirō
Q127434850,male,原二郎,ja,,Genjirō
Q127434965,male,絃二郎,ja,,Genjirō
Q127435245,male,源二郎,ja,,Genjirō
Q127435513,male,玄二郎,ja,,Genjirō
Q127435798,male,元次郎,ja,,Genjirō
Q127439045,male,春光,ja,,Harumitsu
Q127439166,male,晴光,ja,,Harumitsu
Q127439269,male,治光,ja,,Harumitsu
Q127440928,male,春満,ja,,Harumitsu
Q127441284,male,初男,ja,,Hatsuo
Q127441398,male,初雄,ja,,Hatsuo
Q127441671,male,初夫,ja,,Hatsuo
Q127441905,male,枝雄,ja,,Hatsuo
Q123846797,female,萌恵,ja,,Moe
Q7705310,female,てるこ,ja,,Teruko
Q7705317,female,てるみ,ja,,Terumi
Q7705324,male,てるのぶ,ja,,Terunobu
Q132862607,female,哀,ja,,Ai
Q132863048,male,永次郎,ja,,Eijirō
Q132863053,male,鋭次郎,ja,,Eijirō
Q132863057,male,永二郎,ja,,Eijirō
Q132863061,male,映次郎,ja,,Eijirō
Q132888887,male,夏樹,ja,,Natsuki
Q132888887,female,夏樹,ja,,Natsuki
Q132888887,unisex,夏樹,ja,,Natsuki
Q132889115,female,夏希,ja,,Natsuki
Q132901791,female,智佐,ja,,Chisa
Q132903821,female,春奈,ja,,Haruna
Q132906179,female,千秋,ja,,Chiaki
Q132906618,female,美里,ja,,Misato
Q132906843,male,静六,ja,,Seiroku
Q132907316,female,美里,ja,,Miri
Q132907374,female,みり,ja,,Miri
Q132907454,female,由里,ja,,Yuri
Q133190838,male,修之,ja,,Nobuyuki
Q133190950,male,宣行,ja,,Nobuyuki
Q133191960,male,一誠,ja,,Issei
Q127457596,female,智香子,ja,,Chikako
Q127115435,female,温香,ja,,Nodoka
Q117311620,male,毅直,ja,,Takenao
Q117312774,male,厳太郎,ja,,Izutarō
Q117316922,male,郷次,ja,,Gōji
Q117322040,male,喜代次,ja,,Kiyotsugu
Q117324414,male,しょうだい,ja,,Shōdai
Q117328219,male,勝宣,ja,,Katsunobu
Q117350909,male,時広,ja,,Tokihiro
Q117354069,male,洪二郎,ja,,Kōjirō
Q117354585,male,栄喜,ja,,Eiki
Q117360225,male,与助,ja,,Yosuke
Q117360883,male,亀蔵,ja,,Kamezō
Q117369236,male,長七,ja,,Chōshichi
Q117370040,male,吉郎,ja,,Kichirō
Q117377981,male,善輔,ja,,Zensuke
Q117383928,male,十楼,ja,,Jūrō
Q117389147,male,三平,ja,,Sanpei
Q117396813,male,寅三郎,ja,,Torasaburō
Q117409370,male,源之助,ja,,Gennosuke
Q117424142,male,猪太郎,ja,,Itarō
Q117437755,male,又次郎,ja,,Matajirō
Q117447400,male,満治,ja,,Mitsuji
Q117455191,male,公明,ja,,Kōmei
Q117455265,male,守保,ja,,Moriyasu
Q117456040,male,貫,ja,,Kan
Q117460071,male,俊吉,ja,,Shunkichi
Q117460254,male,柊摩,ja,,Shūma
Q117460710,male,敬宇,ja,,Keiu
Q117461687,male,弘蔵,ja,,Hirozō
Q117461810,male,賢弘,ja,,Katahiro
Q117462258,female,てつこ,ja,,Tetsuko
Q117467092,male,良右衛門,ja,,Ryōemon
Q117467822,male,勝榮,ja,,Katsuei
Q117467833,male,友七,ja,,Tomoshichi
Q117467890,male,きよのぶ,ja,,Kiyonobu
Q117467901,male,邦晴,ja,,Kuniharu
Q117467959,male,文英,ja,,Bun'ei
Q117472408,male,あいじろう,ja,,Aijirō
Q117474219,male,優芽,ja,,Yūga
Q117474767,male,多次郎,ja,,Tajirō
Q117475785,male,英四郎,ja,,Eishirō
Q132851788,female,優香,ja,,Yuka
Q123984399,female,由衣,ja,,Yui
Q123986588,unisex,侑,ja,,Yū
Q123986589,male,佳介,ja,,Keisuke
Q123986774,female,理恵,ja,,Rie
Q123986814,female,沙也加,ja,,Sayaka
Q123991074,male,ひとよし,ja,,Hitoyoshi
Q123995828,male,正哲,ja,,Masanori
Q123997896,male,よしつね,ja,,Yoshitsune
Q123999605,male,まさてる,ja,,Masateru
Q124000082,male,直弘,ja,,Naohiro
Q124000282,male,功大,ja,,Kōdai
Q124000509,female,麻佑,ja,,Mayu
Q124000618,female,和可那,ja,,Wakana
Q124003305,male,いたろう,ja,,Itarō
Q124003871,female,らん,ja,,Ran
Q124004526,female,みせい,ja,,Misei
Q124004536,male,やせい,ja,,Yasei
Q124004564,male,しょうや,ja,,Shōya
Q124022067,male,ふかし,ja,,Fukashi
Q124022512,male,まつたろう,ja,,Matsutarō
Q124023221,male,はんぺい,ja,,Hanpei
Q124023266,male,けいよう,ja,,Keiyō
Q124023306,male,しょうし,ja,,Shōshi
Q124023309,male,しょうしち,ja,,Shōshichi
Q124023319,male,しょうしん,ja,,Shōshin
Q124023615,male,きよふみ,ja,,Kiyofumi
Q124023617,male,ためのすけ,ja,,Tamenosuke
Q124023621,male,たけと,ja,,Taketo
Q124023746,male,だいじ,ja,,Daiji
Q124031331,male,はくあい,ja,,Hakuai
Q124032054,male,恭司,ja,,Kyōji
Q124032146,male,てつゆき,ja,,Tetsuyuki
Q124032250,male,てんぺい,ja,,Tenpei
Q124032252,male,勝人,ja,,Katsuto
Q7820132,female,ともか,ja,,Tomoka
Q7820139,male,ともき,ja,,Tomoki
Q7820137,male,ともかず,ja,,Tomokazu
Q132858789,female,向日葵,ja,,Himawari
Q132860451,male,弥一郎,ja,,Yaichirō
Q132860466,male,やいちろう,ja,,Yaichirō
Q132860471,male,弥市郎,ja,,Yaichirō
Q132860481,male,彌一郎,ja,,Yaichirō
Q132861053,male,栄次郎,ja,,Eijirō
Q132861080,male,英次郎,ja,,Eijirō
Q132861285,male,英治郎,ja,,Eijirō
Q132861302,male,英二郎,ja,,Eijirō
Q132861326,male,栄治郎,ja,,Eijirō
Q132861335,male,栄二郎,ja,,Eijirō
Q132862185,female,春菜,ja,,Haruna
Q7813753,male,とくろう,ja,,Tokurō
Q7818898,female,とみこ,ja,,Tomiko
Q7818918,male,とみお,ja,,Tomio
Q132852806,female,愛音,ja,,Anon
Q133253118,male,正博,ja,,Masahiro
Q133249095,male,晧,ja,,Akira
Q7820080,male,ともあき,ja,,Tomoaki
Q7820108,male,ともはる,ja,,Tomoharu
Q7820113,male,ともひこ,ja,,Tomohiko
Q114802227,male,唯昭,ja,,Ishō
Q114815332,male,よしじろう,ja,,Yoshijirō
Q114900111,male,Nippon,ja,,Nippon
Q115047239,male,希和,ja,,Marekazu
Q115048967,male,貫太郎,ja,,Kantarō
Q115049426,male,忠輔,ja,,Tadasuke
Q115056914,female,しほみ,ja,,Shihomi
Q115090424,male,義八郎,ja,,Gihachirō
Q115094404,male,てるまさ,ja,,Terumasa
Q115097398,male,宇一,ja,,Uichi
Q115099843,female,志げの,ja,,Shigeno
Q115112069,male,朝村,ja,,Tomomura
Q115113006,unisex,郁里,ja,,Yūri
Q115153343,male,信雄,ja,,Nobuo
Q115156421,female,志保,ja,,Shiho
Q115175386,male,郁三,ja,,Ikuzō
Q115175570,male,軍次,ja,,Gunji
Q115185259,male,喜太郎,ja,,Kitarō
Q115187919,unisex,矗,ja,,Nobu
Q115191871,male,直陣,ja,,Naonobu
Q115191926,male,宗清,ja,,Munekiyo
Q115199028,male,久七,ja,,Kyūshichi
Q115201434,male,彦次郎,ja,,Hikojirō
Q115205964,male,廣之進,ja,,Hironoshin
Q115211002,male,義定,ja,,Yoshisada
Q115215597,male,経家,ja,,Tsuneie
Q115215803,male,行尚,ja,,Yukinao
Q115223883,male,儀三郎,ja,,Gisaburō
Q115235494,male,鶴吉,ja,,Tsurukichi
Q115236380,male,博厚,ja,,Hiroatsu
Q115247587,male,有恒,ja,,Aritsune
Q115251555,male,時政,ja,,Tokimasa
Q115251626,male,温忠,ja,,Harutada
Q115267086,male,宗現,ja,,Sōgen
Q115397361,male,守也,ja,,Moriya
Q114400004,female,かほり,ja,,Kahori
Q114418431,male,人成,ja,,Hitonari
Q114418458,male,五瀬,ja,,Itsuse
Q114418500,male,麻呂,ja,,Maro
Q114429316,male,定辰,ja,,Sadatatsu
Q114436978,male,聖芽,ja,,Seiga
Q114437006,male,九右衛門,ja,,Kuemon
Q114456054,male,泰一郎,ja,,Taiichirō
Q114463526,male,富次郎,ja,,Tomijirō
Q114467337,male,幸彰,ja,,Yukiaki
Q114497969,male,清七,ja,,Seishichi
Q114537367,male,英作,ja,,Eisaku
Q114554604,male,政実,ja,,Masazane
Q114564225,male,常民,ja,,Tsunetami
Q114564320,male,次人,ja,,Tsuguto
Q114567466,unisex,三行,ja,,Miyuki
Q114576687,male,水通,ja,,Mimichi
Q114577194,male,豊人,ja,,Toyohito
Q114577668,male,草太,ja,,Sōta
Q114600796,male,もとひで,ja,,Motohide
Q114602761,male,才次,ja,,Saiji
Q114673903,male,栄彦,ja,,Eihiko
Q114677197,female,利奈,ja,,Rina
Q114677282,female,里奈,ja,,Rina
Q114677360,female,梨那,ja,,Rina
Q114679797,male,あきさだ,ja,,Akisada
Q114694107,female,さりな,ja,,Sarina
Q114713362,male,秀俊,ja,,Hidetoshi
Q114784918,male,身智雄,ja,,Michio
Q7705347,male,てるよし,ja,,Teruyoshi
Q7705352,male,てるゆき,ja,,Teruyuki
Q7706857,male,てつはる,ja,,Tetsuharu
Q133249347,male,曄,ja,,Akira
Q133252919,female,めいな,ja,,Meina
Q7706920,male,てつろう,ja,,Tetsurō
Q7706969,male,てつぞう,ja,,Tetsuzō
Q7813731,female,とくこ,ja,,Tokuko
Q115397766,unisex,清美,ja,,Kiyomi
Q115467707,male,たけくに,ja,,Takekuni
Q115468252,male,もとてる,ja,,Mototeru
Q115468278,male,きよゆき,ja,,Kiyoyuki
Q115468431,female,里音,ja,,Rio
Q115470411,male,としふみ,ja,,Toshifumi
Q115471327,male,しげむ,ja,,Shigemu
Q115553139,male,恵一,ja,,Keiichi
Q115599852,unisex,誠良,ja,,Satomi
Q115616220,male,しげほ,ja,,Shigeho
Q115617004,male,きよよし,ja,,Kiyoyoshi
Q115623194,unisex,里美,ja,,Satomi
Q115631648,female,りほこ,ja,,Rihoko
Q115642438,male,げんた,ja,,Genta
Q115695731,male,もとちか,ja,,Motochika
Q115756222,male,ともきち,ja,,Tomokichi
Q115756346,male,つねつぐ,ja,,Tsunetsugu
Q115781851,female,のぶほ,ja,,Nobuho
Q115786202,male,やすへい,ja,,Yasuhei
Q115942074,male,かずのぶ,ja,,Kazunobu
Q116026242,unisex,路実,ja,,Romi
Q116029165,female,千多代,ja,,Chitayo
Q116044251,unisex,壽美,ja,,Toshimi
Q116058061,male,豊次郎,ja,,Toyojirō
Q116058225,male,権六,ja,,Gonroku
Q116059350,male,知親,ja,,Tomochika
Q116120130,male,秀次郎,ja,,Hidejirō
Q116146231,male,幹藏,ja,,Mikizō
Q116149637,male,元穂,ja,,Motoo
Q116151818,female,まや,ja,,Maya
Q116155903,female,日菜乃,ja,,Hinano
Q116155991,female,紗絵加,ja,,Saeka
Q124039395,female,べふみ,ja,,Befumi
Q124039425,female,あきか,ja,,Akika
Q124039433,unisex,おおぞら,ja,,Ozora
Q124039562,unisex,とし,ja,,Toshi
Q124039645,male,ためじろう,ja,,Tamejirō
Q124039848,male,みきひこ,ja,,Mikihiko
Q124041127,unisex,えい,ja,,Ei
Q124047723,male,れいぞう,ja,,Reizō
Q124047783,male,さだやす,ja,,Sadayasu
Q124047842,male,しゅんじょう,ja,,Shunjō
Q124048637,male,ぶんたろう,ja,,Buntarō
Q124048650,male,じゅうろく,ja,,Jūroku
Q124048669,male,とうさぶろう,ja,,Tōsaburō
Q124048684,male,ともじろう,ja,,Tomojirō
Q124048710,male,えつじろう,ja,,Etsujirō
Q124048731,male,えいざぶろう,ja,,Eizaburō
Q124048751,male,のぶあきら,ja,,Nobuakira
Q124048975,male,しげたろう,ja,,Shigetarō
Q124048978,male,ぜんこう,ja,,Zenkō
Q124049108,male,じょうきち,ja,,Jōkichi
Q124049583,male,度,ja,,Taku
Q124052320,male,ひろいち,ja,,Hiroichi
Q124052321,male,ひろいちろう,ja,,Hiroichirō
Q124052659,male,いちげん,ja,,Ichigen
Q124052684,male,みないち,ja,,Minaichi
Q124052823,male,ゆとし,ja,,Yutoshi
Q124053674,male,えいはちろう,ja,,Eihachirō
Q124053672,male,ときただ,ja,,Tokitada
Q124053892,male,みねじ,ja,,Mineji
Q124054015,male,ただえ,ja,,Tadae
Q124054034,male,ただもと,ja,,Tadamoto
Q124054041,male,ただやす,ja,,Tadayasu
Q124054173,male,ただあきら,ja,,Tadaakira
Q124054612,male,ゆうさい,ja,,Yūsai
Q124054618,male,こまたろう,ja,,Komatarō
Q124055048,male,もとなり,ja,,Motonari
Q124055117,male,おとごろう,ja,,Otogorō
Q124055235,male,みつじ,ja,,Mitsuji
Q124055236,male,みつじろう,ja,,Mitsujirō
Q124055244,male,もりあき,ja,,Moriaki
Q124055360,male,のぶじ,ja,,Nobuji
Q124055366,male,のぶじろう,ja,,Nobujirō
Q124055394,male,ひろぞう,ja,,Hirozō
Q124058425,male,みきのすけ,ja,,Mikinosuke
Q117059034,male,清昭,ja,,Kiyoaki
Q117060627,male,裕常,ja,,Hirotsune
Q117066268,male,才跳,ja,,Saito
Q117074030,male,仁兵衛,ja,,Jinbee
Q117075856,male,一路,ja,,Ichiro
Q117085230,male,茂澄,ja,,Shigeto
Q117085659,male,黒麻呂,ja,,Kuromaro
Q117134064,male,九州男,ja,,Kusuo
Q117149008,male,濬,ja,,Fukashi
Q117155981,male,市次郎,ja,,Ichijirō
Q117156055,male,平三郎,ja,,Heisaburō
Q117168250,male,邦恒,ja,,Kunitsune
Q117178199,male,盛夫,ja,,Morio
Q117178390,male,末三郎,ja,,Suesaburō
Q117184096,male,元四郎,ja,,Motoshirō
Q117185068,male,不二太郎,ja,,Fujitarō
Q117190224,male,秀直,ja,,Hidenao
Q117191557,male,岩治,ja,,Iwaji
Q117197144,male,寅四郎,ja,,Torashirō
Q117209463,male,蔵之允,ja,,Kuranojō
Q117210186,male,直彦,ja,,Naohiko
Q117217804,male,一志,ja,,Isshi
Q117217955,male,彦三郎,ja,,Hikosaburō
Q117218284,male,泰之助,ja,,Yasunosuke
Q117248660,male,虎郎,ja,,Torao
Q117250936,male,守三郎,ja,,Morisaburō
Q117253947,male,孝治郎,ja,,Kōjirō
Q117268209,male,秀三,ja,,Hidezō
Q117272641,unisex,泰衛,ja,,Yasue
Q117272681,male,康助,ja,,Yasusuke
Q117285941,male,弘輔,ja,,Hirosuke
Q117286231,male,義一郎,ja,,Giichirō
Q117289193,male,長一郎,ja,,Chōichirō
Q117304923,male,理,ja,,Tadasu
Q117311606,male,維三,ja,,Izō
Q127462279,male,潤平,ja,,Junpei
Q116158030,male,彦蔵,ja,,Hikozō
Q116161784,male,なりよし,ja,,Nariyoshi
Q116187612,female,文子,ja,,Fumiko
Q116314046,male,成太郎,ja,,Seitarō
Q116470629,male,またさぶろう,ja,,Matasaburō
Q116689074,male,道大,ja,,Michio
Q116760060,female,恵子,ja,,Keiko
Q116766152,male,真一,ja,,Shin'ichi
Q116770483,male,浜主,ja,,Hamanushi
Q116771242,female,いちか,ja,,Ichika
Q116865947,male,俊典,ja,,Toshinori
Q116867960,male,希昌,ja,,Kishō
Q116874805,male,理三,ja,,Rizō
Q116878269,male,兼教,ja,,Kanenori
Q116878291,male,綱継,ja,,Tsunatsugu
Q116878304,female,幾子,ja,,Ikuko
Q116890274,male,清五郎,ja,,Seigorō
Q116949376,male,市左衛門,ja,,Ichizaemon
Q116951085,male,ながくに,ja,,Nagakuni
Q116953934,male,房治郎,ja,,Fusajirō
Q116974988,female,ながこ,ja,,Nagako
Q116980329,male,嘉右衛門,ja,,Kaemon
Q116982951,male,つねひろ,ja,,Tsunehiro
Q117035032,male,貞光,ja,,Sadamitsu
Q117038340,male,宿禰,ja,,Sukune
Q117039216,male,剛尓,ja,,Gōji
Q117041709,male,清次,ja,,Kiyotsugu
Q117044905,male,拙以,ja,,Setsui
Q127457211,male,勉,ja,,Tsutomu
Q7820151,female,ともこ,ja,,Tomoko
Q127460900,female,優寿,ja,,Yuzu
Q127461961,male,海斗,ja,,Kaito
Q127457731,male,勇司,ja,,Yuji
Q127367712,male,又右衞門,ja,,Mataemon
Q127367911,male,又右衛門,ja,,Mataemon
Q127373569,male,りょういちろう,ja,,Ryōichirō
Q127373692,male,すてじろう,ja,,Sutejirō
Q127388250,male,そとじろう,ja,,Sotojirō
Q127388248,male,そとじ,ja,,Sotoji
Q127390955,unisex,あお,ja,,Ao
Q127391261,female,あおり,ja,,Aori
Q127391622,male,あおと,ja,,Aoto
Q127394054,female,あさか,ja,,Asaka
Q127399450,male,あつひさ,ja,,Atsuhisa
Q127399613,male,あさひろ,ja,,Asahiro
Q127399669,male,あさじ,ja,,Asaji
Q127399759,male,あさのぶ,ja,,Asanobu
Q127399859,male,あさきち,ja,,Asakichi
Q127400789,male,あきじ,ja,,Akiji
Q127402841,female,あやほ,ja,,Ayaho
Q127403362,female,あゆ,ja,,Ayu
Q127403970,male,あやひこ,ja,,Ayahiko
Q123848659,male,隼也,ja,,Shun'ya
Q123848660,male,洋輝,ja,,Hiroki
Q123848661,female,みよ子,ja,,Miyoko
Q123848676,male,雅彦,ja,,Masahiko
Q123851693,unisex,しゅう,ja,,Shū
Q123851763,male,きんご,ja,,Kingo
Q123852029,male,きしろう,ja,,Kishirō
Q123855902,male,よりかず,ja,,Yorikazu
Q123855906,male,みちとし,ja,,Michitoshi
Q123855910,male,だいしろう,ja,,Daishirō
Q123856271,male,ちゅうえつ,ja,,Chūetsu
Q123856273,male,やいち,ja,,Yaichi
Q123856302,male,とうすけ,ja,,Tōsuke
Q123859512,male,いさと,ja,,Isato
Q123859527,male,せいた,ja,,Seita
Q123859539,male,てつま,ja,,Tetsuma
Q123859554,male,てつまさ,ja,,Tetsumasa
Q123859560,male,てつまろ,ja,,Tetsumaro
Q123859577,male,はるかず,ja,,Harukazu
Q123862392,female,貴映,ja,,Kie
Q123862830,female,菜月,ja,,Natsuki
Q123862833,female,恵,ja,,Megumi
Q123863011,male,航貴,ja,,Kōki
Q123863056,male,利一,ja,,Riichi
Q123863100,male,元,ja,,Hajime
Q123863101,male,祐行,ja,,Hiroyuki
Q123863182,male,亮太,ja,,Ryōta
Q123863797,female,美紀,ja,,Miki
Q123863949,female,絢子,ja,,Ayako
Q123864049,unisex,蒼,ja,,Aoi
Q123864122,female,茜羽,ja,,Akane
Q123864285,female,美郷,ja,,Misato
Q133253357,female,真弓,ja,,Mayumi
Q117743710,male,潤次郎,ja,,Junjirō
Q117750332,female,晶絵,ja,,Akie
Q117839946,female,ふさ,ja,,Fusa
Q117864242,male,実之助,ja,,Jitsunosuke
Q117887085,male,大二,ja,,Daiji
Q118037601,male,次喜蔵,ja,,Jikizō
Q118109108,male,豊三,ja,,Toyozō
Q118118359,male,傓治,ja,,Senji
Q118129741,male,直利,ja,,Naotoshi
Q118136285,male,幸靖,ja,,Yukiyasu
Q118142849,male,嘉生,ja,,Kasei
Q118142893,male,敬四郎,ja,,Keishirō
Q118144430,female,梅子,ja,,Umeko
Q118144454,male,玄道,ja,,Gendō
Q118144501,male,哀草果,ja,,Aisōka
Q118179867,male,金久,ja,,Kanehisa
Q118181473,male,繁二,ja,,Shigeji
Q118210960,female,由香,ja,,Yuka
Q118232622,female,みおこ,ja,,Mioko
Q118324003,male,文彌,ja,,Bun'ya
Q118338567,male,すみまろ,ja,,Sumimaro
Q118342509,male,長包,ja,,Chōhō
Q118342754,male,邦敬,ja,,Kuniyoshi
Q7820328,male,ともやす,ja,,Tomoyasu
Q118733013,male,そときち,ja,,Sotokichi
Q118765760,male,勝彦,ja,,Katsuhiko
Q118765771,male,克彦,ja,,Katsuhiko
Q118780128,male,くにき,ja,,Kuniki
Q118954176,male,せいえもん,ja,,Seiemon
Q118998175,male,かずおみ,ja,,Kazuomi
Q119043279,male,とういちろう,ja,,Tōichirō
Q119043458,male,といちろう,ja,,Toichirō
Q119044712,male,きよみち,ja,,Kiyomichi
Q119092278,male,たかみち,ja,,Takamichi
Q119128728,male,くにじ,ja,,Kuniji
Q119149025,male,なおいちろう,ja,,Naoichirō
Q119149055,male,よしたみ,ja,,Yoshitami
Q119156279,male,すけくろう,ja,,Sukekurō
Q119156306,male,のぶすえ,ja,,Nobusue
Q119156540,male,まさごろう,ja,,Masagorō
Q119156621,male,さとじ,ja,,Satoji
Q119191963,male,りきぞう,ja,,Rikizō
Q119213020,male,もとじ,ja,,Motoji
Q119239040,male,しはち,ja,,Shihachi
Q119239112,male,わきお,ja,,Wakio
Q119802253,male,ともふみ,ja,,Tomofumi
Q119985766,male,がくと,ja,,Gakuto
Q120179003,male,とみゆき,ja,,Tomiyuki
Q120188901,male,とよへい,ja,,Toyohei
Q120189863,male,とみぞう,ja,,Tomizō
Q120189868,male,ぜんいちろう,ja,,Zen'ichirō
Q120197245,male,あつとし,ja,,Atsutoshi
Q120198428,male,きよとも,ja,,Kiyotomo
Q120198479,male,とみまる,ja,,Tomimaru
Q120198532,male,みのすけ,ja,,Minosuke
Q120199119,male,としちか,ja,,Toshichika
Q120282923,male,くにおき,ja,,Kunioki
Q120302813,male,てるふみ,ja,,Terufumi
Q124306905,male,たみよし,ja,,Tamiyoshi
Q124307745,male,たつひと,ja,,Tatsuhito
Q124307751,male,あさひと,ja,,Asahito
Q124307757,male,ちかひと,ja,,Chikahito
Q124307761,male,しげもり,ja,,Shigemori
Q124307798,male,ともしろう,ja,,Tomoshirō
Q124307797,male,ともし,ja,,Tomoshi
Q124307801,male,ともしげ,ja,,Tomoshige
Q124307810,male,たてひこ,ja,,Tatehiko
Q124307814,male,えいのしん,ja,,Einoshin
Q124309046,male,えつろう,ja,,Etsurō
Q124309060,male,くにまさ,ja,,Kunimasa
Q124309204,male,りゅうしろう,ja,,Ryūshirō
Q124309358,male,しげじ,ja,,Shigeji
Q124309561,male,ぜんざぶろう,ja,,Zenzaburō
Q124310729,unisex,きこう,ja,,Kikō
Q124311571,male,乙治郎,ja,,Otojirō
Q124311606,female,悠麻,ja,,Yuma
Q124311630,female,由美,ja,,Yumi
Q124311651,female,友紀,ja,,Yuki
Q124311750,male,雄三,ja,,Yūzō
Q127462717,male,政人,ja,,Masato
Q7820182,male,ともみち,ja,,Tomomichi
Q7820190,male,とものぶ,ja,,Tomonobu
Q117475909,male,忠国,ja,,Tadakuni
Q7820123,male,ともひさ,ja,,Tomohisa
Q7820130,male,ともじ,ja,,Tomoji
Q7827655,male,としはる,ja,,Toshiharu
Q7827662,male,としひで,ja,,Toshihide
Q7820325,male,ともや,ja,,Tomoya
Q118342829,male,貞昌,ja,,Sadamasa
Q118344707,male,権之助,ja,,Gonnosuke
Q118358730,male,且朝,ja,,Katsutomo
Q118395661,female,りんか,ja,,Rinka
Q118395755,female,ゆあ,ja,,Yua
Q118396234,female,みあこ,ja,,Miako
Q118397444,female,ももよ,ja,,Momoyo
Q118397700,male,るいと,ja,,Ruito
Q118398881,female,ちふみ,ja,,Chifumi
Q118402761,female,きみか,ja,,Kimika
Q118402811,female,なほみ,ja,,Nahomi
Q118406195,male,はるくに,ja,,Harukuni
Q118423984,male,かたろう,ja,,Katarō
Q118428777,unisex,そう,ja,,Sō
Q118434792,male,ひでみち,ja,,Hidemichi
Q118436392,male,くまじろう,ja,,Kumajirō
Q118455658,unisex,ゆづき,ja,,Yuzuki
Q118464470,male,ようたろう,ja,,Yōtarō
Q118464717,male,ぎんたろう,ja,,Gintarō
Q118482618,male,まつぞう,ja,,Matsuzō
Q118482685,male,ふみとし,ja,,Fumitoshi
Q118492821,male,ふさじ,ja,,Fusaji
Q118492831,male,ふさじろう,ja,,Fusajirō
Q118521633,male,たねあき,ja,,Taneaki
Q118521678,male,じゅたろう,ja,,Jutarō
Q118524500,male,なりひさ,ja,,Narihisa
Q118540983,male,りいちろう,ja,,Riichirō
Q118541067,female,よねこ,ja,,Yoneko
Q118557876,male,うのすけ,ja,,Unosuke
Q118559233,male,ひでぞう,ja,,Hidezō
Q118573844,male,ゆうしょう,ja,,Yūshō
Q118574846,male,こうじろう,ja,,Kōjirō
Q118575102,male,こじろう,ja,,Kojirō
Q118584567,male,りくや,ja,,Rikuya
Q118594341,male,ゆうが,ja,,Yūga
Q118595156,unisex,たまお,ja,,Tamao
Q118595944,male,ひでかた,ja,,Hidekata
Q118598768,male,くによし,ja,,Kuniyoshi
Q118599951,male,へいきち,ja,,Heikichi
Q118629251,female,ちやこ,ja,,Chiyako
Q118707864,male,いっとく,ja,,Ittoku
Q127463468,male,滉也,ja,,Kōya
Q7827617,male,としあき,ja,,Toshiaki
Q127463287,male,寿真,ja,,Kazuma
Q7820193,male,とものり,ja,,Tomonori
Q7820315,male,ともたか,ja,,Tomotaka
Q123887885,male,佑也,ja,,Yūya
Q123890337,female,綾佳,ja,,Ayaka
Q123890621,female,靖代,ja,,Yasuyo
Q123896562,female,妃佐子,ja,,Hisako
Q123896652,female,敏捷,ja,,Hirari
Q123905134,female,希望,ja,,Nozomi
Q123905133,female,礼華,ja,,Ayaka
Q123909403,male,とうじ,ja,,Tōji
Q123909412,male,とうや,ja,,Tōya
Q123910238,male,健也,ja,,Ken'ya
Q123913701,female,陽奈,ja,,Hina
Q123913713,female,郁恵,ja,,Ikue
Q123916235,male,勝輝,ja,,Katsuki
Q123916524,female,友子,ja,,Tomoko
Q123916541,male,一平,ja,,Ippei
Q123916555,female,満子,ja,,Mitsuko
Q123916571,female,幹子,ja,,Mikiko
Q123916572,female,よし子,ja,,Yoshiko
Q123916589,male,馨士,ja,,Keishi
Q123917172,female,紀子,ja,,Noriko
Q123917604,female,政子,ja,,Masako
Q123918341,male,拓也,ja,,Takuya
Q123924610,female,奈未,ja,,Nami
Q123936242,female,洋子,ja,,Yōko
Q123936257,female,貴美子,ja,,Kimiko
Q123936410,female,光子,ja,,Mitsuko
Q123955194,female,葉子,ja,,Yōko
Q123978038,female,郁,ja,,Aya
Q123978036,unisex,祐樹,ja,,Yūki
Q123978037,female,千陽,ja,,Chiharu
Q123978823,male,拓斗,ja,,Takuto
Q123978833,male,拳太,ja,,Kenta
Q123979645,female,有紀,ja,,Yuki
Q123982157,male,てるや,ja,,Teruya
Q123983191,male,亮太郎,ja,,Ryōtarō
Q123984353,male,好輝,ja,,Yoshiteru
Q133253596,female,華梨,ja,,Karin
Q133253399,male,真輝,ja,,Masaki
Q127463463,male,悠斗,ja,,Yūto
Q124285280,male,たつおみ,ja,,Tatsuomi
Q124285351,male,つねのすけ,ja,,Tsunenosuke
Q124285368,male,ひろすけ,ja,,Hirosuke
Q124285639,male,ただてる,ja,,Tadateru
Q124285651,male,みつと,ja,,Mitsuto
Q124285695,male,ふみまさ,ja,,Fumimasa
Q124285700,male,のりてる,ja,,Noriteru
Q124285749,male,つねしげ,ja,,Tsuneshige
Q124286484,male,さきひと,ja,,Sakihito
Q124286499,female,さきほ,ja,,Sakiho
Q124286558,male,たいじゅ,ja,,Taiju
Q124286575,male,かんたろう,ja,,Kantarō
Q124287135,male,ひさとも,ja,,Hisatomo
Q124287173,male,あつや,ja,,Atsuya
Q124287533,male,浩一,ja,,Kōichi
Q124287552,female,奈緒美,ja,,Naomi
Q124287599,male,泰昌,ja,,Yasumasa
Q124287600,male,健士,ja,,Takeshi
Q124287610,male,辰哉,ja,,Tatsuya
Q124312750,male,おきひこ,ja,,Okihiko
Q124314517,male,なおぶみ,ja,,Naobumi
Q124314526,male,とよさぶろう,ja,,Toyosaburō
Q124314529,male,のりた,ja,,Norita
Q124314534,male,のりすけ,ja,,Norisuke
Q124314542,male,かつのぶ,ja,,Katsunobu
Q124315790,male,けいしろう,ja,,Keishirō
Q127464960,male,悠陽,ja,,Haruki
Q7827665,male,としひこ,ja,,Toshihiko
Q120549935,male,民輔,ja,,Tamisuke
Q7827677,male,としひさ,ja,,Toshihisa
Q7827680,male,としかつ,ja,,Toshikatsu
Q7827681,male,としかず,ja,,Toshikazu
Q133253539,female,百華,ja,,Momoka
Q120735685,male,克之,ja,,Katsuyuki
Q121062472,male,れいきち,ja,,Reikichi
Q121083195,female,朋花,ja,,Tomoka
Q121086954,female,瑠依,ja,,Rui
Q7820334,male,ともゆき,ja,,Tomoyuki
Q7820332,male,ともよし,ja,,Tomoyoshi
Q124058426,male,ぶんじろう,ja,,Bunjirō
Q124059056,male,たみぞう,ja,,Tamizō
Q124060477,male,じょう,ja,,Jō
Q124060487,unisex,たかほ,ja,,Takaho
Q124060504,male,やすろう,ja,,Yasurō
Q124062094,unisex,こゆ,ja,,Koyu
Q124062251,male,聖健,ja,,Seiken
Q124071423,male,やすてる,ja,,Yasuteru
Q124071421,male,かんのすけ,ja,,Kannosuke
Q124071425,male,じょういち,ja,,Jōichi
Q124071428,male,ひとひろ,ja,,Hitohiro
Q124071433,male,さくま,ja,,Sakuma
Q124071458,male,じゅろう,ja,,Jurō
Q124074905,female,かえ,ja,,Kae
Q124077618,male,あやお,ja,,Ayao
Q124077719,male,せんじろう,ja,,Senjirō
Q124079837,unisex,とくえ,ja,,Tokue
Q124094151,female,もゆ,ja,,Moyu
Q124096331,male,よしちか,ja,,Yoshichika
Q124096334,male,よしへい,ja,,Yoshihei
Q124115856,male,ただしげ,ja,,Tadashige
Q124128424,male,つねふみ,ja,,Tsunefumi
Q124134632,male,だいじゅ,ja,,Daiju
Q124134765,female,ふじえ,ja,,Fujie
Q124155036,male,きんや,ja,,Kin'ya
Q124155920,male,みちのぶ,ja,,Michinobu
Q124156730,male,精一,ja,,Seiichi
Q124164867,male,しげふさ,ja,,Shigefusa
Q124172184,male,まさたね,ja,,Masatane
Q124175490,male,てつげん,ja,,Tetsugen
Q124214788,male,かいせい,ja,,Kaisei
Q124218835,male,きょういちろう,ja,,Kyōichirō
Q124258760,unisex,あまね,ja,,Amane
Q124259765,unisex,こころ,ja,,Kokoro
Q124260041,male,しげぞう,ja,,Shigezō
Q124260085,unisex,かずほ,ja,,Kazuho
Q124261047,male,たくじろう,ja,,Takujirō
Q124261087,male,はつゆき,ja,,Hatsuyuki
Q124282841,male,尊仁,ja,,Takahito
Q120634975,male,むねかず,ja,,Munekazu
Q120635043,male,はるあき,ja,,Haruaki
Q120643381,male,もりくに,ja,,Morikuni
Q120646797,female,陽菜,ja,,Hina
Q120646881,male,喜八郎,ja,,Kihachirō
Q120647022,unisex,幸,ja,,Sachi
Q120682520,female,紗恵奈,ja,,Saena
Q121133754,male,とよのぶ,ja,,Toyonobu
Q121141107,male,まんさく,ja,,Mansaku
Q121210946,female,鈴,ja,,Rin
Q7827685,male,としき,ja,,Toshiki
Q127466028,male,麟龍,ja,,Rinryū
Q133253683,female,瀬雰,ja,,Sebun
Q127464377,male,誠也,ja,,Seiya
Q124287624,male,和裕,ja,,Kazuhiro
Q124287631,female,小織,ja,,Saori
Q124287635,female,可奈,ja,,Kana
Q124287641,male,和司,ja,,Kazushi
Q124287654,male,好雄,ja,,Yoshio
Q124288986,male,かねゆき,ja,,Kaneyuki
Q124289066,female,ここね,ja,,Kokone
Q124289730,male,りんぞう,ja,,Rinzō
Q124289734,male,ありとも,ja,,Aritomo
Q124289740,male,ますじ,ja,,Masuji
Q124299586,male,せぶん,ja,,Sebun
Q124299837,male,文彦,ja,,Fumihiko
Q124299898,female,小春,ja,,Koharu
Q124299970,female,史,ja,,Fumi
Q124299969,female,尚子,ja,,Naoko
Q124302323,male,彰宏,ja,,Akihiro
Q124303883,female,由扶子,ja,,Yūko
Q124304058,female,知美,ja,,Tomomi
Q124304061,female,美加,ja,,Mika
Q124304067,male,一将,ja,,Kazumasa
Q124304072,female,弘美,ja,,Hiromi
Q124305342,male,けいじん,ja,,Keijin
Q124305349,male,げんそう,ja,,Gensō
Q124305422,female,まつり,ja,,Matsuri
Q124305432,male,かめぞう,ja,,Kamezō
Q124306864,male,はちじ,ja,,Hachiji
Q124306872,male,きくじ,ja,,Kikuji
Q124306878,male,きくじろう,ja,,Kikujirō
Q124306888,female,さゆめ,ja,,Sayume
Q124306899,male,としてる,ja,,Toshiteru
Q7827727,male,としまさ,ja,,Toshimasa
Q7827730,male,としみ,ja,,Toshimi
Q7827731,male,としみち,ja,,Toshimichi
Q133253860,male,善生,ja,,Yoshio
Q124316945,male,せきお,ja,,Sekio
Q124321817,female,加代子,ja,,Kayoko
Q124322844,male,きょうしろう,ja,,Kyōshirō
Q124335722,female,あゆり,ja,,Ayuri
Q124335754,male,ただなり,ja,,Tadanari
Q124336057,male,そうりゅう,ja,,Sōryū
Q124336071,male,いわじ,ja,,Iwaji
Q124336089,male,まなぶ,ja,,Manabu
Q124337033,male,えいき,ja,,Eiki
Q124337056,male,えんすけ,ja,,Ensuke
Q124337074,male,せんすけ,ja,,Sensuke
Q124337078,male,だいりき,ja,,Dairiki
Q124337089,female,のりか,ja,,Norika
Q124337996,male,りくお,ja,,Rikuo
Q124338003,male,としぞう,ja,,Toshizō
Q124339991,male,きみあき,ja,,Kimiaki
Q124343250,male,のりつぐ,ja,,Noritsugu
Q124343335,male,いくひろ,ja,,Ikuhiro
Q124344753,male,もりと,ja,,Morito
Q124344761,male,もりはる,ja,,Moriharu
Q124350216,male,卓朗,ja,,Takurō
Q124350864,male,ありひと,ja,,Arihito
Q124350932,male,さだふみ,ja,,Sadafumi
Q124350940,male,さだたか,ja,,Sadataka
Q124351182,male,ともつぐ,ja,,Tomotsugu
Q124351184,male,ちょうたろう,ja,,Chōtarō
Q124351358,unisex,いぶき,ja,,Ibuki
Q124351394,male,ひとき,ja,,Hitoki
Q124352518,male,ただあつ,ja,,Tadaatsu
Q124352519,male,きよはる,ja,,Kiyoharu
Q124352643,male,たけしげ,ja,,Takeshige
Q124352651,male,たかいちろう,ja,,Takaichirō
Q124352662,male,とらお,ja,,Torao
Q124352667,male,いせまつ,ja,,Isematsu
Q124352917,male,のりさだ,ja,,Norisada
Q124353004,male,ぎさぶろう,ja,,Gisaburō
Q124353037,male,なおかた,ja,,Naokata
Q124354249,male,もりひこ,ja,,Morihiko
Q124354264,male,いくひこ,ja,,Ikuhiko
Q124354333,male,きゅうたろう,ja,,Kyūtarō
Q124354343,male,かいぞう,ja,,Kaizō
Q124354360,male,なるたか,ja,,Narutaka
Q124356457,male,かめのすけ,ja,,Kamenosuke
Q124358693,male,せんじん,ja,,Senjin
Q124358703,male,りひで,ja,,Rihide
Q124358757,female,ちず,ja,,Chizu
Q121534108,male,さとお,ja,,Satoo
Q121536340,female,さちか,ja,,Sachika
Q121599615,male,和輝,ja,,Kazuteru
Q124358990,male,なおへい,ja,,Naohei
Q124359001,male,てるとも,ja,,Terutomo
Q124359006,male,ひであつ,ja,,Hideatsu
Q124359028,male,ひょうすけ,ja,,Hyōsuke
Q124360914,male,りんさく,ja,,Rinsaku
Q124361223,male,くうや,ja,,Kūya
Q124361239,male,しゅうち,ja,,Shūchi
Q124361243,male,かく,ja,,Kaku
Q124361260,unisex,ふうが,ja,,Fūga
Q124361290,male,げんしょう,ja,,Genshō
Q124361303,male,とらまる,ja,,Toramaru
Q124361319,female,きくよ,ja,,Kikuyo
Q124361340,unisex,さきや,ja,,Sakiya
Q124361356,male,れいき,ja,,Reiki
Q124361370,male,みちはる,ja,,Michiharu
Q124361418,male,せいどう,ja,,Seidō
Q124361427,male,なるや,ja,,Naruya
Q124361435,male,のりもと,ja,,Norimoto
Q124361442,male,うたろう,ja,,Utarō
Q124361450,male,ほしのぶ,ja,,Hoshinobu
Q124361454,male,どうげん,ja,,Dōgen
Q124362242,male,かめきち,ja,,Kamekichi
Q124362302,female,しおね,ja,,Shione
Q124362317,male,いくぞう,ja,,Ikuzō
Q124363261,male,なおすけ,ja,,Naosuke
Q124363796,male,すえきち,ja,,Suekichi
Q124366859,male,まさより,ja,,Masayori
Q124368186,male,さつお,ja,,Satsuo
Q124368337,male,げんきち,ja,,Genkichi
Q124372037,male,いくろう,ja,,Ikurō
Q124372657,male,りゅうしん,ja,,Ryūshin
Q124374912,male,ひでくに,ja,,Hidekuni
Q124375045,male,りくぞう,ja,,Rikuzō
Q124382370,female,亜弥子,ja,,Ayako
Q124382372,female,則子,ja,,Noriko
Q124385831,male,しゅんぺいた,ja,,Shunpeita
Q124385891,male,のりぶみ,ja,,Noribumi
Q124385902,male,いくさぶろう,ja,,Ikusaburō
Q124389322,male,利道,ja,,Toshimichi
Q7827670,male,としひろ,ja,,Toshihiro
Q127465468,male,翔太郎,ja,,Shotaro
Q7884602,female,やよい,ja,,Yayoi
Q7830637,male,とよあき,ja,,Toyoaki
Q7850222,male,つねゆき,ja,,Tsuneyuki
Q7881480,female,うめこ,ja,,Umeko
Q7884020,female,ゆみ,ja,,Yumi
Q7827814,male,としやす,ja,,Toshiyasu
Q7827816,male,としゆき,ja,,Toshiyuki
Q127470177,female,佳奈,ja,,Kana
Q7830674,male,とよかず,ja,,Toyokazu
Q7830716,male,とよしげ,ja,,Toyoshige
Q7849996,male,つぎお,ja,,Tsugio
Q121296165,female,あんな,ja,,Anna
Q121335583,male,もりすけ,ja,,Morisuke
Q121366129,male,つぐのぶ,ja,,Tsugunobu
Q121366143,male,あきひで,ja,,Akihide
Q121422882,male,實,ja,,Minoru
Q121432332,male,実,ja,,Minoru
Q121432594,female,なよこ,ja,,Nayoko
Q121435268,male,さくろう,ja,,Sakurō
Q121435739,male,じつお,ja,,Jitsuo
Q121438045,female,しづか,ja,,Shizuka
Q133253598,female,果凛,ja,,Karin
Q121612009,female,美菜津,ja,,Minatsu
Q133253846,female,よし美,ja,,Yoshimi
Q8049954,male,やすふみ,ja,,Yasufumi
Q8049958,male,やすはる,ja,,Yasuharu
Q8049961,male,やすひで,ja,,Yasuhide
Q133253867,female,音巴,ja,,Otoha
Q8049997,male,やすひさ,ja,,Yasuhisa
Q8050007,male,やすじ,ja,,Yasuji
Q127470843,female,杏奈,ja,,Anna
Q7827748,male,としのり,ja,,Toshinori
Q7827806,male,としつぐ,ja,,Toshitsugu
Q7827804,male,としたか,ja,,Toshitaka
Q124389324,male,隆弘,ja,,Takahiro
Q124390662,female,しまこ,ja,,Shimako
Q124391143,male,けんりょう,ja,,Kenryō
Q124393649,male,とみよし,ja,,Tomiyoshi
Q124403768,female,絵里子,ja,,Eriko
Q124412019,male,たいら,ja,,Taira
Q124412417,male,かつふみ,ja,,Katsufumi
Q124415097,male,きよあき,ja,,Kiyoaki
Q124415143,male,清顕,ja,,Kiyoaki
Q124415145,male,清明,ja,,Kiyoaki
Q124422987,male,そうしち,ja,,Sōshichi
Q124429314,male,ひこたろう,ja,,Hikotarō
Q124429661,male,みつゆき,ja,,Mitsuyuki
Q124434738,male,やすき,ja,,Yasuki
Q124448632,male,きょうぞう,ja,,Kyōzō
Q124453010,male,ひさひこ,ja,,Hisahiko
Q124458456,male,しげふみ,ja,,Shigefumi
Q124458958,male,しゅうきち,ja,,Shūkichi
Q124465431,male,惠之,ja,,Yasuyuki
Q124466853,male,かんじろう,ja,,Kanjirō
Q124467186,male,ふゆひこ,ja,,Fuyuhiko
Q124467195,male,げんしろう,ja,,Genshirō
Q124472338,female,紗李奈,ja,,Sarina
Q124472340,male,大暉,ja,,Daiki
Q124472914,female,りの,ja,,Rino
Q124474388,male,れいのすけ,ja,,Reinosuke
Q124474395,male,かずみつ,ja,,Kazumitsu
Q124474486,male,えつぞう,ja,,Etsuzō
Q124474567,male,とりぞう,ja,,Torizō
Q124486489,male,大輔,ja,,Daisuke
Q124488359,female,彩花,ja,,Sayaka
Q124498709,male,てつたか,ja,,Tetsutaka
Q124498712,male,かすけ,ja,,Kasuke
Q124498745,male,つねとも,ja,,Tsunetomo
Q124500190,male,じゅうじろう,ja,,Jūjirō
Q124500192,male,たかとも,ja,,Takatomo
Q124504765,male,ひこしろう,ja,,Hikoshirō
Q124512718,female,つぐみ,ja,,Tsugumi
Q124512819,male,みちすけ,ja,,Michisuke
Q124515661,male,ときすけ,ja,,Tokisuke
Q124517859,male,じゅんじろう,ja,,Junjirō
Q124517861,male,はんのすけ,ja,,Hannosuke
Q7827743,male,としのぶ,ja,,Toshinobu
Q7827740,male,としなり,ja,,Toshinari
Q133253988,male,佳史,ja,,Yoshifumi
Q127470042,female,空実,ja,,Kurumi
Q121630670,male,かねしげ,ja,,Kaneshige
Q121737527,male,けいさぶろう,ja,,Keisaburō
Q121745847,female,楓奈,ja,,Fūna
Q121753922,male,かずひら,ja,,Kazuhira
Q122013172,female,まおこ,ja,,Maoko
Q122167719,male,しゅいち,ja,,Shuichi
Q122169636,male,ひでふみ,ja,,Hidefumi
Q122222809,female,アスミ,ja,,Asumi
Q122222809,female,あすみ,ja,,Asumi
Q133254002,male,央侑,ja,,Ōsuke
Q133254023,male,哲義,ja,,Tetsuyoshi
Q7850187,male,つねじろう,ja,,Tsunejirō
Q7850184,male,つねひさ,ja,,Tsunehisa
Q7850218,male,つねよし,ja,,Tsuneyoshi
Q8050012,male,やすじろう,ja,,Yasujirō
Q122335327,male,やすいち,ja,,Yasuichi
Q122367104,male,りゅういちろう,ja,,Ryūichirō
Q122387586,male,ただひさ,ja,,Tadahisa
Q122389358,male,とよひで,ja,,Toyohide
Q122614339,male,伸夫,ja,,Nobuo
Q122731873,male,政雄,ja,,Masao
Q122732060,female,真帆,ja,,Maho
Q122767002,female,ちくこ,ja,,Chikuko
Q122767340,male,盛榮,ja,,Moriei
Q122818432,male,栄二,ja,,Eiji
Q122901358,female,かつこ,ja,,Katsuko
Q122966031,female,由佳,ja,,Yuka
Q8049964,male,やすひこ,ja,,Yasuhiko
Q133254286,female,麻紀,ja,,Maki
Q8050030,male,やすまさ,ja,,Yasumasa
Q8050085,male,やすし,ja,,Yasushi
Q122966194,unisex,穂,ja,,Minoru
Q127471011,female,春七,ja,,Haruna
Q124650374,male,弦,ja,,Gen
Q124650375,male,源,ja,,Gen
Q124650381,male,玄,ja,,Gen
Q124650406,male,現,ja,,Gen
Q124650407,male,厳,ja,,Gen
Q124650518,male,巖,ja,,Iwao
Q124650586,male,岩男,ja,,Iwao
Q124650585,male,巌,ja,,Iwao
Q124651737,male,そうぞう,ja,,Sōzō
Q124652114,male,はるひろ,ja,,Haruhiro
Q124652402,male,のぶちか,ja,,Norifumi
Q124652407,male,としぶみ,ja,,Toshibumi
Q124652410,female,たまよ,ja,,Tamayo
Q124652415,male,ちかはる,ja,,Chikaharu
Q124652461,male,ひさみつ,ja,,Hisamitsu
Q124652481,male,ときひろ,ja,,Tokihiro
Q124653560,male,ひろたみ,ja,,Hirotami
Q124653566,male,とよすけ,ja,,Toyosuke
Q124653564,male,すえまつ,ja,,Suematsu
Q124655840,male,さいち,ja,,Saichi
Q124655844,male,さいちろう,ja,,Saichirō
Q124655911,male,のりくに,ja,,Norikuni
Q124660909,male,りひと,ja,,Rihito
Q124666042,male,卯吉,ja,,Ukichi
Q124668983,male,かくえい,ja,,Kakuei
Q124668987,male,まさうじ,ja,,Masauji
Q124668985,male,しげとみ,ja,,Shigetomi
Q133254227,female,美恵子,ja,,Mieko
Q8050104,male,やすたか,ja,,Yasutaka
Q8050113,male,やすとも,ja,,Yasutomo
Q8050117,male,やすとし,ja,,Yasutoshi
Q122975116,male,潤也,ja,,Jun'ya
Q122988155,female,ひらり,ja,,Hirari
Q8050059,male,やすお,ja,,Yasuo
Q8050037,male,やすみち,ja,,Yasumichi
Q8050041,male,やすなり,ja,,Yasunari
Q124669022,male,よりみち,ja,,Yorimichi
Q124685414,male,磐夫,ja,,Iwao
Q124685415,male,磐雄,ja,,Iwao
Q124685412,male,岩夫,ja,,Iwao
Q124685413,male,岩雄,ja,,Iwao
Q124685418,male,巌男,ja,,Iwao
Q124685416,male,磐,ja,,Iwao
Q124685417,male,巌夫,ja,,Iwao
Q124691273,male,かめさぶろう,ja,,Kamesaburō
Q124691276,male,すけひで,ja,,Sukehide
Q124693034,male,尚将,ja,,Naomasa
Q124693597,female,裕佳,ja,,Yuka
Q124693680,male,勝仁,ja,,Katsuhito
Q124713766,male,信夫,ja,,Nobuo
Q124713767,male,信男,ja,,Nobuo
Q124713770,male,伸男,ja,,Nobuo
Q124713771,male,伸生,ja,,Nobuo
Q124713768,male,信生,ja,,Nobuo
Q124713769,male,伸雄,ja,,Nobuo
Q124713983,male,延夫,ja,,Nobuo
Q124713986,male,延雄,ja,,Nobuo
Q124713984,male,延男,ja,,Nobuo
Q124713985,male,延生,ja,,Nobuo
Q124714034,male,展雄,ja,,Nobuo
Q124714032,male,展男,ja,,Nobuo
Q124714033,male,展生,ja,,Nobuo
Q124714054,male,宣生,ja,,Nobuo
Q124714055,male,宣雄,ja,,Nobuo
Q124714052,male,宣夫,ja,,Nobuo
Q124714053,male,宣男,ja,,Nobuo
Q124714509,male,かずてる,ja,,Kazuteru
Q124727073,female,よりえ,ja,,Yorie
Q124727135,male,またぞう,ja,,Matazō
Q124728646,male,よしいち,ja,,Yoshiichi
Q124789847,male,新太郎,ja,,Shintarō
Q124789850,male,心太郎,ja,,Shintarō
Q124789851,male,紳太郎,ja,,Shintarō
Q124789848,male,伸太郎,ja,,Shintarō
Q124789849,male,進太郎,ja,,Shintarō
Q124789852,male,信太朗,ja,,Shintarō
Q124791691,male,伸太朗,ja,,Shintarō
Q8055328,male,よりのぶ,ja,,Yorinobu
Q8056012,male,よしふみ,ja,,Yoshifumi
Q127471452,female,麻依子,ja,,Maiko
Q127471679,female,凜歩,ja,,Ria
Q125235398,unisex,じゅん,ja,,Jun
Q125342673,unisex,はやて,ja,,Hayate
Q125348368,male,森,ja,,Shigeru
Q125349376,male,滋,ja,,Shigeru
Q125366436,male,重仁,ja,,Shigeto
Q125368023,female,冬華,ja,,Fuyuka
Q125368882,male,ひさなが,ja,,Hisanaga
Q125371785,male,陽介,ja,,Yōsuke
Q125372582,male,憲,ja,,Ken
Q125372583,male,謙,ja,,Ken
Q125372580,male,健,ja,,Ken
Q125372581,male,賢,ja,,Ken
Q125372586,male,兼,ja,,Ken
Q125372587,male,堅,ja,,Ken
Q125372584,male,研,ja,,Ken
Q125372585,male,建,ja,,Ken
Q125372590,male,拳,ja,,Ken
Q125372588,male,顕,ja,,Ken
Q125372589,male,剣,ja,,Ken
Q7960775,female,わかこ,ja,,Wakako
Q8049934,male,やすあき,ja,,Yasuaki
Q123000124,male,湧士,ja,,Yūshi
Q123021419,male,勇大,ja,,Yuta
Q127471275,female,真希,ja,,Maki
Q127472988,male,英道,ja,,Hidemichi
Q127473083,male,秀道,ja,,Hidemichi
Q127473174,male,英通,ja,,Hidemichi
Q127473234,male,秀紀,ja,,Hidemichi
Q127473384,male,秀通,ja,,Hidemichi
Q127473480,male,英倫,ja,,Hidemichi
Q127473620,male,秀伯,ja,,Hidemichi
Q127499571,male,秀健,ja,,Hidetake
Q127499583,male,秀岳,ja,,Hidetake
Q127499597,male,英善,ja,,Hidetake
Q127499607,male,英武,ja,,Hidetake
Q127499610,male,英健,ja,,Hidetake
Q127499613,male,秀剛,ja,,Hidetake
Q127499617,male,秀武,ja,,Hidetake
Q127499623,female,美優,ja,,Miyu
Q127499647,male,昇,ja,,Noboru
Q127499682,male,ひでよし,ja,,Hideyoshi
Q127499747,female,ひなの,ja,,Hinano
Q127499752,female,陽菜,ja,,Hinano
Q127499767,female,ひな乃,ja,,Hinano
Q127499770,female,比菜乃,ja,,Hinano
Q127500414,male,弘幸,ja,,Hiroyuki
Q127500476,male,裕幸,ja,,Hiroyuki
Q127500551,male,浩幸,ja,,Hiroyuki
Q127500616,male,弘之,ja,,Hiroyuki
Q127503053,male,博之,ja,,Hiroyuki
Q127508680,female,陽菜乃,ja,,Hinano
Q127508697,female,雛乃,ja,,Hinano
Q127508735,female,妃奈乃,ja,,Hinano
Q127510079,male,裕貴,ja,,Hiroki
Q133254337,female,夏美,ja,,Natsumi
Q8056093,male,よしかつ,ja,,Yoshikatsu
Q8056124,male,よしき,ja,,Yoshiki
Q8056132,male,よしきよ,ja,,Yoshikiyo
Q133253963,male,良治,ja,,Yoshiharu
Q124519325,male,たけとら,ja,,Taketora
Q124519451,male,たつきち,ja,,Tatsukichi
Q124540017,male,しげとも,ja,,Shigetomo
Q124544925,female,玲子,ja,,Reiko
Q124607339,male,のぶさだ,ja,,Nobusada
Q124608327,male,としひと,ja,,Toshihito
Q124613412,male,そうはち,ja,,Sōhachi
Q124613423,male,こうしゅん,ja,,Kōshun
Q124613428,male,まんのすけ,ja,,Mannosuke
Q124613446,male,たつまる,ja,,Tatsumaru
Q124613448,male,しげあつ,ja,,Shigeatsu
Q124613453,male,くにとし,ja,,Kunitoshi
Q124613459,male,みちたけ,ja,,Michitake
Q124614050,female,ちゆき,ja,,Chiyuki
Q124615612,male,よしほ,ja,,Yoshiho
Q124615661,male,やすのすけ,ja,,Yasunosuke
Q124619223,male,くにと,ja,,Kunito
Q124620890,male,こうごろう,ja,,Kōgorō
Q124620893,male,こごろう,ja,,Kogorō
Q124620924,male,せんいちろう,ja,,Sen'ichirō
Q124624143,male,多喜男,ja,,Takio
Q124625042,male,ますぞう,ja,,Masuzō
Q124625044,male,やすただ,ja,,Yasutada
Q124625114,male,しゅうさぶろう,ja,,Shūsaburō
Q124625148,male,きちさぶろう,ja,,Kichisaburō
Q124625171,male,ばんじろう,ja,,Banjirō
Q124628119,male,ちょうざぶろう,ja,,Chūzaburō
Q124628143,male,いえさだ,ja,,Iesada
Q124628146,male,いすけ,ja,,Isuke
Q124628150,male,らいざぶろう,ja,,Raizaburō
Q124628166,male,さんのすけ,ja,,Sannosuke
Q124628164,male,うめのすけ,ja,,Umenosuke
Q124628188,male,もくざえもん,ja,,Mokuzaemon
Q124628202,male,たけいち,ja,,Takeichi
Q124628204,male,たけいちろう,ja,,Takeichirō
Q124628241,male,つねさぶろう,ja,,Tsunesaburō
Q124628260,male,さだしげ,ja,,Sadashige
Q124634422,female,すみ,ja,,Sumi
Q124642201,unisex,静,ja,,Shizuka
Q124646010,male,さんしろう,ja,,Sanshirō
Q124646069,male,美晴,ja,,Yoshiharu
Q124791692,male,慎太朗,ja,,Shintarō
Q124792211,male,誠司,ja,,Seiji
Q124792214,male,誠次,ja,,Seiji
Q124792215,male,清治,ja,,Seiji
Q124792212,male,誠二,ja,,Seiji
Q124792218,male,清二,ja,,Seiji
Q124792219,male,清次,ja,,Seiji
Q124792217,male,清司,ja,,Seiji
Q124792222,male,精二,ja,,Seiji
Q124792223,male,精次,ja,,Seiji
Q124792220,male,精治,ja,,Seiji
Q124792221,male,精司,ja,,Seiji
Q124792226,male,聖二,ja,,Seiji
Q124792227,male,聖次,ja,,Seiji
Q124792224,male,聖治,ja,,Seiji
Q124792225,male,聖司,ja,,Seiji
Q124792230,male,征二,ja,,Seiji
Q124792231,male,征次,ja,,Seiji
Q124792228,male,征治,ja,,Seiji
Q124792229,male,征司,ja,,Seiji
Q124815605,female,恭江,ja,,Yasue
Q124818363,male,なりまさ,ja,,Narimasa
Q124831310,female,美空,ja,,Miku
Q124832894,female,浅美,ja,,Asami
Q124832895,female,阿佐美,ja,,Asami
Q124832896,female,朝美,ja,,Asami
Q124832897,female,朝海,ja,,Asami
Q124843851,female,麻美,ja,,Mami
Q124877520,unisex,あさひ,ja,,Asahi
Q124972932,male,幸明,ja,,Yukiaki
Q125080579,male,民夫,ja,,Tamio
Q125080580,male,民雄,ja,,Tamio
Q125080581,male,民男,ja,,Tamio
Q125217182,male,だいせい,ja,,Daisei
Q125218039,male,稔,ja,,Minoru
Q125218472,male,信太,ja,,Shinta
Q125219163,female,詩乃,ja,,Shino
Q125219798,female,志野,ja,,Shino
Q125219797,female,紫野,ja,,Shino
Q125219947,female,詩野,ja,,Shino
Q125219950,female,信乃,ja,,Shino
Q125219948,female,紫乃,ja,,Shino
Q125219949,female,志乃,ja,,Shino
Q125219952,female,史乃,ja,,Shino
Q8056135,female,よしこ,ja,,Yoshiko
Q127524153,male,蓮二郎,ja,,Renjirō
Q125372591,male,絢,ja,,Ken
Q125373155,male,武,ja,,Takeshi
Q125373158,male,毅,ja,,Takeshi
Q125373156,male,健,ja,,Takeshi
Q125373157,male,剛,ja,,Takeshi
Q125373191,male,強,ja,,Tsuyoshi
Q125373193,male,毅,ja,,Tsuyoshi
Q125373274,male,剛,ja,,Gō
Q125373275,male,豪,ja,,Gō
Q125373276,male,豪,ja,,Tsuyoshi
Q125373277,male,豪,ja,,Takeshi
Q125373333,male,ちかふさ,ja,,Chikafusa
Q125373753,male,さだみつ,ja,,Sadamitsu
Q125374856,male,ただふゆ,ja,,Tadafuyu
Q125375026,male,健,ja,,Takeru
Q125375027,male,猛,ja,,Takeru
Q125375024,male,尊,ja,,Takeru
Q125375025,male,武,ja,,Takeru
Q125375028,male,毅,ja,,Takeru
Q125375099,male,もろなお,ja,,Moronao
Q125375192,male,やすいえ,ja,,Yasuie
Q8050046,male,やすのぶ,ja,,Yasunobu
Q8050049,male,やすのり,ja,,Yasunori
Q8056168,male,よしみち,ja,,Yoshimichi
Q123125743,male,もりふみ,ja,,Morifumi
Q123125745,male,ただかず,ja,,Tadakazu
Q123125894,male,てつあき,ja,,Tetsuaki
Q123151935,male,謙太郎,ja,,Kentarō
Q123157591,male,洋平,ja,,Yōhei
Q123167114,male,知靖,ja,,Tomoyasu
Q123182113,male,矩行,ja,,Noriyuki
Q123205540,male,武美,ja,,Takeyoshi
Q123242003,male,ためと,ja,,Tameto
Q123261252,male,かずため,ja,,Kazutame
Q123273533,unisex,優,ja,,Yū
Q123112275,male,元信,ja,,Motonobu
Q123113087,female,元子,ja,,Motoko
Q123113334,male,武二,ja,,Takeji
Q123116121,female,もりえ,ja,,Morie
Q123116242,female,つな,ja,,Tsuna
Q123123301,male,大洋,ja,,Taiyō
Q133254310,female,美穂子,ja,,Mihoko
Q133272729,female,珠莉奈,ja,,Jurina
Q136749238,male,良一郎,ja,,Ryōichirō
Q136749245,male,もんた,ja,,Monta
Q136749262,male,邦彦,ja,,Kunihiko
Q136749267,male,隆之,ja,,Takayuki
Q136749270,unisex,雄規,ja,,Yūki
Q136749276,male,治郎,ja,,Jirō
Q136749334,female,香織,ja,,Kaori
Q136749339,unisex,知里,ja,,Chisato
Q136749634,male,尚夫,ja,,Hisao
Q136749971,male,拓司,ja,,Takuji
Q136749980,male,恭三,ja,,Kyōzō
Q136749988,male,昌平,ja,,Shōhei
Q136750011,male,秀仁,ja,,Hidehito
Q136750014,male,直史,ja,,Naofumi
Q136750065,male,直裕,ja,,Naohiro
Q136750079,female,佐代子,ja,,Sayoko
Q136750145,male,善隆,ja,,Yoshitaka
Q136750162,male,悠介,ja,,Yūsuke
Q136750174,male,高行,ja,,Takayuki
Q136750201,male,孝雄,ja,,Takao
Q136750528,male,喜孝,ja,,Yoshitaka
Q136750613,male,嘉孝,ja,,Yoshitaka
Q136750658,male,嘉隆,ja,,Yoshitaka
Q136753210,male,吉隆,ja,,Yoshitaka
Q136754813,male,敏孝,ja,,Toshitaka
Q136755698,male,義堯,ja,,Yoshitaka
Q136757878,male,吉孝,ja,,Yoshitaka
Q136757891,male,利隆,ja,,Toshitaka
Q136757923,male,良隆,ja,,Yoshitaka
Q136758131,male,義貴,ja,,Yoshitaka
Q136758138,male,義貴,ja,,Yoshiki
Q136758420,male,英昭,ja,,Hideaki
Q136758434,male,好孝,ja,,Yoshitaka
Q136758488,male,敏隆,ja,,Toshitaka
Q136758596,male,ひさご,ja,,Hisago
Q136758633,male,芳隆,ja,,Yoshitaka
Q136762178,male,俊孝,ja,,Toshitaka
Q136762289,male,かつたか,ja,,Katsutaka
Q136762329,male,あつたか,ja,,Atsutaka
Q136762363,male,よしかた,ja,,Yoshikata
Q136762377,male,よしあや,ja,,Yoshiaya
Q136764643,unisex,由貴,ja,,Yuki
Q136764706,male,八郎,ja,,Hachirō
Q136764861,male,昌隆,ja,,Masataka
Q136764976,male,しょうせい,ja,,Shōsei
Q136766871,male,慎之介,ja,,Shinnosuke
Q136767157,female,みきえ,ja,,Mikie
Q136767202,female,鈴,ja,,Suzu
Q136767215,unisex,実希,ja,,Miki
Q136767221,unisex,美貴,ja,,Miki
Q8060695,male,ゆきひこ,ja,,Yukihiko
Q8050126,male,やすゆき,ja,,Yasuyuki
Q8050125,male,やすよし,ja,,Yasuyoshi
Q127525080,male,洸士,ja,,Kō
Q8056108,male,よしかず,ja,,Yoshikazu
Q127515045,male,宏之,ja,,Hiroyuki
Q127522656,male,琉碧,ja,,Rui
Q127523888,male,圭佑,ja,,Keisuke
Q127523949,male,大地,ja,,Daichi
Q127524626,female,蘭音,ja,,Rano
Q8056146,male,よしまさ,ja,,Yoshimasa
Q8056145,male,よしくに,ja,,Yoshikuni
Q133268496,male,永治,ja,,Eiji
Q133272675,female,雫玖,ja,,Shizuku
Q133284797,female,江里子,ja,,Eriko
Q127527633,female,南美,ja,,Minami
Q133285212,female,紗希,ja,,Saki
Q133284782,female,千鶴子,ja,,Chizuko
Q136735183,female,道子,ja,,Michiko
Q136735218,female,里佳,ja,,Rika
Q136735238,male,郁也,ja,,Fumiya
Q136735275,male,隆司,ja,,Ryūji
Q136735284,female,麻里子,ja,,Mariko
Q136735297,male,もときよ,ja,,Motokiyo
Q136735305,male,幸雄,ja,,Yukio
Q136735324,female,いよ,ja,,Iyo
Q136735377,male,俊樹,ja,,Toshiki
Q136735394,male,良介,ja,,Ryōsuke
Q136735470,male,仁,ja,,Hitoshi
Q136735522,male,智義,ja,,Tomoyoshi
Q136736423,male,新之助,ja,,Shinnosuke
Q136743317,male,章仁,ja,,Akihito
Q136743498,female,麻理子,ja,,Mariko
Q136744329,male,崇裕,ja,,Takahiro
Q136744341,male,史雄,ja,,Fumio
Q136744457,male,省吾,ja,,Shōgo
Q136744555,male,達明,ja,,Tatsuaki
Q136744696,unisex,雄樹,ja,,Yūki
Q136744813,male,和道,ja,,Kazumichi
Q136744822,male,能成,ja,,Yoshinari
Q136744825,male,勝行,ja,,Katsuyuki
Q136744832,male,壮平,ja,,Sōhei
Q136744844,male,裕一,ja,,Yūichi
Q136745147,male,敬史,ja,,Keishi
Q136745160,male,敬士,ja,,Keishi
Q136745183,male,宏和,ja,,Hirokazu
Q136745272,male,晴紀,ja,,Haruki
Q136745284,male,元裕,ja,,Motohiro
Q136745315,male,忠重,ja,,Tadashige
Q136745825,male,峻,ja,,Shun
Q136746006,male,みよじ,ja,,Miyoji
Q136746020,female,友希,ja,,Yuki
Q136746081,male,和夫,ja,,Kazuo
Q136749097,male,和広,ja,,Kazuhiro
Q136749102,male,和良,ja,,Kazuyoshi
Q136749106,male,啓二,ja,,Keiji
Q136749141,male,幹夫,ja,,Mikio
Q136749145,male,ひろなか,ja,,Hironaka
Q136749152,male,建二,ja,,Kenji
Q136749158,male,憲幸,ja,,Noriyuki
Q136749170,male,正士,ja,,Masashi
Q136749174,male,正夫,ja,,Masao
Q136749200,male,由紀夫,ja,,Yukio
Q136749210,male,真平,ja,,Shinpei
Q136749221,female,真由,ja,,Mayu
Q136749227,male,たねぞう,ja,,Tanezō
Q136749236,male,翔吾,ja,,Shōgo
Q8060732,male,ゆきのり,ja,,Yukinori
Q8060736,male,ゆきお,ja,,Yukio
Q125526196,female,たきこ,ja,,Takiko
Q125544315,unisex,一二三,ja,,Hifumi
Q125546969,male,けいや,ja,,Keiya
Q125553103,male,せんきち,ja,,Senkichi
Q125553105,male,せんきちろう,ja,,Senkichirō
Q125553137,male,れんきち,ja,,Renkichi
Q125553142,male,ぜんきち,ja,,Zenkichi
Q125553155,male,べんきち,ja,,Benkichi
Q125553160,male,ばんきち,ja,,Bankichi
Q125553196,male,だんきち,ja,,Dankichi
Q125553219,male,らいきち,ja,,Raikichi
Q125553224,male,ためきち,ja,,Tamekichi
Q125553242,male,きちぞう,ja,,Kichizō
Q125553245,male,きちろう,ja,,Kichirō
Q125553258,male,きちお,ja,,Kichio
Q127608585,male,和男,ja,,Kazuo
Q8056298,male,よしたろう,ja,,Yoshitarō
Q8056300,male,よしてる,ja,,Yoshiteru
Q127608587,male,靖雄,ja,,Yasuo
Q138340292,male,大亮,ja,,Daisuke
Q138348007,male,恵介,ja,,Keisuke
Q138348271,male,洋司,ja,,Yōji
Q138348650,male,啓一郎,ja,,Keiichirō
Q138348757,male,春平,ja,,Shunpei
Q138351461,female,美菜,ja,,Mina
Q138351549,male,淳平,ja,,Junpei
Q138357987,female,修子,ja,,Shūko
Q138358362,male,俊行,ja,,Toshiyuki
Q138380724,male,宗徳,ja,,Munenori
Q138380741,female,都,ja,,Miyako
Q138380989,male,一秀,ja,,Kazuhide
Q138381447,male,和,ja,,Yawara
Q138381496,male,正信,ja,,Masanobu
Q138381512,female,かづよ,ja,,Kazuyo
Q138381535,male,幹男,ja,,Mikio
Q138387369,male,健司,ja,,Takeshi
Q138387444,male,耕三,ja,,Kōzō
Q138387555,male,安男,ja,,Yasuo
Q138388314,male,雅明,ja,,Masaaki
Q138388476,male,いせい,ja,,Isei
Q138388907,male,朋也,ja,,Tomoya
Q138388911,female,いつみ,ja,,Itsumi
Q138388917,male,基之,ja,,Motoyuki
Q138389066,male,もととし,ja,,Mototoshi
Q138389092,male,もといえ,ja,,Motoie
Q138389140,male,もとつね,ja,,Mototsune
Q138389255,male,もとあきら,ja,,Motoakira
Q138389350,male,もととも,ja,,Mototomo
Q138389470,male,もとたね,ja,,Mototane
Q138389582,male,もとつら,ja,,Mototsura
Q138403424,male,もとみち,ja,,Motomichi
Q138403522,male,もとしげ,ja,,Motoshige
Q138403865,male,一治,ja,,Kazuharu
Q138404052,male,健夫,ja,,Takeo
Q138404973,unisex,悠里,ja,,Yūri
Q138405870,unisex,竜樹,ja,,Tatsuki
Q138406058,female,舞子,ja,,Maiko
Q138406428,male,辰也,ja,,Tatsuya
Q138406615,unisex,辰美,ja,,Tatsumi
Q138407032,male,真一郎,ja,,Shin'ichirō
Q138407273,male,鉄男,ja,,Tetsuo
Q138407504,male,謙二,ja,,Kenji
Q138407919,male,喜三郎,ja,,Kisaburō
Q138408292,male,一生,ja,,Kazuo
Q138408643,male,吉博,ja,,Yoshihiro
Q138409040,male,哲三,ja,,Tetsuzō
Q138409160,male,たもん,ja,,Tamon
Q138409198,male,多門,ja,,Tamon
Q138409507,male,さだなが,ja,,Sadanaga
Q123335178,male,かくお,ja,,Kakuo
Q123337288,male,ひろただ,ja,,Hirotada
Q123359536,male,くにただ,ja,,Kunitada
Q123400070,male,ときのり,ja,,Tokinori
Q123408709,female,裕紀子,ja,,Yukiko
Q123472298,male,康夫,ja,,Yasuo
Q123477631,male,秀明,ja,,Hideaki
Q123483285,male,俊宏,ja,,Toshihiro
Q123516165,unisex,みなと,ja,,Minato
Q123581575,female,悦子,ja,,Etsuko
Q8062065,male,ゆたか,ja,,Yutaka
Q125383839,male,ときゆき,ja,,Tokiyuki
Q125384262,male,たかとき,ja,,Takatoki
Q125384688,male,よしもり,ja,,Yoshimori
Q125389557,female,鞠子,ja,,Mariko
Q125395880,male,やすとき,ja,,Yasutoki
Q125395987,male,よりうじ,ja,,Yoriuji
Q125396004,male,頼氏,ja,,Yoriuji
Q125396115,male,たかつね,ja,,Takatsune
Q125399443,male,もりき,ja,,Moriki
Q125404439,male,いえなが,ja,,Ienaga
Q125404847,male,としいえ,ja,,Toshiie
Q125404883,male,飛雄馬,ja,,Hyūma
Q125418525,unisex,あぐり,ja,,Aguri
Q125419135,unisex,あさき,ja,,Asaki
Q125421519,female,愛莉,ja,,Airi
Q125439824,male,ゆうせい,ja,,Yūsei
Q125449079,male,卓,ja,,Suguru
Q125449080,male,優,ja,,Suguru
Q125449081,male,傑,ja,,Suguru
Q125449386,male,卓,ja,,Taku
Q125456475,male,さだむね,ja,,Sadamune
Q125466176,male,ためとも,ja,,Tametomo
Q125466206,male,ちかあき,ja,,Chikaaki
Q125467163,male,よしなか,ja,,Yoshinaka
Q125469543,male,てるかず,ja,,Terukazu
Q125469582,male,じゅうぞう,ja,,Jūzō
Q125469590,male,かねとも,ja,,Kanetomo
Q125469641,male,れいいちろう,ja,,Reiichirō
Q125471828,male,虔,ja,,Ken
Q125471863,male,乾,ja,,Ken
Q125473602,female,ゆめの,ja,,Yumeno
Q125475068,female,ひいらぎ,ja,,Hiiragi
Q125476242,female,あゆか,ja,,Ayuka
Q125476284,female,とみえ,ja,,Tomie
Q125495311,male,敬,ja,,Takashi
Q125499343,male,献,ja,,Ken
Q125500568,female,きいこ,ja,,Kiiko
Q125504536,female,てるよ,ja,,Teruyo
Q125522047,male,とくべえ,ja,,Tokubee
Q125522237,male,きしお,ja,,Kishio
Q125522741,male,いちごろう,ja,,Ichigorō
Q125524072,male,くまぞう,ja,,Kumazō
Q125526117,female,かおりこ,ja,,Kaoriko
Q133284741,male,大佑,ja,,Daisuke
Q8061656,female,ゆりか,ja,,Yurika
Q8061661,female,ゆりこ,ja,,Yuriko
Q8060712,female,ゆきこ,ja,,Yukiko
Q8056310,male,よしとも,ja,,Yoshitomo
Q8056328,male,よしやす,ja,,Yoshiyasu
Q8060572,female,ゆかり,ja,,Yukari
Q133285336,female,晴加,ja,,Haruka
Q123601059,female,知恵,ja,,Chie
Q123601811,male,証雄,ja,,Masao
Q123601922,male,真男,ja,,Masao
Q123602172,male,信孝,ja,,Nobutaka
Q123602554,male,英孝,ja,,Hidetaka
Q123602720,male,洋介,ja,,Yōsuke
Q123603026,female,靑子,ja,,Seiko
Q123603220,female,桂子,ja,,Keiko
Q123603536,female,智香子,ja,,Chikako
Q123604068,female,美保,ja,,Miho
Q123604275,unisex,瑞希,ja,,Mizuki
Q123604292,female,令佳,ja,,Reika
Q123604326,female,冴香,ja,,Sayaka
Q123604429,female,知江子,ja,,Chieko
Q123610513,female,香里,ja,,Kaori
Q123610752,male,佳孝,ja,,Yoshitaka
Q123611238,male,博且,ja,,Hirokatsu
Q123614517,male,あきみつ,ja,,Akimitsu
Q123614525,male,あつのり,ja,,Atsunori
Q123614563,unisex,あやと,ja,,Ayato
Q123614577,male,ちゅうぞう,ja,,Chūzō
Q123614598,male,えつお,ja,,Etsuo
Q123614625,male,えつや,ja,,Etsuya
Q123614628,male,ふみひで,ja,,Fumihide
Q123614645,male,ふみのぶ,ja,,Fuminobu
Q123614665,male,ぎいちろう,ja,,Giichirō
Q123614683,male,はるたろう,ja,,Harutarō
Q123614702,male,はるぞう,ja,,Haruzō
Q136767257,male,尚貴,ja,,Naoki
Q136767269,male,公太,ja,,Kōta
Q136767277,male,克久,ja,,Katsuhisa
Q136767283,male,譲二,ja,,Jōji
Q136767293,unisex,充,ja,,Mitsuru
Q136767298,male,金太郎,ja,,Kintarō
Q136767310,male,正重,ja,,Masashige
Q136767315,male,ともさだ,ja,,Tomosada
Q136767334,male,一忠,ja,,Kazutada
Q136767333,male,かずただ,ja,,Kazutada
Q136767348,male,四郎,ja,,Shirō
Q136767360,female,梨花,ja,,Rika
Q136767367,male,うのきち,ja,,Unokichi
Q136767371,male,康成,ja,,Yasunari
Q136767379,male,一成,ja,,Kazunari
Q136767398,male,これふさ,ja,,Korefusa
Q136767407,male,みなお,ja,,Minao
Q136767421,female,京子,ja,,Kyōko
Q136767463,male,りょうえい,ja,,Ryōei
Q136767482,unisex,佳,ja,,Kei
Q136767488,male,利之,ja,,Toshiyuki
Q136767495,male,公一,ja,,Kōichi
Q136767561,male,利之,ja,,Hirotaka
Q136769867,female,加奈子,ja,,Kanako
Q136769878,male,勝人,ja,,Katsuhito
Q136769922,male,卓四郎,ja,,Takushirō
Q136769936,male,つぐひろ,ja,,Tsuguhiro
Q136769952,male,哲夫,ja,,Tetsuo
Q136770022,male,かじゅうろう,ja,,Kajūrō
Q136770079,male,嘉明,ja,,Yoshiaki
Q136770124,male,孝宏,ja,,Takahiro
Q136770141,male,安司,ja,,Yasushi
Q136770171,male,寛一郎,ja,,Kan'ichirō
Q136772453,male,大志,ja,,Taishi
Q136772631,male,彰悟,ja,,Shōgo
Q136772928,male,颯太,ja,,Sōta
Q136772943,male,龍之介,ja,,Ryūnosuke
Q136772973,male,しゅんじろう,ja,,Shunjirō
Q136772997,male,岩吉,ja,,Iwakichi
Q136773001,male,つねずみ,ja,,Tsunezumi
Q136773010,male,幸三,ja,,Kōzō
Q136773015,male,幸子,ja,,Yukiko
Q136773035,male,広太郎,ja,,Hirotarō
Q136773085,male,康雄,ja,,Yasuo
Q136773119,male,忠行,ja,,Tadayuki
Q136773155,female,愛子,ja,,Aiko
Q136773198,male,文夫,ja,,Fumio
Q136773214,male,春彦,ja,,Haruhiko
Q136773257,female,梨絵,ja,,Rie
Q123330092,male,陽耶,ja,,Haruya
Q133285221,female,早希,ja,,Saki
Q133285390,male,日向,ja,,Hyuga
Q123581576,female,久子,ja,,Hisako
Q123581879,male,和博,ja,,Kazuhiro
Q123581877,male,栄一,ja,,Eiichi
Q123581880,male,英史,ja,,Eishi
Q8060684,female,ゆきえ,ja,,Yukie
Q8060763,male,ゆきや,ja,,Yukiya
Q8061641,female,ゆりえ,ja,,Yurie
Q127579153,male,ひろのすけ,ja,,Hironosuke
Q127579962,male,裕之,ja,,Hiroyuki
Q127598445,male,ゆうのしん,ja,,Yūnoshin
Q127604581,male,洋之,ja,,Hiroyuki
Q127604620,male,宏行,ja,,Hiroyuki
Q127608584,male,航士朗,ja,,Kōshirō
Q123585068,male,つねあき,ja,,Tsuneaki
Q123587826,male,翔冶,ja,,Shōji
Q123597175,female,美順,ja,,Miyuki
Q123597384,male,圭太,ja,,Keita
Q123597493,female,匡子,ja,,Kyōko
Q123597506,female,栄理子,ja,,Eriko
Q123597512,male,翔,ja,,Shō
Q123600935,male,典靖,ja,,Noriyasu
Q123600946,male,真也,ja,,Shin'ya
Q123601039,female,愛,ja,,Ai
Q127608625,male,太基,ja,,Taiki
Q136913397,male,敦司,ja,,Atsushi
Q136913405,male,貴広,ja,,Takahiro
Q136913431,female,眞弓,ja,,Mayumi
Q136913442,male,輝久,ja,,Teruhisa
Q136913463,male,恒太郎,ja,,Tsunetarō
Q136913469,female,れいあ,ja,,Reia
Q136916207,male,俊久,ja,,Toshihisa
Q136916364,male,ともみつ,ja,,Tomomitsu
Q136916680,male,雅哉,ja,,Masaya
Q136916729,male,正幸,ja,,Masayuki
Q136917147,male,哲矢,ja,,Tetsuya
Q136917449,male,慎司,ja,,Shinji
Q136917604,male,正晃,ja,,Masaaki
Q136917861,male,友彦,ja,,Tomohiko
Q136917909,male,善信,ja,,Yoshinobu
Q136919449,male,英樹,ja,,Hideki
Q136920166,female,緑,ja,,Midori
Q136945302,male,優吾,ja,,Yūgo
Q136981769,male,彰彦,ja,,Akihiko
Q136994395,male,裕平,ja,,Yūhei
Q136994421,male,すみひと,ja,,Sumihito
Q137003904,male,泰二郎,ja,,Taijirō
Q137004396,male,久,ja,,Hisashi
Q137004635,male,知之,ja,,Tomoyuki
Q137004911,male,恵太郎,ja,,Keitarō
Q137013579,male,伸一,ja,,Shin'ichi
Q137020686,male,正弘,ja,,Masahiro
Q137022751,male,信哉,ja,,Nobuya
Q137041540,male,光洋,ja,,Mitsuhiro
Q137041551,male,浩一郎,ja,,Kōichirō
Q137046884,male,正和,ja,,Masakazu
Q137047625,male,武彦,ja,,Takehiko
Q137048432,male,宗孝,ja,,Munetaka
Q137048783,female,佳代子,ja,,Kayoko
Q137048888,male,正孝,ja,,Masataka
Q137049279,male,かくのすけ,ja,,Kakunosuke
Q137049310,male,勝秀,ja,,Katsuhide
Q137074425,unisex,征樹,ja,,Masaki
Q137103780,male,五郎左衛門,ja,,Gorōzaemon
Q137109206,male,徳五郎,ja,,Tokugorō
Q137109675,male,すけお,ja,,Sukeo
Q137109840,male,とみひで,ja,,Tomihide
Q137110081,male,たけまつ,ja,,Takematsu
Q137110617,male,さんざえもん,ja,,Sanzaemon
Q137132129,male,真,ja,,Shin
Q137140356,male,しゅうたろう,ja,,Shūtarō
Q8062692,male,ようぞう,ja,,Yōzō
Q8062705,male,ゆうだい,ja,,Yūdai
Q123330109,male,彩斗,ja,,Ayato
Q127608691,unisex,遥,ja,,Haru
Q8056182,male,よしなお,ja,,Yoshinao
Q8056273,male,よししげ,ja,,Yoshishige
Q8056291,male,よしたけ,ja,,Yoshitake
Q8062754,male,ゆうさく,ja,,Yūsaku
Q8062766,male,ゆうし,ja,,Yūshi
Q8062778,male,ゆうと,ja,,Yūto
Q8062638,male,ようへい,ja,,Yōhei
Q8062640,male,陽一,ja,,Yōichi
Q8062728,male,ゆうじろう,ja,,Yūjirō
Q8062743,male,ゆうきち,ja,,Yūkichi
Q138870844,male,賢介,ja,,Kensuke
Q138871192,female,光代,ja,,Mitsuyo
Q138871680,male,光徳,ja,,Mitsunori
Q138871977,male,じゅんけん,ja,,Junken
Q138872085,female,志津,ja,,Shizu
Q138873741,male,洋輔,ja,,Yōsuke
Q138874087,female,朋子,ja,,Tomoko
Q138875473,female,克子,ja,,Katsuko
Q138875522,female,恵理子,ja,,Eriko
Q138875602,male,玄太郎,ja,,Gentarō
Q138884156,female,亜子,ja,,Ako
Q138887609,unisex,有,ja,,Yū
Q138888646,male,紀彦,ja,,Norihiko
Q138889859,female,良子,ja,,Ryōko
Q138890156,male,英俊,ja,,Hidetoshi
Q138890314,male,喜明,ja,,Yoshiaki
Q138893483,male,昌史,ja,,Masafumi
Q138893779,male,みきじ,ja,,Mikiji
Q138895266,male,泰久,ja,,Yasuhisa
Q138898032,male,美樹,ja,,Yoshiki
Q138898142,male,清徳,ja,,Kiyonori
Q138898647,unisex,慶,ja,,Kei
Q138901202,male,健吉,ja,,Kenkichi
Q138901659,male,徹太郎,ja,,Tetsutarō
Q138904269,male,英一,ja,,Eiichi
Q138904415,female,友香,ja,,Yuka
Q138904801,unisex,智美,ja,,Tomomi
Q138904900,male,牧人,ja,,Makito
Q138907062,female,悠里,ja,,Yuri
Q138909141,male,茂喜,ja,,Shigeki
Q138909247,male,隆俊,ja,,Takatoshi
Q138918370,male,秀範,ja,,Hidenori
Q138918544,male,秀毅,ja,,Hideki
Q138919265,male,重好,ja,,Shigeyoshi
Q138921172,male,隆介,ja,,Ryūsuke
Q138921661,male,克司,ja,,Katsushi
Q138944381,male,克則,ja,,Katsunori
Q138944572,male,壮太,ja,,Sōta
Q138944649,male,聡太,ja,,Sōta
Q138944835,male,道彦,ja,,Michihiko
Q138952647,male,政彦,ja,,Masahiko
Q138952960,male,悠人,ja,,Yūto
Q138970543,male,ちかとし,ja,,Chikatoshi
Q138971374,male,正伸,ja,,Masanobu
Q138972112,male,元雄,ja,,Motoo
Q138987397,male,慶輔,ja,,Keisuke
Q138990107,male,朋樹,ja,,Tomoki
Q138991584,male,眞一郎,ja,,Shin'ichirō
Q138992958,male,てるひろ,ja,,Teruhiro
Q139023419,male,岳大,ja,,Takehiro
Q133285437,male,悠翔,ja,,Haruto
Q8062717,male,ゆういちろう,ja,,Yūichirō
Q136773402,male,たい,ja,,Tai
Q136773405,male,泰,ja,,Tai
Q136773418,male,泰輝,ja,,Taiki
Q136773565,male,正也,ja,,Masaya
Q136776650,male,まさひら,ja,,Masahira
Q136776685,male,正明,ja,,Masaaki
Q136776698,male,正辰,ja,,Masatoki
Q136776709,male,泰宏,ja,,Yasuhiro
Q136776761,female,真夕,ja,,Mayu
Q136778085,female,直子,ja,,Naoko
Q136778197,unisex,真季,ja,,Maki
Q136778282,unisex,真澄,ja,,Masumi
Q136778374,male,禮次郎,ja,,Reijirō
Q136779100,male,秀人,ja,,Hideto
Q136782995,male,いちさぶろう,ja,,Ichisaburō
Q136784306,male,良久,ja,,Yoshihisa
Q136784348,male,茂幸,ja,,Shigeyuki
Q136784369,male,裕昭,ja,,Hiroaki
Q136784394,male,貞勝,ja,,Sadakatsu
Q136785211,female,りら,ja,,Rira
Q136785269,female,絹代,ja,,Kinuyo
Q136785310,unisex,宏美,ja,,Hiromi
Q136785353,female,真梨子,ja,,Mariko
Q136785364,female,美奈,ja,,Mina
Q136785390,unisex,芳美,ja,,Yoshimi
Q136788587,female,里沙,ja,,Risa
Q136788627,unisex,裕美,ja,,Hiromi
Q136788678,unisex,れおん,ja,,Reon
Q136788692,unisex,勇貴,ja,,Yūki
Q136788713,male,雅治,ja,,Masaharu
Q136788891,male,正彰,ja,,Masaaki
Q136789090,male,逸郎,ja,,Itsurō
Q136789110,unisex,たつ,ja,,Tatsu
Q136789112,unisex,達,ja,,Tatsu
Q136789245,male,雅春,ja,,Masaharu
Q136789512,male,高宏,ja,,Takahiro
Q136789576,male,則夫,ja,,Norio
Q136789670,male,虎男,ja,,Torao
Q136789713,male,友一,ja,,Yūichi
Q136789920,unisex,克巳,ja,,Katsumi
Q136789936,male,しんせい,ja,,Shinsei
Q136790043,male,良一,ja,,Yoshikazu
Q136790814,male,洋二,ja,,Yōji
Q136790979,unisex,梓,ja,,Azusa
Q136791082,male,順一,ja,,Jun'ichi
Q136791112,male,和範,ja,,Kazunori
Q136791573,female,幸子,ja,,Sachiko
Q136791663,male,ともただ,ja,,Tomotada
Q136791861,male,知幸,ja,,Tomoyuki
Q136791871,male,一博,ja,,Kazuhiro
Q138569546,male,陽輔,ja,,Yōsuke
Q138569568,male,大治郎,ja,,Daijirō
Q138573061,male,義浩,ja,,Yoshihiro
Q138573351,male,久幸,ja,,Hisayuki
Q138573538,male,正章,ja,,Masaaki
Q138573907,male,敏男,ja,,Toshio
Q138578777,male,豊彦,ja,,Toyohiko
Q138578884,male,幸太郎,ja,,Kōtarō
Q138578988,male,祐,ja,,Tasuku
Q138583166,male,秀孝,ja,,Hidetaka
Q138583986,male,淳史,ja,,Atsushi
Q138589943,male,俊介,ja,,Shunsuke
Q138590675,male,定雄,ja,,Sadao
Q138605783,male,輝雄,ja,,Teruo
Q138605825,female,弥生,ja,,Yayoi
Q138606007,male,喜久雄,ja,,Kikuo
Q138606026,unisex,京,ja,,Kyō
Q138606040,male,大貴,ja,,Hiroki
Q138606109,male,祐二,ja,,Yūji
Q138606181,male,雄司,ja,,Yūji
Q138606344,female,絵美,ja,,Emi
Q138611279,male,幸作,ja,,Kōsaku
Q138611410,male,善治,ja,,Yoshiharu
Q138617303,male,正典,ja,,Masanori
Q138618010,male,昌幸,ja,,Masayuki
Q138620276,female,哲子,ja,,Tetsuko
Q138620606,male,典彦,ja,,Norihiko
Q138620931,female,邦子,ja,,Kuniko
Q138621282,male,ひろさぶろう,ja,,Hirosaburō
Q138630006,male,俊助,ja,,Shunsuke
Q138634994,male,博光,ja,,Hiromitsu
Q138640121,unisex,塁,ja,,Rui
Q138643848,male,一哉,ja,,Kazuya
Q138656255,female,たお,ja,,Tao
Q138656267,male,欣也,ja,,Kin'ya
Q138659780,female,昌子,ja,,Shōko
Q138662694,female,玲美,ja,,Remi
Q138662707,male,もとひさ,ja,,Motohisa
Q138662770,male,泰憲,ja,,Yasunori
Q138662980,male,一記,ja,,Kazuki
Q138663719,female,利恵子,ja,,Rieko
Q138663819,female,悠子,ja,,Yūko
Q138663857,male,たいしろう,ja,,Taishirō
Q138665085,male,智幸,ja,,Tomoyuki
Q138665752,male,智康,ja,,Tomoyasu
Q138673000,male,将彦,ja,,Masahiko
Q138673058,male,洋樹,ja,,Hiroki
Q138673250,male,三四郎,ja,,Sanshirō
Q138673275,male,務,ja,,Tsutomu
Q9142818,female,あいか,ja,,Aika
Q9143413,female,あきこ,ja,,Akiko
Q136823638,male,俊治,ja,,Shunji
Q136823761,male,康平,ja,,Kōhei
Q136824640,male,これすけ,ja,,Koresuke
Q136831713,male,みねたか,ja,,Minetaka
Q136838912,male,陽一郎,ja,,Yōichirō
Q136840159,female,なおか,ja,,Naoka
Q136840229,unisex,千明,ja,,Chiaki
Q136840445,male,たてあき,ja,,Tateaki
Q136840664,unisex,晴香,ja,,Haruka
Q136840955,male,智之,ja,,Satoshi
Q136840989,male,健史,ja,,Takeshi
Q136841155,male,ひこぞう,ja,,Hikozō
Q136841169,male,彦三,ja,,Hikozō
Q136849290,male,なおひと,ja,,Naohito
Q136849293,male,直人,ja,,Naohito
Q136849486,male,和正,ja,,Kazumasa
Q136849539,male,高,ja,,Takashi
Q136849638,male,一生,ja,,Issei
Q136868231,male,智,ja,,Satoru
Q136868638,male,元彦,ja,,Motohiko
Q136868765,male,勝久,ja,,Katsuhisa
Q136868811,male,貴哉,ja,,Takaya
Q136884976,unisex,泉,ja,,Izumi
Q136886232,male,穣,ja,,Minoru
Q136887292,male,真悟,ja,,Shingo
Q136888969,male,秀明,ja,,Shūmei
Q136889008,male,やすきよ,ja,,Yasukiyo
Q136889099,male,安則,ja,,Yasunori
Q136892633,female,怜子,ja,,Reiko
Q136892693,male,卓也,ja,,Takuya
Q136907527,male,拓生,ja,,Takuo
Q136907550,male,拓夫,ja,,Takuo
Q136912075,female,しゅうこ,ja,,Shūko
Q136912078,female,周子,ja,,Shūko
Q136912327,male,泰行,ja,,Yasuyuki
Q136912361,male,栄之助,ja,,Einosuke
Q136913247,male,周一郎,ja,,Shūichirō
Q136913281,male,雄治,ja,,Yūji
Q136913291,male,まつのすけ,ja,,Matsunosuke
Q136913292,male,松之助,ja,,Matsunosuke
Q136913313,male,いっぽ,ja,,Ippo
Q136913328,male,一人,ja,,Kazuto
Q136913339,unisex,春香,ja,,Haruka
Q136913362,male,重雄,ja,,Shigeo
Q136913363,male,繁男,ja,,Shigeo
Q136913376,male,隆男,ja,,Takao
Q8062787,male,ゆうや,ja,,Yūya
Q8069133,male,ぜんじろう,ja,,Zenjirō
Q127608628,male,勇希,ja,,Yuki
Q136791922,male,一広,ja,,Kazuhiro
Q136792031,male,尚紀,ja,,Naoki
Q136792105,unisex,千晶,ja,,Chiaki
Q136792445,male,あきてる,ja,,Akiteru
Q136792722,female,昌子,ja,,Masako
Q136792741,female,きよの,ja,,Kiyono
Q136792820,male,きわむ,ja,,Kiwamu
Q136792824,male,究,ja,,Kiwamu
Q136793382,male,森,ja,,Shin
Q136793432,female,慶子,ja,,Keiko
Q136793537,male,義教,ja,,Yoshinori
Q136793803,female,寧々,ja,,Nene
Q136793815,female,由里子,ja,,Yuriko
Q136793830,male,寿男,ja,,Toshio
Q136793840,unisex,志音,ja,,Shion
Q136794030,male,茂助,ja,,Mosuke
Q136794158,male,靖彦,ja,,Yasuhiko
Q136794218,male,康紀,ja,,Yasunori
Q136794239,male,智広,ja,,Tomohiro
Q136795202,male,卓哉,ja,,Takuya
Q136795698,male,隆也,ja,,Takaya
Q136795727,male,耕太,ja,,Kōta
Q136796268,male,隆文,ja,,Takafumi
Q136796345,male,隼,ja,,Shun
Q136796398,male,昭夫,ja,,Akio
Q136798315,male,厚司,ja,,Atsushi
Q136802205,male,光則,ja,,Mitsunori
Q136802335,male,光輝,ja,,Mitsuteru
Q136802354,male,ごうき,ja,,Gōki
Q136802411,male,憲明,ja,,Noriaki
Q136802426,male,悌二,ja,,Teiji
Q136803839,male,達矢,ja,,Tatsuya
Q136804124,male,哲治,ja,,Tetsuji
Q136804829,male,知行,ja,,Tomoyuki
Q136804924,unisex,弘,ja,,Hiromu
Q136804939,male,善治,ja,,Zenji
Q136807248,male,いちや,ja,,Ichiya
Q136807473,male,しこう,ja,,Shikō
Q136811948,male,義尚,ja,,Yoshinao
Q136812325,unisex,慧,ja,,Kei
Q136812337,male,拓郎,ja,,Takurō
Q136815647,male,和敏,ja,,Kazutoshi
Q136816174,female,らいか,ja,,Raika
Q136817678,male,康明,ja,,Yasuaki
Q136817971,male,龍次,ja,,Ryūji
Q136818079,male,富士夫,ja,,Fujio
Q133285417,male,楓,ja,,Huu
Q127608626,male,勝志,ja,,Masashi
Q127608713,female,真央,ja,,Mao
Q137383059,male,龍夫,ja,,Tatsuo
Q137383491,male,真之介,ja,,Shinnosuke
Q137383514,unisex,しょうり,ja,,Shōri
Q137383527,female,きりこ,ja,,Kiriko
Q137383584,male,英嗣,ja,,Hidetsugu
Q137383629,male,嘉一,ja,,Yoshikazu
Q137383671,male,隆久,ja,,Takahisa
Q137383770,male,秀則,ja,,Hidenori
Q137383813,male,正彦,ja,,Masahiko
Q137383892,male,信介,ja,,Shinsuke
Q137386467,male,一典,ja,,Kazunori
Q137386498,male,義典,ja,,Yoshinori
Q137386923,male,友介,ja,,Yūsuke
Q137386964,male,広樹,ja,,Hiroki
Q137392721,male,倫介,ja,,Tomosuke
Q137392730,male,ともすけ,ja,,Tomosuke
Q137392728,male,智介,ja,,Tomosuke
Q137392734,male,友輔,ja,,Tomosuke
Q137392752,male,知佑,ja,,Tomosuke
Q137392760,male,友助,ja,,Tomosuke
Q137392977,male,芳幸,ja,,Yoshiyuki
Q137396036,male,成一,ja,,Seiichi
Q137396051,male,晴一,ja,,Seiichi
Q137411951,unisex,敬,ja,,Kei
Q137412492,male,大造,ja,,Daizō
Q137425401,male,晃久,ja,,Akihisa
Q137426418,male,卓史,ja,,Takashi
Q137426746,male,浩一,ja,,Hirokazu
Q137433868,female,佐知子,ja,,Sachiko
Q137440091,unisex,やす,ja,,Yasu
Q137440374,male,圭亮,ja,,Keisuke
Q137440727,male,嘉郎,ja,,Yoshirō
Q137440992,female,麻実,ja,,Mami
Q137452840,male,仁,ja,,Jin
Q137452882,male,裕,ja,,Yutaka
Q137460285,male,宗則,ja,,Munenori
Q137460303,male,和紀,ja,,Kazunori
Q137476751,male,みちひで,ja,,Michihide
Q137476756,male,泰典,ja,,Yasunori
Q137476785,male,知博,ja,,Tomohiro
Q137476812,male,善幸,ja,,Yoshiyuki
Q137477310,male,豊明,ja,,Toyoaki
Q137486686,male,達生,ja,,Tatuso
Q137509657,male,一貴,ja,,Kazuki
Q137509936,unisex,樹,ja,,Tatsuki
Q137509944,male,明司,ja,,Akishi
Q133285422,male,晴生,ja,,Haruki
Q133285405,unisex,陽,ja,,Haru
Q137140466,male,修太郎,ja,,Shūtarō
Q137164015,male,晴彦,ja,,Haruhiko
Q137164041,male,喜則,ja,,Yoshinori
Q137164045,male,武生,ja,,Takeo
Q137164054,male,洋太,ja,,Yōta
Q137164723,male,義人,ja,,Yoshito
Q137164947,male,泰司,ja,,Yasushi
Q137164996,male,げんこう,ja,,Genkō
Q137165034,male,直久,ja,,Naohisa
Q137165303,male,哲史,ja,,Tetsushi
Q137165455,male,剛史,ja,,Tsuyoshi
Q137165476,female,麻子,ja,,Asako
Q137165647,male,孝之,ja,,Takayuki
Q137166928,male,義彦,ja,,Yoshihiko
Q137167010,unisex,匠,ja,,Takumi
Q137170474,male,卓二,ja,,Takuji
Q137170536,male,晋,ja,,Shin
Q137173748,male,春治,ja,,Haruji
Q137173848,male,春路,ja,,Haruji
Q137173871,male,はるじ,ja,,Haruji
Q137173972,male,晴治,ja,,Haruji
Q137174058,male,春次,ja,,Haruji
Q137174175,male,春二,ja,,Haruji
Q137174242,male,晴次,ja,,Haruji
Q137174320,male,治司,ja,,Haruji
Q137174382,male,治二,ja,,Haruji
Q137174387,male,晴路,ja,,Haruji
Q137176937,male,ますたろう,ja,,Masutarō
Q137176950,male,貞三郎,ja,,Teisaburō
Q137176969,male,兵三郎,ja,,Hyōzaburō
Q137186677,male,孝幸,ja,,Takayuki
Q137186895,male,保,ja,,Tamotsu
Q137186928,male,隆敏,ja,,Takatoshi
Q137187124,male,にさぶろう,ja,,Nisaburō
Q137190057,male,はるつぐ,ja,,Harutsugu
Q137205231,male,ひでなが,ja,,Hidenaga
Q137205233,male,秀長,ja,,Hidenaga
Q137205348,female,里帆,ja,,Riho
Q137205361,unisex,美波,ja,,Minami
Q137209695,female,杏菜,ja,,Anna
Q137209753,male,いえやす,ja,,Ieyasu
Q137210098,male,長政,ja,,Nagamasa
Q138673333,male,守信,ja,,Morinobu
Q138673565,male,和行,ja,,Kazuyuki
Q138673614,male,良典,ja,,Yoshinori
Q138680006,male,政成,ja,,Masanari
Q138680079,male,雅信,ja,,Masanobu
Q138683206,female,にこ,ja,,Niko
Q138683415,male,明夫,ja,,Akio
Q138691332,male,貴史,ja,,Takafumi
Q138692155,male,浩志,ja,,Kōji
Q138692426,male,ふみはる,ja,,Fumiharu
Q138692485,male,文治,ja,,Fumiharu
Q138713740,unisex,心,ja,,Kokoro
Q138714551,male,祥,ja,,Shō
Q138743092,male,雅史,ja,,Masafumi
Q138745011,male,幸蔵,ja,,Kōzō
Q138745538,male,高明,ja,,Takaaki
Q138754803,male,俊英,ja,,Toshihide
Q138755031,male,慎二,ja,,Shinji
Q138756545,male,貞雄,ja,,Sadao
Q138756549,male,時夫,ja,,Tokio
Q138756568,male,健一朗,ja,,Ken'ichirō
Q138756597,male,重良,ja,,Shigeyoshi
Q138774305,male,孝則,ja,,Takanori
Q138778787,male,卓弥,ja,,Takuya
Q138779512,male,重隆,ja,,Shigetaka
Q138808661,male,ひさとみ,ja,,Hisatomi
Q138820489,male,道生,ja,,Michio
Q138820493,female,うり,ja,,Uri
Q138820708,male,てるじ,ja,,Teruji
Q138821038,male,俊晴,ja,,Toshiharu
Q138821060,male,光太郎,ja,,Kōtarō
Q138821581,unisex,菜央,ja,,Nao
Q138821671,male,慎吾,ja,,Shingo
Q138822930,male,秀司,ja,,Shūji
Q138835936,female,成美,ja,,Narumi
Q138836415,male,和樹,ja,,Kazuki
Q138843409,male,健志,ja,,Takeshi
Q138859373,male,たくゆき,ja,,Takuyuki
Q138859621,male,穂高,ja,,Hodaka
Q138860031,male,智久,ja,,Tomohisa
Q138862965,female,霞,ja,,Kasumi
Q138867748,male,正徳,ja,,Masanori
Q138868088,male,研介,ja,,Kensuke
Q138868562,male,朋之,ja,,Tomoyuki
Q138869193,male,一憲,ja,,Kazunori
Q138869308,male,けんぶん,ja,,Kenbun
Q138869347,male,貴英,ja,,Takahide
Q138869814,female,美由紀,ja,,Miyuki
Q138869869,female,育美,ja,,Ikumi
Q138870005,male,志郎,ja,,Shirō
Q127608627,male,統馬,ja,,Toma
Q137210111,unisex,歩,ja,,Ayumu
Q137210125,male,三成,ja,,Mitsunari
Q137210141,male,たかとら,ja,,Takatora
Q137210193,unisex,創,ja,,Sō
Q137210223,female,友香,ja,,Yūka
Q137210252,male,光秀,ja,,Mitsuhide
Q137210275,male,勝家,ja,,Katsuie
Q137210331,male,まきや,ja,,Makiya
Q137212611,male,照夫,ja,,Teruo
Q137216150,male,武士,ja,,Takeshi
Q137219992,male,正泰,ja,,Masayasu
Q137220248,male,正治,ja,,Masaharu
Q137220433,male,和成,ja,,Kazunari
Q137221325,male,泰雄,ja,,Yasuo
Q137221479,male,登,ja,,Noboru
Q137221602,male,厚志,ja,,Atsushi
Q137222040,male,修一郎,ja,,Shūichirō
Q137222353,male,義之,ja,,Yoshiyuki
Q137227904,male,俊輔,ja,,Shunsuke
Q137228212,male,正清,ja,,Masakiyo
Q137228758,male,たてし,ja,,Tateshi
Q137229625,male,昭治,ja,,Shōji
Q137247191,female,花織,ja,,Kaori
Q137247362,female,もね,ja,,Mone
Q137247414,female,百音,ja,,Mone
Q137248506,unisex,わかば,ja,,Wakaba
Q137248727,female,理乃,ja,,Rino
Q137249195,unisex,かお,ja,,Kao
Q137254161,male,すみただ,ja,,Sumitada
Q137256613,male,繁樹,ja,,Shigeki
Q137257047,male,弘昭,ja,,Hiroaki
Q137258213,unisex,昌代,ja,,Masayo
Q137258281,male,やすもり,ja,,Yasumori
Q137261149,male,えつし,ja,,Etsushi
Q137261998,male,博紀,ja,,Hiroki
Q137265229,male,忠夫,ja,,Tadao
Q137265351,male,浩太郎,ja,,Kōtarō
Q137265489,male,明彦,ja,,Akihiko
Q137265998,male,駿一,ja,,Shun'ichi
Q137267041,male,智和,ja,,Tomokazu
Q137267064,female,みま,ja,,Mima
Q137267100,male,隼輔,ja,,Shunsuke
Q137268895,male,慎哉,ja,,Shin'ya
Q137285820,male,潤三郎,ja,,Junsaburō
Q137285835,male,宇三郎,ja,,Usaburō
Q137285846,male,うさぶろう,ja,,Usaburō
Q9158842,male,あらた,ja,,Arata
Q139042381,male,健人,ja,,Kento
Q139065947,male,げんじ,ja,,Genji
Q139065975,male,源治,ja,,Genji
Q139076502,female,八重子,ja,,Yaeko
Q139137583,male,隆広,ja,,Takahiro
Q139148489,male,秀彦,ja,,Hidehiko
Q139148707,female,めり,ja,,Meri
Q139149198,male,金吾,ja,,Kingo
Q139149219,male,りきま,ja,,Rikima
Q139150061,male,慎也,ja,,Shin'ya
Q139152395,male,かねあき,ja,,Kaneaki
Q139155695,male,貞治,ja,,Teiji
Q139164054,male,せんた,ja,,Senta
Q139165756,male,じょうへい,ja,,Jōhei
Q139219564,male,信也,ja,,Shin'ya
Q139221060,male,一俊,ja,,Kazutoshi
Q139228628,male,圭二,ja,,Keiji
Q139231925,female,千夏,ja,,Chinatsu
Q139234391,female,明里,ja,,Akari
Q139249817,male,信博,ja,,Nobuhiro
Q139250232,male,きみたか,ja,,Kimitaka
Q139250240,male,公孝,ja,,Kimitaka
Q139251236,unisex,将樹,ja,,Masaki
Q139251274,male,小左衛門,ja,,Kozaemon
Q139251736,unisex,彼方,ja,,Kanata
Q139252610,male,ふじたか,ja,,Fujitaka
Q139253744,male,元親,ja,,Motochika
Q139257575,male,英,ja,,Suguru
Q139257645,male,かげあきら,ja,,Kageakira
Q139257674,male,万作,ja,,Mansaku
Q139266311,male,貴宏,ja,,Takahiro
Q139266523,male,謙太,ja,,Kenta
Q139266559,male,慶久,ja,,Yoshihisa
Q139267433,male,慎一郎,ja,,Shin'ichirō
Q139267506,unisex,勇気,ja,,Yūki
Q139267722,male,俊貴,ja,,Toshiki
Q139267851,male,弾,ja,,Dan
Q139267901,male,智樹,ja,,Tomoki
Q139267948,male,あおぐ,ja,,Aogu
Q139268111,male,善博,ja,,Yoshihiro
Q139268145,female,奈々子,ja,,Nanako
Q139269135,male,学,ja,,Gaku
Q139269173,male,文之,ja,,Fumiyuki
Q139269195,male,慎介,ja,,Shinsuke
Q139269408,unisex,昌美,ja,,Masami
Q139269870,male,篤志,ja,,Atsushi
Q139269958,female,香奈子,ja,,Kanako
Q139270055,male,佑介,ja,,Yūsuke
Q137285847,male,卯三郎,ja,,Usaburō
Q137285864,male,禹三郎,ja,,Usaburō
Q137290646,male,立,ja,,Ryū
Q137290790,male,そうごろう,ja,,Sōgorō
Q137290858,male,豊四郎,ja,,Toyoshirō
Q137290891,male,孫一郎,ja,,Magoichirō
Q137294530,male,泰,ja,,Yutaka
Q137294894,male,央,ja,,Hisashi
Q137299157,male,英彰,ja,,Hideaki
Q137299325,male,せいはちろう,ja,,Seihachirō
Q137303845,female,一恵,ja,,Kazue
Q137323101,male,ひさひで,ja,,Hisahide
Q137323314,male,ながかつ,ja,,Nagakatsu
Q137323338,male,長勝,ja,,Nagakatsu
Q137324067,male,大吉,ja,,Daikichi
Q137324091,male,信盛,ja,,Nobumori
Q137324089,male,のぶもり,ja,,Nobumori
Q137324097,male,太朗,ja,,Tarō
Q137324307,male,長秀,ja,,Nagahide
Q137324365,male,迅,ja,,Jin
Q137324429,male,盛重,ja,,Morishige
Q137324461,male,義元,ja,,Yoshimoto
Q137324578,male,吉成,ja,,Yoshinari
Q137324607,male,努,ja,,Tsutomu
Q137324621,male,正勝,ja,,Masakatsu
Q137342323,male,諭,ja,,Satoru
Q137342511,male,大和,ja,,Yamato
Q137342515,male,なおもと,ja,,Naomoto
Q137342517,male,直元,ja,,Naomoto
Q137342632,male,長康,ja,,Nagayasu
Q137342657,male,もりなり,ja,,Morinari
Q137351708,male,みつかず,ja,,Mitsukazu
Q137352246,male,慎一,ja,,Shin'ichi
Q137352797,unisex,朱里,ja,,Juri
Q137355056,unisex,空,ja,,Sora
Q137355456,female,紗衣,ja,,Sae
Q137363022,male,和隆,ja,,Kazutaka
Q137363113,male,一雅,ja,,Kazumasa
Q137375717,male,てるもと,ja,,Terumoto
Q137375884,male,祐也,ja,,Yūya
Q137382592,male,としくに,ja,,Toshikuni
Q137382800,male,欣三,ja,,Kinzō
Q137382925,male,なりひこ,ja,,Narihiko
Q137382945,male,邦昭,ja,,Kuniaki
Q137382962,male,憲司,ja,,Kenji
Q8062648,male,ようじろう,ja,,Yōjirō
Q133285458,female,妃翔,ja,,Himeka
Q9076858,male,しろう,ja,,Shirō
Q8062720,male,ゆうじ,ja,,Yūji
Q137607873,male,孝太郎,ja,,Kōtarō
Q137608108,male,義男,ja,,Yoshio
Q137608262,male,富夫,ja,,Tomio
Q137611644,male,秀郎,ja,,Hideo
Q137612290,unisex,操,ja,,Misao
Q137612343,male,恒彦,ja,,Tsunehiko
Q137625688,male,久司,ja,,Hisashi
Q137626918,male,宣明,ja,,Nobuaki
Q137633292,male,徳雄,ja,,Norio
Q137633894,male,喜久,ja,,Yoshihisa
Q137634457,male,佑輔,ja,,Yūsuke
Q137634935,male,安宏,ja,,Yasuhiro
Q137635346,unisex,満,ja,,Mitsuru
Q137636051,female,英恵,ja,,Hanae
Q137636180,male,久義,ja,,Hisayoshi
Q137636248,male,康一,ja,,Kōichi
Q137636281,male,耕一,ja,,Kōichi
Q137636319,male,猛夫,ja,,Takeo
Q137640101,female,晴子,ja,,Haruko
Q137643187,male,昌雄,ja,,Masao
Q137643294,male,清秀,ja,,Kiyohide
Q137643435,male,弘一,ja,,Kōichi
Q137643483,male,なるお,ja,,Naruo
Q137643656,male,裕司,ja,,Yūji
Q137643855,male,雄介,ja,,Yūsuke
Q137643866,male,昌弘,ja,,Masahiro
Q137643870,male,昌広,ja,,Masahiro
Q137643877,male,雅浩,ja,,Masahiro
Q137643883,male,正裕,ja,,Masahiro
Q137643905,male,貴雄,ja,,Takao
Q137644101,male,重人,ja,,Shigeto
Q137652379,male,敬二,ja,,Keiji
Q137652524,male,禎一,ja,,Teiichi
Q137652747,male,一則,ja,,Kazunori
Q137652973,male,研吾,ja,,Kengo
Q137653642,female,美代,ja,,Miyo
Q137655088,male,昌孝,ja,,Masataka
Q137660464,male,知宏,ja,,Tomohiro
Q137660500,male,すみと,ja,,Sumito
Q137661682,male,昌哉,ja,,Masaya
Q137669468,male,雅也,ja,,Masaya
Q137669712,male,将之,ja,,Masayuki
Q137669777,unisex,正美,ja,,Masami
Q137673729,male,あきみち,ja,,Akimichi
Q137673757,male,みつや,ja,,Mitsuya
Q137682524,male,光弘,ja,,Mitsuhiro
Q137682537,male,健三,ja,,Kenzō
Q137682818,male,明弘,ja,,Akihiro
Q137683203,unisex,佐知,ja,,Sachi
Q137700783,male,すえゆき,ja,,Sueyuki
Q127608811,female,芽衣咲,ja,,Meisa
Q138410335,male,宏一郎,ja,,Kōcihirō
Q138412126,female,真菜,ja,,Mana
Q138412181,male,規男,ja,,Norio
Q138412331,male,ぎんさく,ja,,Ginsaku
Q138412372,male,かへいじ,ja,,Kaheiji
Q138412388,male,三之助,ja,,Sannosuke
Q138412425,female,れいみ,ja,,Reimi
Q138416842,male,悦史,ja,,Etsushi
Q138416932,male,康友,ja,,Yasutomo
Q138417356,male,清文,ja,,Kiyofumi
Q138422931,male,信輔,ja,,Shinsuke
Q138423495,male,将史,ja,,Masashi
Q138425139,male,史彦,ja,,Fumihiko
Q138425572,female,範子,ja,,Noriko
Q138426505,male,直毅,ja,,Naoki
Q138426530,female,千恵,ja,,Chie
Q138448247,unisex,啓,ja,,Hiraku
Q138456139,male,隼一,ja,,Jun'ichi
Q138456308,male,朋彦,ja,,Tomohiko
Q138460508,male,賢吾,ja,,Kengo
Q138464525,unisex,のえる,ja,,Noeru
Q138464529,female,淳子,ja,,Atsuko
Q138492420,male,泰彦,ja,,Yasuhiko
Q138497109,male,勝弘,ja,,Katsuhiro
Q138498700,male,えんぞう,ja,,Enzō
Q138498833,female,雅恵,ja,,Masae
Q138503106,male,久之,ja,,Hisayuki
Q138504231,female,あんみ,ja,,Anmi
Q138504288,male,洋治,ja,,Yōji
Q138504507,male,諒平,ja,,Ryōhei
Q138504608,male,貴仁,ja,,Takahito
Q138504618,male,正隆,ja,,Masataka
Q138509229,male,正之,ja,,Masayuki
Q138521168,male,貞三郎,ja,,Teizaburō
Q138522430,male,悌三郎,ja,,Teizaburō
Q138522694,male,悌三郎,ja,,Teisaburō
Q138522754,male,ていざぶろう,ja,,Teizaburō
Q138522821,male,ていさぶろう,ja,,Teisaburō
Q138522848,male,なるき,ja,,Naruki
Q138523768,male,幹生,ja,,Mikio
Q138523819,male,岳史,ja,,Takeshi
Q138524188,male,創一,ja,,Sōichi
Q138525610,unisex,春,ja,,Haru
Q138526509,female,真里,ja,,Mari
Q138526730,male,克樹,ja,,Katsuki
Q138527074,male,直武,ja,,Naotake
Q138541739,male,哲雄,ja,,Tetsuo
Q138541890,male,晋吾,ja,,Shingo
Q138566515,male,敦也,ja,,Atsuya
Q8069266,male,ぜんぞう,ja,,Zenzō
Q8964773,male,ごろう,ja,,Gorō
Q9071518,male,りょうま,ja,,Ryōma
Q137838061,female,令子,ja,,Reiko
Q137842944,female,満里奈,ja,,Marina
Q137845485,unisex,千裕,ja,,Chihiro
Q137845556,unisex,清実,ja,,Kiyomi
Q137845639,male,時生,ja,,Tokio
Q137845675,male,すみはる,ja,,Sumiharu
Q137848859,female,にいな,ja,,Niina
Q137851217,male,典夫,ja,,Norio
Q137862625,male,よねお,ja,,Yoneo
Q137862635,male,清三,ja,,Seizō
Q137862962,male,節,ja,,Takashi
Q137862967,male,貴志,ja,,Takashi
Q137862983,male,ぎへい,ja,,Gihei
Q137863002,male,久照,ja,,Hisateru
Q137863034,male,鉄二,ja,,Tetsuji
Q137863653,female,うめよ,ja,,Umeyo
Q137863845,male,光彦,ja,,Mitsuhiko
Q137864103,male,充彦,ja,,Mitsuhiko
Q137864280,male,雅臣,ja,,Masaomi
Q137865465,male,なかお,ja,,Nakao
Q137882882,female,麻由,ja,,Mayu
Q137882896,female,愛海,ja,,Ami
Q137883483,male,利昌,ja,,Toshimasa
Q137883521,male,和憲,ja,,Kazunori
Q137883531,female,香菜子,ja,,Kanako
Q137883546,unisex,伊織,ja,,Iori
Q137883548,male,元樹,ja,,Motoki
Q137883554,male,康人,ja,,Yasuto
Q137883569,male,宗弘,ja,,Munehiro
Q137883578,female,ゆあな,ja,,Yuana
Q137883580,male,俊弥,ja,,Toshiya
Q137883587,unisex,天,ja,,Ten
Q137883584,male,和史,ja,,Kazufumi
Q137883592,male,すみや,ja,,Sumiya
Q137883593,male,澄也,ja,,Sumiya
Q137883596,male,じゅういち,ja,,Jūichi
Q137883603,female,める,ja,,Meru
Q137883600,male,たねお,ja,,Taneo
Q137883608,male,隆仁,ja,,Takahito
Q137883609,male,けさたろう,ja,,Kesatarō
Q137883717,male,俊和,ja,,Toshikazu
Q137883767,male,大紀,ja,,Daiki
Q137883773,male,ひろずみ,ja,,Hirozumi
Q137884554,male,耕史,ja,,Kōshi
Q137886831,male,和貴,ja,,Kazutaka
Q137887036,male,博信,ja,,Hironobu
Q137887054,female,喜久子,ja,,Kikuko
Q137895944,unisex,直,ja,,Nao
Q137895998,male,卓志,ja,,Takashi
Q139270138,male,和人,ja,,Kazuto
Q139270268,unisex,正輝,ja,,Masaki
Q139297798,male,たつのぶ,ja,,Tatsunobu
Q139300715,male,靖人,ja,,Yasuhito
Q139300871,male,泰二,ja,,Taiji
Q139328935,unisex,南,ja,,Minami
Q139329153,male,俊之,ja,,Toshiyuki
Q139377488,female,眞由美,ja,,Mayumi
Q139377573,male,拓,ja,,Hiromu
Q139380579,female,京香,ja,,Kyōka
Q139380630,female,ゆいな,ja,,Yuina
Q139380637,female,結菜,ja,,Yuina
Q139380834,female,ゆみ子,ja,,Yumiko
Q139383848,male,利美,ja,,Toshimi
Q139411810,male,知雄,ja,,Tomoo
Q139412312,male,嘉久,ja,,Yoshihisa
Q139438478,female,圭子,ja,,Keiko
Q139438523,male,敦夫,ja,,Atsuo
Q139439006,male,茂一,ja,,Shigeichi
Q139439124,male,玄太,ja,,Genta
Q139439261,male,やすたみ,ja,,Yasutami
Q139439470,male,けいしん,ja,,Keishin
Q139439480,male,ときさだ,ja,,Tokisada
Q139439538,male,直通,ja,,Naomichi
Q139439579,male,重樹,ja,,Shigeki
Q139440132,male,知大,ja,,Tomohiro
Q139440353,male,謙次,ja,,Kenji
Q139443694,female,暢子,ja,,Nobuko
Q139443970,female,美沙,ja,,Misa
Q139444903,male,晋一郎,ja,,Shin'ichirō
Q139483185,female,りおな,ja,,Riona
Q139483296,female,真奈,ja,,Mana
Q139486545,male,大喜,ja,,Daiki
Q139486696,male,とくやす,ja,,Tokuyasu
Q139486706,female,沙紀,ja,,Saki
Q139486704,male,繁雄,ja,,Shigeo
Q139491297,female,麻由子,ja,,Mayuko
Q139491330,male,徳三,ja,,Tokuzō
Q139491411,male,つねあり,ja,,Tsuneari
Q139494165,female,しずよ,ja,,Shizuyo
Q139494185,female,里菜,ja,,Rina
Q139494205,female,さり,ja,,Sari
Q139494212,female,紗里,ja,,Sari
Q139494276,unisex,ゆづる,ja,,Yuzuru
Q139494310,male,武四郎,ja,,Takeshirō
Q139494347,female,馨,ja,,Kaori
Q139494358,unisex,八重,ja,,Yae
Q139494357,unisex,やえ,ja,,Yae
Q139494414,unisex,英世,ja,,Hideyo
Q139494438,female,小町,ja,,Komachi
Q9161797,female,あつこ,ja,,Atsuko
Q127608803,male,竜馬,ja,,Ryoma
Q139678647,male,うじしげ,ja,,Ujishige
Q139678668,male,きよずみ,ja,,Kiyozumi
Q139678669,male,清純,ja,,Kiyozumi
Q139678677,female,いねこ,ja,,Ineko
Q139678692,male,義祐,ja,,Yoshisuke
Q139678698,male,藤太,ja,,Tōta
Q139678703,male,しげずみ,ja,,Shigezumi
Q139678921,male,よりもと,ja,,Yorimoto
Q139678924,male,頼元,ja,,Yorimoto
Q139678933,male,よりしげ,ja,,Yorishige
Q139678936,male,よりむね,ja,,Yorimune
Q139678948,male,よりとう,ja,,Yoritō
Q139678955,male,よりなお,ja,,Yorinao
Q139678964,male,よりちか,ja,,Yorichika
Q139678980,male,よりたか,ja,,Yoritaka
Q139678989,male,大五郎,ja,,Daigorō
Q139679002,male,重広,ja,,Shigehiro
Q139679376,female,紫帆,ja,,Shiho
Q139682268,male,正成,ja,,Masanari
Q139683760,unisex,はやみ,ja,,Hayami
Q139683867,male,一成,ja,,Kazushige
Q139683879,male,俊昭,ja,,Toshiaki
Q139683892,male,奈美,ja,,Nami
Q139694524,male,寿朗,ja,,Toshirō
Q139694604,male,眞,ja,,Shin
Q139694813,male,正人,ja,,Masahito
Q139700440,male,邦生,ja,,Kunio
Q139700486,male,重道,ja,,Shigemichi
Q139701098,male,孝紀,ja,,Takanori
Q139710888,male,幸正,ja,,Yukimasa
Q139714471,male,伸行,ja,,Nobuyuki
Q139717956,male,友則,ja,,Tomonori
Q139718046,male,泰志,ja,,Yasushi
Q139720560,male,茂隆,ja,,Shigetaka
Q139720665,male,光宏,ja,,Mitsuhiro
Q139721203,male,雅裕,ja,,Masahiro
Q139730937,male,一仁,ja,,Kazuhito
Q139731028,male,健悟,ja,,Kengo
Q139731038,male,英貴,ja,,Hideki
Q139731100,unisex,成,ja,,Naru
Q139731600,male,保明,ja,,Yasuaki
Q139732035,male,新,ja,,Arata
Q139737707,male,博基,ja,,Hiroki
Q139737974,female,澄江,ja,,Sumie
Q139738068,male,郁生,ja,,Ikuo
Q139742517,male,たかあつ,ja,,Takaatsu
Q139759433,female,美佐子,ja,,Misako
Q139759591,male,京平,ja,,Kyōhei
Q139760457,male,正太郎,ja,,Shōtarō
Q139765732,male,史郎,ja,,Shirō
Q137513126,unisex,悠,ja,,Haruka
Q137527576,male,元秀,ja,,Motohide
Q137537396,male,拓哉,ja,,Takuya
Q137545031,female,綾香,ja,,Ayaka
Q137545119,female,奈保子,ja,,Naoko
Q137545286,unisex,美樹,ja,,Miki
Q137545308,unisex,千晴,ja,,Chiharu
Q137583762,male,哲士,ja,,Tetsuji
Q137587243,male,とくま,ja,,Tokuma
Q137587245,male,徳馬,ja,,Tokuma
Q137589799,male,恒和,ja,,Tsunekazu
Q137589796,male,つねかず,ja,,Tsunekazu
Q137590666,male,崇之,ja,,Takayuki
Q137590674,unisex,しき,ja,,Shiki
Q137593340,male,秀和,ja,,Hidekazu
Q137593536,male,祐一郎,ja,,Yūichirō
Q137593698,male,佳央,ja,,Yoshio
Q137593819,unisex,昌樹,ja,,Masaki
Q137593879,male,真吾,ja,,Shingo
Q137595096,female,景子,ja,,Keiko
Q137595583,male,康行,ja,,Yasuyuki
Q137595651,male,和幸,ja,,Kazuyuki
Q137595683,male,智洋,ja,,Tomohiro
Q137595871,male,英一郎,ja,,Eiichirō
Q137596280,male,征爾,ja,,Seiji
Q137596322,male,康宏,ja,,Yasuhiro
Q137596431,male,邦宏,ja,,Kunihiro
Q137599113,male,正三郎,ja,,Shōzaburō
Q137599979,male,達志,ja,,Tatsushi
Q137601887,male,泰史,ja,,Yasushi
Q137601902,male,啓太郎,ja,,Keitarō
Q137602286,female,牧子,ja,,Makiko
Q137602299,male,将司,ja,,Masashi
Q137602321,male,虎之助,ja,,Toranosuke
Q137602334,male,眞人,ja,,Masato
Q137602444,male,俊作,ja,,Shunsaku
Q137602485,male,きよもと,ja,,Kiyomoto
Q137602527,female,喜美子,ja,,Kimiko
Q137602866,female,恵里子,ja,,Eriko
Q137603366,male,卓郎,ja,,Takurō
Q137603408,male,冬二,ja,,Fuyuji
Q137603666,male,知道,ja,,Tomomichi
Q137603826,male,哲男,ja,,Tetsuo
Q137603908,male,博一,ja,,Hirokazu
Q137603953,male,力,ja,,Chikara
Q137607259,female,蓉子,ja,,Yōko
Q137607271,male,惠一,ja,,Keiichi
Q137607465,male,和朗,ja,,Kazuo
Q137607484,male,いくじろう,ja,,Ikujirō
Q137784295,female,康子,ja,,Yasuko
Q137786603,female,翠,ja,,Midori
Q137786636,male,やすちか,ja,,Yasuchika
Q137786684,unisex,歩,ja,,Ayumi
Q137793574,unisex,幸,ja,,Yuki
Q137795053,male,宏樹,ja,,Hiroki
Q137795134,male,秀生,ja,,Hideo
Q137795394,male,淳司,ja,,Junji
Q137795432,male,潤治,ja,,Junji
Q137797558,male,晶,ja,,Shō
Q137798865,male,よしたつ,ja,,Yoshitatsu
Q137798869,male,重治,ja,,Shigeharu
Q137798875,male,政明,ja,,Masaaki
Q137798899,male,のぶずみ,ja,,Nobuzumi
Q137798905,male,のぶなが,ja,,Nobunaga
Q137798917,male,たかとみ,ja,,Takatomi
Q137798931,male,信忠,ja,,Nobutada
Q137798938,male,正則,ja,,Masanori
Q137798941,male,新太,ja,,Arata
Q137798962,male,つねおき,ja,,Tsuneoki
Q137799142,male,晴信,ja,,Harunobu
Q137799158,male,むらしげ,ja,,Murashige
Q137799172,male,ひさまさ,ja,,Hisamasa
Q137799207,male,よしかげ,ja,,Yoshikage
Q137799209,male,義景,ja,,Yoshikage
Q137799284,male,利政,ja,,Toshimasa
Q137803352,male,英夫,ja,,Hideo
Q137803750,male,勝義,ja,,Katsuyoshi
Q137803752,male,貴義,ja,,Takayoshi
Q137803803,male,雅和,ja,,Masakazu
Q137803810,male,啓造,ja,,Keizō
Q137803856,male,雅大,ja,,Masahiro
Q137803960,male,真弘,ja,,Masahiro
Q137803978,male,真大,ja,,Masahiro
Q137803988,male,拓朗,ja,,Takurō
Q137804500,male,雅司,ja,,Masashi
Q137805110,male,勝之助,ja,,Katsunosuke
Q137805176,male,ぎろう,ja,,Girō
Q137805823,male,純次,ja,,Junji
Q137805921,male,雅志,ja,,Masashi
Q137808997,male,守正,ja,,Morimasa
Q137822416,male,敏広,ja,,Toshihiro
Q137826671,male,芳男,ja,,Yoshio
Q137826887,male,吉夫,ja,,Yoshio
Q137832881,unisex,玲,ja,,Rei
Q137837485,male,一平太,ja,,Ippeita
Q137837735,male,秀雄,ja,,Hideo
Q133285445,male,遥大,ja,,Haruto
Q127608721,female,仁衣菜,ja,,Niina
Q139494565,male,みつくに,ja,,Mitsukuni
Q139494666,female,絵莉,ja,,Eri
Q139494669,male,秀喜,ja,,Hideki
Q139499444,male,英寿,ja,,Hidetoshi
Q139500161,male,晋作,ja,,Shinsaku
Q139504797,male,襄,ja,,Jō
Q139505112,female,ぎんこ,ja,,Ginko
Q139536296,male,宗隆,ja,,Munetaka
Q139536933,male,隆盛,ja,,Takamori
Q139540098,male,みちざね,ja,,Michizane
Q139547389,male,廉太郎,ja,,Rentarō
Q139547405,male,ゆきち,ja,,Yukichi
Q139547429,male,直正,ja,,Naomasa
Q139547444,male,新平,ja,,Shinpei
Q139547502,male,よしむね,ja,,Yoshimune
Q139547716,male,金之助,ja,,Kinnosuke
Q139547956,female,梨乃,ja,,Rino
Q139559580,male,みねゆき,ja,,Mineyuki
Q139559598,male,きづく,ja,,Kizuku
Q139559618,male,秀平,ja,,Shūhei
Q139559626,male,敏昭,ja,,Toshiaki
Q139559666,male,裕彦,ja,,Yasuhiko
Q139559671,male,信昭,ja,,Nobuaki
Q139559676,male,雄也,ja,,Yūya
Q139559742,female,みつ子,ja,,Mitsuko
Q139559747,male,れいじゅ,ja,,Reiju
Q139559745,male,仁一,ja,,Jin'ichi
Q139559750,male,佳弘,ja,,Yoshihiro
Q139559759,male,信之,ja,,Nobuyuki
Q139559761,male,健吾,ja,,Kengo
Q139559767,male,典之,ja,,Noriyuki
Q139559773,male,かねちか,ja,,Kanechika
Q139559776,male,勇一,ja,,Yūichi
Q139559901,male,勝一,ja,,Katsuichi
Q139559917,female,千鶴,ja,,Chizuru
Q139561830,female,峰子,ja,,Mineko
Q139561871,male,幸広,ja,,Yukihiro
Q139561970,male,建,ja,,Takeru
Q139562202,male,弘平,ja,,Kōhei
Q139562447,female,彩乃,ja,,Ayano
Q139562468,male,昌久,ja,,Masahisa
Q139562512,female,有理,ja,,Yuri
Q139564681,male,正臣,ja,,Masaomi
Q139564730,male,りへえ,ja,,Rihē
Q139564737,male,きねお,ja,,Kineo
Q139564813,unisex,真純,ja,,Masumi
Q139568104,female,真依,ja,,Mai
Q139568118,female,真知子,ja,,Machiko
Q139568133,male,まきお,ja,,Makio
Q139568162,male,ひでいち,ja,,Hideichi
Q127608704,male,一彰,ja,,Kazuaki
Q9163133,female,あやこ,ja,,Ayako
Q9264330,female,ふみ,ja,,Fumi
Q9286649,unisex,はるみ,ja,,Harumi
Q9336169,male,しょうじ,ja,,Shōji
Q133307112,male,研人,ja,,Kento
Q133285447,male,輝,ja,,Hikaru
Q139570770,male,朋弘,ja,,Tomohiro
Q139570906,female,櫻子,ja,,Sakurako
Q139575810,female,礼子,ja,,Reiko
Q139575816,male,あつなお,ja,,Atsunao
Q139575823,male,とうごろう,ja,,Tōgorō
Q139575850,male,良文,ja,,Yoshifumi
Q139575888,male,博敏,ja,,Hirotoshi
Q139575926,male,とくしろう,ja,,Tokushirō
Q139576094,male,優希也,ja,,Yukiya
Q139576106,male,みちなお,ja,,Michinao
Q139576110,male,邦雄,ja,,Kunio
Q139576117,male,こうろく,ja,,Kōroku
Q139576123,male,明大,ja,,Akehiro
Q139576132,male,潤二,ja,,Junji
Q139576139,male,彦六,ja,,Hikoroku
Q139576143,male,雄作,ja,,Yūsaku
Q139576156,male,せいさぶろう,ja,,Seisaburō
Q139576186,male,治彦,ja,,Haruhiko
Q139576191,male,雄一朗,ja,,Yūichirō
Q139576200,male,智紀,ja,,Tomonori
Q139576206,male,百合香,ja,,Yurika
Q139576376,male,頼三,ja,,Raizō
Q139576395,male,頼久,ja,,Yorihisa
Q139576403,unisex,春樹,ja,,Haruki
Q139576401,male,博明,ja,,Hiroaki
Q139576406,female,正子,ja,,Masako
Q139576407,male,よしとら,ja,,Yoshitora
Q139576414,male,菊太郎,ja,,Kikutarō
Q139576418,male,行秀,ja,,Yukihide
Q139603394,male,俊一,ja,,Toshikazu
Q139619326,unisex,奈央,ja,,Nao
Q139619338,male,勝俊,ja,,Katsutoshi
Q139619353,male,和俊,ja,,Kazutoshi
Q139619375,unisex,かざみ,ja,,Kazami
Q139619393,male,いっさく,ja,,Issaku
Q139619396,male,一作,ja,,Issaku
Q139619414,unisex,一衛,ja,,Kazue
Q139619448,female,延子,ja,,Nobuko
Q139619486,male,きくや,ja,,Kikuya
Q139619509,male,すけやす,ja,,Sukeyasu
Q139619529,male,すけちか,ja,,Sukechika
Q139619545,male,敬之助,ja,,Keinosuke
Q139619685,male,うじはる,ja,,Ujiharu
Q139621497,male,義光,ja,,Yoshimitsu
Q139621548,male,嘉彦,ja,,Yoshihiko
Q139621576,male,泰治,ja,,Taiji
Q139621584,male,正高,ja,,Masataka
Q139621593,female,真弥,ja,,Maya
Q139621762,female,ゆき子,ja,,Yukiko
Q127608864,male,雄大,ja,,Yūdai
Q9370057,female,わかな,ja,,Wakana
Q9355297,male,たける,ja,,Takeru
Q139568165,male,秀一,ja,,Hideichi
Q139568464,unisex,あたえ,ja,,Atae
Q139568584,female,美姫,ja,,Miki
Q139568612,male,茂夫,ja,,Shigeo
Q139568650,male,とらき,ja,,Toraki
Q139568661,female,裕子,ja,,Hiroko
Q139568669,unisex,ほまれ,ja,,Homare
Q139568677,unisex,誉,ja,,Homare
Q139568698,male,豊和,ja,,Toyokazu
Q139568723,male,とよと,ja,,Toyoto
Q139568743,male,逸,ja,,Hayaru
Q139568746,male,邦三,ja,,Kunizō
Q139568757,male,重義,ja,,Shigeyoshi
Q139568772,male,重男,ja,,Shigeo
Q139568782,male,陸太郎,ja,,Rikutarō
Q139568797,male,まさたろう,ja,,Masatarō
Q139568802,male,うまのすけ,ja,,Umanosuke
Q139568805,male,馬之助,ja,,Umanosuke
Q139568814,male,よねぞう,ja,,Yonezō
Q139568816,male,米蔵,ja,,Yonezō
Q139568824,male,源三郎,ja,,Genzaburō
Q139568829,male,五郎,ja,,Gorō
Q139569131,male,辰五郎,ja,,Tatsugorō
Q139569169,unisex,真生,ja,,Mao
Q139569175,male,またいち,ja,,Mataichi
Q139569177,male,又一,ja,,Mataichi
Q139569182,male,ひこすけ,ja,,Hikosuke
Q139569255,male,守道,ja,,Morimichi
Q139569467,male,征夫,ja,,Yukio
Q139569475,male,圭市,ja,,Keiichi
Q139569481,male,正忠,ja,,Masatada
Q139569486,male,光春,ja,,Mitsuharu
Q139569490,male,了介,ja,,Ryōsuke
Q139569499,male,すけなお,ja,,Sukenao
Q139570012,male,みつかね,ja,,Mitsukane
Q139570052,male,公雄,ja,,Kimio
Q139570063,male,利直,ja,,Toshinao
Q139570168,unisex,きしえ,ja,,Kishie
Q139570191,male,啓之助,ja,,Keinosuke
Q139570213,male,圭輔,ja,,Keisuke
Q139570233,male,夏彦,ja,,Natsuhiko
Q139570293,male,安親,ja,,Yasuchika
Q139570557,male,さだなお,ja,,Sadanao
Q139570583,male,ともなお,ja,,Tomonao
Q139570617,male,弘光,ja,,Hiromitsu
Q139570644,male,恵一郎,ja,,Keiichirō
Q139570727,male,文明,ja,,Bunmei
Q139570757,male,智則,ja,,Tomonori
Q9383473,unisex,よう,ja,,Yō
Q9383521,male,よしみつ,ja,,Yoshimitsu
Q9383601,female,ゆめか,ja,,Yumeka
Q127608874,male,晃央,ja,,Akio
Q127608820,female,柚乃,ja,,Yuzuno
Q137970109,male,靖人,ja,,Yasuto
Q137970117,male,伸幸,ja,,Nobuyuki
Q137970125,male,信久,ja,,Nobuhisa
Q137970276,male,正仁,ja,,Masahito
Q137970287,male,好一,ja,,Kōichi
Q137970284,male,勇一郎,ja,,Yūichirō
Q137970294,male,芳弘,ja,,Yoshihiro
Q137970378,male,良太,ja,,Ryōta
Q137970389,male,賢司,ja,,Kenji
Q137970401,male,慧悟,ja,,Keigo
Q137970477,male,浩太朗,ja,,Kōtarō
Q137970492,male,たいどう,ja,,Taidō
Q137970509,female,佑美,ja,,Yumi
Q137970517,male,俊二,ja,,Shunji
Q137970536,female,恵美子,ja,,Emiko
Q137970540,male,康裕,ja,,Yasuhiro
Q137970551,male,道義,ja,,Michiyoshi
Q137970563,male,克哉,ja,,Katsuya
Q137970572,male,公治,ja,,Kōji
Q137970579,male,史明,ja,,Fumiaki
Q137970714,male,のぶちよ,ja,,Nobuchiyo
Q137970727,male,かもん,ja,,Kamon
Q137970761,male,敬太郎,ja,,Keitarō
Q137972534,female,秀子,ja,,Hideko
Q137972557,male,りゅうしょう,ja,,Ryūshō
Q137972625,male,哲志,ja,,Tetsushi
Q137972662,male,雅義,ja,,Masayoshi
Q137973049,male,賢也,ja,,Ken'ya
Q137973083,male,啓一,ja,,Keiichi
Q137973109,male,隆浩,ja,,Takahiro
Q137973122,female,朝子,ja,,Asako
Q137973201,male,格,ja,,Itaru
Q137992392,female,君枝,ja,,Kimie
Q137992685,male,秀光,ja,,Hidemitsu
Q137993169,male,左近,ja,,Sakon
Q137993420,male,康洋,ja,,Yasuhiro
Q137993757,female,伸子,ja,,Nobuko
Q137993823,male,一嘉,ja,,Kazuyoshi
Q137993830,unisex,香苗,ja,,Kanae
Q137993840,male,進一,ja,,Shin'ichi
Q137994068,male,真次,ja,,Shinji
Q137994089,male,正恭,ja,,Masayasu
Q137994136,male,雅一,ja,,Masakazu
Q137994154,male,宣弘,ja,,Nobuhiro
Q137996475,unisex,鼎,ja,,Kanae
Q137996990,female,佳苗,ja,,Kanae
Q137997160,female,日菜,ja,,Hina
Q138004453,female,有里,ja,,Yuri
Q138004512,male,昌大,ja,,Masahiro
Q133307065,male,直貴,ja,,Naoki
Q10956733,male,だいち,ja,,Daichi
Q127608850,male,拓海,ja,,Takumi
Q137945521,male,良和,ja,,Yoshikazu
Q137945527,female,衣里,ja,,Eri
Q137945535,male,昭久,ja,,Akihisa
Q137947260,unisex,要,ja,,Kaname
Q137947266,male,一正,ja,,Kazumasa
Q137947314,male,堅太郎,ja,,Kentarō
Q137947329,male,総一郎,ja,,Sōichirō
Q137947335,male,隆志,ja,,Takashi
Q137947339,male,正昭,ja,,Masaaki
Q137947375,male,佳彦,ja,,Yoshihiko
Q137960582,male,義治,ja,,Yoshiharu
Q137961577,male,和徳,ja,,Kazunori
Q137962157,male,祐一,ja,,Yūichi
Q137962174,male,大志郎,ja,,Daishirō
Q137962219,male,創,ja,,Hajime
Q137962244,male,光輝,ja,,Kōki
Q137962330,female,小百合,ja,,Sayuri
Q137962460,male,克仁,ja,,Katsuhito
Q137963230,female,郁美,ja,,Ikumi
Q137964969,female,朋美,ja,,Tomomi
Q137964992,unisex,みつ,ja,,Mitsu
Q137965053,male,ようせい,ja,,Yōsei
Q137965145,male,茂之,ja,,Shigeyuki
Q137969513,male,晃宏,ja,,Akihiro
Q137969527,male,良司,ja,,Ryōji
Q137969536,male,将平,ja,,Shōhei
Q137969574,male,展弘,ja,,Nobuhiro
Q137969596,male,ごうし,ja,,Gōshi
Q137969618,male,裕通,ja,,Hiromichi
Q137969622,male,隆之,ja,,Takashi
Q137969633,male,憲次,ja,,Kenji
Q137969639,male,勉,ja,,Ben
Q137969637,male,べん,ja,,Ben
Q137969650,male,康正,ja,,Yasumasa
Q137969674,unisex,和巳,ja,,Kazumi
Q137969702,male,恵,ja,,Megumu
Q137969704,male,雄吉,ja,,Yūkichi
Q137969731,male,憲久,ja,,Norihisa
Q137969736,male,克也,ja,,Katsuya
Q137969737,male,正敬,ja,,Masataka
Q137969744,male,道雄,ja,,Michio
Q137969753,male,康,ja,,Yasushi
Q137969761,female,朗子,ja,,Akiko
Q137969794,male,けいろう,ja,,Keirō
Q137969802,male,和則,ja,,Kazunori
Q137969807,male,泰秀,ja,,Yasuhide
Q137969821,male,たけみつ,ja,,Takemitsu
Q137970064,male,良平,ja,,Ryōhei
Q137970080,male,仁士,ja,,Hitoshi
Q140134613,female,萌香,ja,,Moeka
Q140181262,male,しょうえい,ja,,Shōei
Q140181318,male,高司,ja,,Takashi
Q140181330,male,雄大,ja,,Takehiro
Q140195745,male,好男,ja,,Yoshio
Q140197038,male,義郎,ja,,Yoshirō
Q140209266,male,貴信,ja,,Takanobu
Q140210082,unisex,政巳,ja,,Masami
Q140255204,unisex,憂,ja,,Yū
Q140264743,male,竜也,ja,,Tatsuya
Q140286632,male,滋夫,ja,,Shigeo
Q140288152,female,千波,ja,,Chinami
Q140291030,female,ちわ,ja,,Chiwa
Q140291039,female,千和,ja,,Chiwa
Q140291104,female,愛,ja,,Megumi
Q140298398,male,秀規,ja,,Hidenori
Q140299201,male,貴幸,ja,,Takayuki
Q140299212,male,英助,ja,,Eisuke
Q140299243,unisex,楓,ja,,Kaede
Q140299344,male,とみや,ja,,Tomiya
Q140299536,male,徳次郎,ja,,Tokujirō
Q140299726,male,克昌,ja,,Katsumasa
Q140299798,male,晃平,ja,,Kōhei
Q140300917,male,三次,ja,,Sanji
Q140300976,male,剛一,ja,,Gōichi
Q140301060,male,安雄,ja,,Yasuo
Q140301076,male,むつろう,ja,,Mutsurō
Q140301163,male,靖夫,ja,,Yasuo
Q140301172,male,久勝,ja,,Hisakatsu
Q140301194,male,為義,ja,,Tameyoshi
Q140301413,male,なおすみ,ja,,Naosumi
Q140303569,male,靖之,ja,,Yasuyuki
Q140304995,female,梨奈,ja,,Rina
Q140305013,female,莉菜,ja,,Rina
Q140305343,male,正家,ja,,Masaie
Q140305341,male,まさいえ,ja,,Masaie
Q140305353,female,早紀,ja,,Saki
Q140305356,male,正元,ja,,Masamoto
Q140305363,male,まさすえ,ja,,Masasue
Q140305368,male,正秀,ja,,Masahide
Q140305372,male,正綱,ja,,Masatsuna
Q140305383,male,武俊,ja,,Taketoshi
Q140305380,male,まさとら,ja,,Masatora
Q140305385,unisex,桂,ja,,Kei
Q140305397,male,恒男,ja,,Tsuneo
Q140305406,unisex,せれん,ja,,Seren
Q140305409,male,安夫,ja,,Yasuo
Q140305416,male,小十郎,ja,,Kojūrō
Q133306897,male,憲尚,ja,,Norihisa
Q139788784,male,勝則,ja,,Katsunori
Q139789120,unisex,零,ja,,Rei
Q139802040,male,晋一,ja,,Shin'ichi
Q139822683,male,憲孝,ja,,Noritaka
Q139822691,male,秀隆,ja,,Hidetaka
Q139823029,male,忠勝,ja,,Tadakatsu
Q139823248,male,長泰,ja,,Nagayasu
Q139823606,female,祐未,ja,,Yumi
Q139825246,female,杏子,ja,,Kyōko
Q139828014,male,優希也,ja,,Hisatsugu
Q139829326,male,絢斗,ja,,Ayato
Q139832077,unisex,裕,ja,,Yū
Q139832333,female,さいり,ja,,Sairi
Q139832359,female,あやえ,ja,,Ayae
Q139832375,female,紗織,ja,,Saori
Q139832390,male,邦洋,ja,,Kunihiro
Q139843751,male,一豊,ja,,Kazutoyo
Q139845192,female,佳世子,ja,,Kayoko
Q139845202,male,幸利,ja,,Yukitoshi
Q139854241,male,ひでみね,ja,,Hidemine
Q139854379,male,茂生,ja,,Shigeo
Q139863821,female,充子,ja,,Mitsuko
Q139883061,male,佳之,ja,,Yoshiyuki
Q139888870,male,裕康,ja,,Hiroyasu
Q139888898,male,昭博,ja,,Akihiro
Q139888947,male,寛治,ja,,Kanji
Q139888970,male,武文,ja,,Takefumi
Q139888982,male,寿,ja,,Hisashi
Q139890587,male,眞一,ja,,Shin'ichi
Q139894479,male,文吾,ja,,Bungo
Q139894727,male,義継,ja,,Yoshitsugu
Q139895068,male,すぎお,ja,,Sugio
Q139895165,unisex,しずほ,ja,,Shizuho
Q139895226,male,泰祐,ja,,Taisuke
Q139897515,male,慶一,ja,,Keiichi
Q139898477,male,洋一郎,ja,,Yōichirō
Q139898650,female,みずは,ja,,Mizuha
Q139898789,male,康之,ja,,Yasuyuki
Q139899230,male,長門,ja,,Nagato
Q139899393,male,喜之,ja,,Yoshiyuki
Q139899399,male,嘉之,ja,,Yoshiyuki
Q139902508,male,晃太郎,ja,,Kōtarō
Q139903888,male,隆史,ja,,Takafumi
Q139906660,male,智士,ja,,Satoshi
Q139917480,male,正宏,ja,,Masahiro
Q139917644,male,はるし,ja,,Harushi
Q139922329,male,直希,ja,,Naoki
Q9383651,male,ゆうすけ,ja,,Yūsuke
Q9383636,male,ようすけ,ja,,Yōsuke
Q9383640,male,ゆういち,ja,,Yūichi
Q137900264,male,文隆,ja,,Fumitaka
Q137903492,male,治男,ja,,Haruo
Q137907059,male,奨,ja,,Shō
Q137909828,male,けんこう,ja,,Kenkō
Q137909842,male,優,ja,,Yutaka
Q137909871,female,くれは,ja,,Kureha
Q137909875,female,紅葉,ja,,Kureha
Q137909882,male,義明,ja,,Yoshiaki
Q137909895,male,将人,ja,,Masahito
Q137915726,male,英世,ja,,Eisei
Q137921194,unisex,千里,ja,,Chisato
Q137921286,male,大悟,ja,,Daigo
Q137928006,male,準二,ja,,Junji
Q137928525,female,鮎子,ja,,Ayuko
Q137928712,female,恵美,ja,,Emi
Q137928836,male,光一郎,ja,,Kōichirō
Q137929203,male,竜太郎,ja,,Ryūtarō
Q137929557,male,嘉徳,ja,,Yoshinori
Q137929931,female,文乃,ja,,Ayano
Q137930819,male,和生,ja,,Kazuo
Q137939718,male,隆雄,ja,,Takao
Q137939736,male,康隆,ja,,Yasutaka
Q137939751,male,嘉一,ja,,Kaichi
Q137939755,male,博義,ja,,Hiroyoshi
Q137939759,male,達夫,ja,,Tatsuo
Q137939779,unisex,千春,ja,,Chiharu
Q137939803,male,光広,ja,,Mitsuhiro
Q137939906,male,昌彦,ja,,Masahiko
Q137939920,male,慎治,ja,,Shinji
Q137939975,male,ゆうのすけ,ja,,Yūnosuke
Q137939991,male,晋,ja,,Susumu
Q137940401,male,龍司,ja,,Ryūji
Q137940638,male,幹彦,ja,,Mikihiko
Q137940744,male,崇志,ja,,Takashi
Q137940795,male,義弘,ja,,Yoshihiro
Q137944661,male,紀一郎,ja,,Kiichirō
Q137944665,male,章宏,ja,,Akihiro
Q137944678,female,祐美子,ja,,Yumiko
Q137944690,female,正枝,ja,,Masae
Q137944705,male,健嗣,ja,,Kenji
Q137944823,unisex,晴美,ja,,Harumi
Q137944840,male,いっしゅう,ja,,Isshū
Q137944942,male,庸介,ja,,Yōsuke
Q137945057,male,義雄,ja,,Yoshio
Q137945070,female,万里,ja,,Mari
Q137945090,female,順子,ja,,Yoriko
Q137945431,female,萌絵,ja,,Moe
Q137945460,unisex,樹里,ja,,Juri
Q137945499,male,高夫,ja,,Takao
Q133307153,female,佳那子,ja,,Kanako
Q9383603,female,ゆみこ,ja,,Yumiko
Q138124447,male,昌良,ja,,Masayoshi
Q138133867,unisex,ゆうり,ja,,Yūri
Q138133890,unisex,有理,ja,,Yūri
Q138136446,male,深,ja,,Shin
Q138170794,male,隆,ja,,Yutaka
Q138176545,male,真彦,ja,,Masahiko
Q138231241,male,宗一,ja,,Sōichi
Q138297016,male,あさと,ja,,Asato
Q138297124,female,紀代子,ja,,Kiyoko
Q138297639,male,春信,ja,,Harunobu
Q138299056,male,康一郎,ja,,Kōichirō
Q138304234,male,寿人,ja,,Hisato
Q138306644,female,今日子,ja,,Kyōko
Q138307187,male,裕信,ja,,Hironobu
Q138307241,male,欽一,ja,,Kin'ichi
Q138307251,male,敦哉,ja,,Atsuya
Q138307390,male,規夫,ja,,Norio
Q138307474,unisex,知巳,ja,,Tomomi
Q138307505,male,尚彦,ja,,Naohiko
Q138312783,male,裕三,ja,,Yūzō
Q138312960,male,祐次郎,ja,,Yūjirō
Q138312972,male,克志,ja,,Katsushi
Q138314740,male,良彦,ja,,Yoshihiko
Q138314989,male,幸裕,ja,,Yukihiro
Q138315101,male,康晴,ja,,Yasuharu
Q138315141,male,義直,ja,,Yoshinao
Q138315323,male,寛一,ja,,Hirokazu
Q138315360,male,康寛,ja,,Yasuhiro
Q138315461,male,洋佑,ja,,Yōsuke
Q138315617,male,洋祐,ja,,Yōsuke
Q138319242,female,絢子,ja,,Junko
Q138319587,male,和明,ja,,Kazuaki
Q138319598,unisex,佑,ja,,Yū
Q138319846,female,絵里,ja,,Eri
Q138320170,male,大貴,ja,,Daiki
Q138320469,male,泰佑,ja,,Taisuke
Q138328267,male,嘉信,ja,,Yoshinobu
Q138328433,male,孝広,ja,,Takahiro
Q138329415,male,啓蔵,ja,,Keizō
Q138329559,male,聡一,ja,,Sōichi
Q138329691,male,俊彦,ja,,Toshihiko
Q138333235,male,雄輔,ja,,Yūsuke
Q138333269,male,孝平,ja,,Kōhei
Q138333328,male,冬樹,ja,,Fuyuki
Q138336910,male,紘一郎,ja,,Kōichirō
Q138337047,female,藍莉,ja,,Airi
Q137701984,male,章治,ja,,Shōji
Q137702098,male,祥二,ja,,Shōji
Q137710991,female,有希,ja,,Yuki
Q137711076,unisex,悠貴,ja,,Yūki
Q137714139,unisex,祐輝,ja,,Yūki
Q137714163,female,優希,ja,,Yuki
Q137718659,unisex,由樹,ja,,Yuki
Q137718718,male,雅弘,ja,,Masahiro
Q137719456,male,穣,ja,,Yutaka
Q137719655,male,ひでとら,ja,,Hidetora
Q137723360,unisex,遼,ja,,Haruka
Q137723934,male,敬一,ja,,Keiichi
Q137731427,male,こうと,ja,,Kōto
Q137731849,male,陸斗,ja,,Rikuto
Q137731888,male,孝生,ja,,Takao
Q137731963,male,流星,ja,,Ryūsei
Q137731983,female,菜々子,ja,,Nanako
Q137732006,male,政信,ja,,Masanobu
Q137732068,male,重幸,ja,,Shigeyuki
Q137732077,female,真裕美,ja,,Mayumi
Q137735913,male,雅士,ja,,Masashi
Q137738461,male,俊也,ja,,Toshiya
Q137738478,male,孝行,ja,,Takayuki
Q137738484,male,くにたか,ja,,Kunitaka
Q137738501,male,英明,ja,,Eimei
Q137738506,male,えいめい,ja,,Eimei
Q137739028,male,章弘,ja,,Akihiro
Q137739042,male,泰介,ja,,Taisuke
Q137739690,male,孝博,ja,,Takahiro
Q137739777,male,哲志,ja,,Satoshi
Q137744059,male,真史,ja,,Masashi
Q137746926,male,正史,ja,,Masashi
Q137752440,male,洋三,ja,,Yōzō
Q137757532,male,祐司,ja,,Yūji
Q137757536,male,雄次,ja,,Yūji
Q137766802,unisex,勝己,ja,,Katsumi
Q137766810,unisex,克己,ja,,Katsumi
Q137766820,female,千景,ja,,Chikage
Q137766831,female,貞子,ja,,Teiko
Q137766828,female,貞子,ja,,Sadako
Q137775275,male,はんじろう,ja,,Hanjirō
Q137778742,female,彩子,ja,,Ayako
Q137778857,male,佳明,ja,,Yoshiaki
Q137779047,male,圭一,ja,,Keiichi
Q137781101,female,知代,ja,,Tomoyo
Q137781350,male,尭,ja,,Takashi
Q137783805,male,佳夫,ja,,Yoshio
Q137784254,male,昌行,ja,,Masayuki
Q137784280,female,仁美,ja,,Hitomi
Q133307542,male,和輝,ja,,Kazuki
Q139621838,female,はなみ,ja,,Hanami
Q139622104,male,博久,ja,,Hirohisa
Q139622113,male,真司,ja,,Shinji
Q139622129,unisex,優希,ja,,Yūki
Q139622166,unisex,知己,ja,,Tomomi
Q139624960,female,ふき,ja,,Fuki
Q139625000,male,元伸,ja,,Motonobu
Q139626688,male,忠徳,ja,,Tadanori
Q139633834,male,俊博,ja,,Toshihiro
Q139634711,male,真人,ja,,Mahito
Q139639443,female,優美子,ja,,Yumiko
Q139659294,male,正史,ja,,Masafumi
Q139659318,male,文一,ja,,Fumikazu
Q139659809,male,等,ja,,Hitoshi
Q139660129,female,しおこ,ja,,Shioko
Q139660259,unisex,和美,ja,,Kazumi
Q139660817,male,直紀,ja,,Naoki
Q139667190,male,雅則,ja,,Masanori
Q139667355,male,浩彦,ja,,Hirohiko
Q139667791,male,康義,ja,,Yasuyoshi
Q139668636,male,邦博,ja,,Kunihiro
Q139668787,female,まおり,ja,,Maori
Q139677232,male,敏史,ja,,Satoshi
Q139677432,male,かげやす,ja,,Kageyasu
Q139677498,male,秀一郎,ja,,Shūichirō
Q139677670,male,一成,ja,,Issei
Q139677709,male,佑真,ja,,Yūma
Q139677814,male,よりやす,ja,,Yoriyasu
Q139677817,male,直純,ja,,Naozumi
Q139677820,male,うじのり,ja,,Ujinori
Q139677883,male,うじやす,ja,,Ujiyasu
Q139677880,male,みちずみ,ja,,Michizumi
Q139677999,male,元家,ja,,Motoie
Q139678004,male,元治,ja,,Motoharu
Q139678009,male,光隆,ja,,Mitsutaka
Q139678018,male,のりふさ,ja,,Norifusa
Q139678268,male,やすずみ,ja,,Yasuzumi
Q139678297,male,のりずみ,ja,,Norizumi
Q139678300,male,ただより,ja,,Tadayori
Q139678301,male,忠頼,ja,,Tadayori
Q139678357,male,持家,ja,,Mochiie
Q139678409,male,新七,ja,,Shinshichi
Q139678413,male,新一,ja,,Shin'ichi
Q139678419,male,氏久,ja,,Ujihisa
Q139678417,male,うじひさ,ja,,Ujihisa
Q139678436,male,うじつね,ja,,Ujitsune
Q139678572,male,うじよし,ja,,Ujiyoshi
Q139678591,female,あおみ,ja,,Aomi
Q139678614,male,うじさだ,ja,,Ujisada
Q133307150,female,美希,ja,,Miki
Q11412183,male,右衛門,ja,,Uemon
Q11487426,male,弥太郎,ja,,Yatarō
Q11487427,male,弥右衛門,ja,,Yaemon
Q11659177,male,雄一郎,ja,,Yūichirō
Q11684760,male,あきひと,ja,,Akihito
Q138006742,female,花菜,ja,,Kana
Q138006913,male,寛,ja,,Yutaka
Q138006928,female,かりな,ja,,Karina
Q138007017,male,恵三,ja,,Keizō
Q138007216,male,敏行,ja,,Toshiyuki
Q138007529,male,雄斗,ja,,Yūto
Q138007541,unisex,香,ja,,Kaoru
Q138012175,male,優真,ja,,Yūma
Q138012358,male,立也,ja,,Tatsuya
Q138012440,male,だん,ja,,Dan
Q138012577,male,直幹,ja,,Naoki
Q138019749,unisex,蓮,ja,,Ren
Q138019769,male,涼太,ja,,Ryōta
Q138019816,unisex,とおま,ja,,Tōma
Q138019917,unisex,きら,ja,,Kira
Q138027646,male,ひろあつ,ja,,Hiroatsu
Q138027709,female,綾乃,ja,,Ayano
Q138027718,female,美帆,ja,,Miho
Q138027746,female,桃香,ja,,Momoka
Q138027757,unisex,梨央,ja,,Rio
Q138027772,female,雪乃,ja,,Yukino
Q138027792,female,みれい,ja,,Mirei
Q138028072,female,亜実,ja,,Ami
Q138028100,unisex,碧,ja,,Aoi
Q138028153,female,未奈,ja,,Mina
Q138028226,unisex,留衣,ja,,Rui
Q138028229,female,うめか,ja,,Umeka
Q138028246,female,藍,ja,,Ai
Q138028290,female,芽依,ja,,Mei
Q138028330,unisex,有希,ja,,Yūki
Q138028462,female,優花,ja,,Yūka
Q138028464,female,沙羅,ja,,Sara
Q138028470,female,正恵,ja,,Masae
Q138028534,female,日向子,ja,,Hinako
Q138028544,female,桜子,ja,,Sakurako
Q138028580,unisex,光希,ja,,Mitsuki
Q138028584,female,りせ,ja,,Rise
Q138028596,female,茉莉,ja,,Mari
Q138028604,female,つばき,ja,,Tsubaki
Q138034033,male,明裕,ja,,Akihiro
Q138044196,male,久芳,ja,,Hisayoshi
Q138045291,female,寛子,ja,,Hiroko
Q138045306,male,しょうぶん,ja,,Shōbun
Q138045457,male,聡史,ja,,Satoshi
Q138045676,male,英太郎,ja,,Eitarō
Q138049885,male,侑也,ja,,Yūya
Q138116665,male,貴弘,ja,,Takahiro
Q127608921,female,桃芭,ja,,Momoha
Q11216828,female,ちか,ja,,Chika
Q11398338,male,大輝,ja,,Daiki
Q140365723,male,直明,ja,,Naoaki
Q140365829,male,恭介,ja,,Kyōsuke
Q140366165,male,昌信,ja,,Masanobu
Q140366696,male,泰伸,ja,,Yasunobu
Q140366825,unisex,辰巳,ja,,Tatsumi
Q140367209,male,迪夫,ja,,Michio
Q140367343,male,宏明,ja,,Hiroaki
Q140370384,male,利彦,ja,,Toshihiko
Q140370493,male,さねより,ja,,Saneyori
Q140370520,male,さねただ,ja,,Sanetada
Q140370556,male,長房,ja,,Nagafusa
Q140370646,male,宗正,ja,,Munemasa
Q140370660,male,さねあき,ja,,Saneaki
Q140370665,male,みちまさ,ja,,Michimasa
Q140370671,male,将明,ja,,Masaaki
Q140370680,male,ふさなが,ja,,Fusanaga
Q140370698,male,ちかとも,ja,,Chikatomo
Q140370701,male,きょうさぶろう,ja,,Kyōsaburō
Q140370708,male,道貫,ja,,Michitsura
Q140370747,male,家房,ja,,Iefusa
Q140370756,male,時長,ja,,Tokinaga
Q140370760,male,ためあき,ja,,Tameaki
Q140370768,unisex,みちか,ja,,Michika
Q140370774,male,くにふさ,ja,,Kunifusa
Q140370800,male,あきなが,ja,,Akinaga
Q140370825,male,ときつぐ,ja,,Tokitsugu
Q140370831,male,みちかた,ja,,Michikata
Q140370842,male,信明,ja,,Nobuaki
Q140370887,male,秀綱,ja,,Hidetsuna
Q140370892,male,時家,ja,,Tokiie
Q140370906,male,むねすけ,ja,,Munesuke
Q140370935,male,重長,ja,,Shigenaga
Q140370943,female,花梨,ja,,Karin
Q140370951,female,みらの,ja,,Mirano
Q140370985,male,宗義,ja,,Muneyoshi
Q140371015,male,季彦,ja,,Suehiko
Q140371019,male,武宏,ja,,Takehiro
Q140371207,male,つねみつ,ja,,Tsunemitsu
Q140371211,male,清右衛門,ja,,Seiemon
Q140371216,male,安次郎,ja,,Yasujirō
Q140371220,male,そうえもん,ja,,Sōemon
Q140371225,female,万里子,ja,,Mariko
Q140371229,female,亜未,ja,,Ami
Q140371235,male,ひでじろう,ja,,Hidejirō
Q140371236,male,秀太郎,ja,,Hidetarō
Q140371273,female,三恵,ja,,Mie
Q140371348,male,佑弥,ja,,Yūya
Q140371718,male,友行,ja,,Tomoyuki
Q140371745,male,としもり,ja,,Toshimori
Q127608895,female,杏,ja,,Anzu
Q141498337,male,翔治,ja,,Shōji
Q141498354,male,勝衛,ja,,Katsuei
Q141498358,male,勝衛,ja,,Katsue
Q141498375,male,昭司,ja,,Shōji
Q141498373,male,昭爾,ja,,Shōji
Q141498385,male,松寿,ja,,Shōju
Q141498389,male,正持,ja,,Shōji
Q141498398,male,正次,ja,,Shōji
Q141498396,male,奨治,ja,,Shōji
Q141498470,male,昭二,ja,,Akiji
Q141498555,male,昌司,ja,,Masashi
Q141498586,male,太郎,ja,,Masaji
Q141498587,male,太郎,ja,,Atsushi
Q141502721,female,なのか,ja,,Nanoka
Q141503105,male,昌治,ja,,Masaharu
Q141567161,female,紗子,ja,,Saeko
Q141572910,male,昇二,ja,,Shōji
Q141573002,male,正次,ja,,Masaji
Q141573556,male,省治,ja,,Shōji
Q141573618,male,彰治,ja,,Shōji
Q141591786,male,昌続,ja,,Masatsugu
Q141599009,male,政二,ja,,Seiji
Q141599064,male,政治,ja,,Seiji
Q141599077,male,成二,ja,,Seiji
Q141599216,male,正治,ja,,Seiji
Q141599246,male,正次,ja,,Seiji
Q141599276,male,正治,ja,,Masaji
Q141599337,male,正士,ja,,Masaji
Q141599348,male,政治,ja,,Masaji
Q141599378,male,政次,ja,,Masaji
Q141599386,male,政二,ja,,Masaji
Q141599400,male,雅二,ja,,Masaji
Q141599440,male,政二,ja,,Shōji
Q12038246,unisex,みずき,ja,,Mizuki
Q11714122,male,いさむ,ja,,Isamu
Q11734702,female,かな,ja,,Kana
Q127610285,female,千彩,ja,,Chisa
Q11709847,female,ひさこ,ja,,Hisako
Q11709963,male,ひとし,ja,,Hitoshi
Q133307562,male,太成,ja,,Taisei
Q133307560,female,香美,ja,,Kōmi
Q127621849,male,友哉,ja,,Tomoya
Q139936829,male,義人,ja,,Yoshihito
Q139942952,female,綾音,ja,,Ayane
Q139970777,male,駿一郎,ja,,Shun'ichirō
Q139986988,male,紀行,ja,,Noriyuki
Q139990512,male,一茂,ja,,Kazushige
Q139991098,male,直行,ja,,Naoyuki
Q139991138,male,真介,ja,,Shinsuke
Q139994635,male,孟,ja,,Hajime
Q139996986,male,順平,ja,,Junpei
Q139997111,male,則幸,ja,,Noriyuki
Q139997253,male,忠明,ja,,Tadaaki
Q139997475,male,健志,ja,,Kenji
Q139997701,male,隆太,ja,,Ryūta
Q139997869,male,おさみ,ja,,Osami
Q139997873,male,修身,ja,,Osami
Q140003979,male,遼太郎,ja,,Ryōtarō
Q140003998,male,和浩,ja,,Kazuhiro
Q140004363,male,康嗣,ja,,Kōji
Q140004410,unisex,恵,ja,,Kei
Q140008429,female,東子,ja,,Tōko
Q140009084,female,菜那,ja,,Nana
Q140009789,male,幸四郎,ja,,Kōshirō
Q140009831,male,健夫,ja,,Tateo
Q140009851,male,直道,ja,,Naomichi
Q140023382,male,秀忠,ja,,Hidetada
Q140026456,male,栄作,ja,,Eisaku
Q140039210,female,智秋,ja,,Chiaki
Q140066584,male,駿太,ja,,Shunta
Q140066612,male,俊太,ja,,Shunta
Q140066625,female,史織,ja,,Shiori
Q140066630,male,喬,ja,,Takashi
Q140066651,male,正盛,ja,,Masamori
Q140066981,female,京,ja,,Miyako
Q140075201,male,剛司,ja,,Takeshi
Q140078207,female,眞基子,ja,,Makiko
Q140088519,male,友祐,ja,,Yūsuke
Q140088657,male,正悟,ja,,Shōgo
Q140088718,male,元春,ja,,Motoharu
Q140088800,male,たかかげ,ja,,Takakage
Q140088815,male,直家,ja,,Naoie
Q140088847,male,康人,ja,,Yasuhito
Q140088861,male,長治,ja,,Nagaharu
Q140088909,unisex,みおう,ja,,Miō
Q140088919,male,しげむね,ja,,Shigemune
Q140088925,male,重宗,ja,,Shigemune
Q140130369,female,彩花,ja,,Ayaka
Q140133828,unisex,凜,ja,,Rin
Q140133907,female,絢音,ja,,Ayane
Q140133961,female,みいな,ja,,Miina
Q133307537,male,光希,ja,,Kōki
Q127608945,male,佑澄,ja,,Yuito
Q140626407,female,果林,ja,,Karin
Q140646816,female,真梨,ja,,Mari
Q140648230,male,拓司,ja,,Takushi
Q140664170,female,眞理,ja,,Mari
Q140668977,female,茉里,ja,,Mari
Q140669253,female,麻理,ja,,Mari
Q140702856,female,惟子,ja,,Yuiko
Q140729333,male,精熊,ja,,Seiguma
Q140756506,male,きゅうじ,ja,,Kyūji
Q140756935,male,淳志,ja,,Atsushi
Q140763185,male,勇人,ja,,Hayato
Q140764210,male,陸人,ja,,Rikuto
Q140775634,unisex,夏央,ja,,Natsuo
Q140779199,female,露那,ja,,Tsuyuna
Q140780038,male,周夫,ja,,Chikao
Q140782572,male,涼介,ja,,Ryōsuke
Q140794500,unisex,飛翔,ja,,Tsubasa
Q140794517,male,翼,ja,,Yoku
Q140796407,male,善彦,ja,,Yoshihiko
Q140796571,male,とうご,ja,,Tōgo
Q140800557,male,東吾,ja,,Tōgo
Q140822788,female,とおこ,ja,,Tōko
Q140823018,female,とこ,ja,,Toko
Q140823139,female,塔子,ja,,Tōko
Q140833242,female,瞳子,ja,,Tōko
Q140857181,unisex,とうこう,ja,,Tōkō
Q140876762,female,えま,ja,,Ema
Q140923780,female,千穂,ja,,Chiho
Q140935308,female,稚子,ja,,Wakako
Q140935358,female,和佳子,ja,,Wakako
Q140935481,female,和香子,ja,,Wakako
Q140935504,female,若子,ja,,Wakako
Q140936230,male,優一,ja,,Yūichi
Q127609996,male,航太郎,ja,,Kōtarō
Q127621382,male,さん,ja,,San
Q133307578,female,眞緒,ja,,Mao
Q11711608,female,いくこ,ja,,Ikuko
Q140305436,female,みつか,ja,,Mitsuka
Q140305451,male,精一郎,ja,,Seiichirō
Q140305466,male,正一,ja,,Masakazu
Q140305470,female,さやみ,ja,,Sayami
Q140305575,female,理奈,ja,,Rina
Q140305624,female,梨菜,ja,,Rina
Q140305655,female,璃奈,ja,,Rina
Q140305679,female,理菜,ja,,Rina
Q140305872,female,麻耶,ja,,Maya
Q140305890,female,真耶,ja,,Maya
Q140305895,female,摩耶,ja,,Maya
Q140305982,female,瑠美子,ja,,Rumiko
Q140306003,female,真矢,ja,,Maya
Q140306329,male,信,ja,,Shin
Q140306412,male,新,ja,,Shin
Q140306489,male,紳,ja,,Shin
Q140306700,male,心,ja,,Shin
Q140306776,male,進,ja,,Shin
Q140309982,unisex,遥,ja,,Haruka
Q140311929,female,知香,ja,,Chika
Q140311934,female,知夏,ja,,Chika
Q140313234,female,絵梨香,ja,,Erika
Q140313337,female,恵里花,ja,,Erika
Q140313461,female,絵理香,ja,,Erika
Q140313722,female,絵里加,ja,,Erika
Q140316539,male,たけてる,ja,,Taketeru
Q140316754,female,そうこ,ja,,Sōko
Q140317300,male,義信,ja,,Yoshinobu
Q140317330,male,輝夫,ja,,Teruo
Q140317356,male,忠利,ja,,Tadatoshi
Q140317363,female,里枝,ja,,Rie
Q140317376,female,夢子,ja,,Yumeko
Q140317386,male,知一,ja,,Tomokazu
Q140317391,male,安太郎,ja,,Yasutarō
Q140338384,male,真言,ja,,Makoto
Q140355408,male,康貴,ja,,Yasutaka
Q140355418,female,知恵子,ja,,Chieko
Q140355515,female,美和子,ja,,Miwako
Q140355541,male,うじきよ,ja,,Ujikiyo
Q140357202,male,善久,ja,,Yoshihisa
Q140357398,male,謙吾,ja,,Kengo
Q140358104,male,隆哉,ja,,Takaya
Q140358108,male,久光,ja,,Hisamitsu
Q140358189,male,ゆきかつ,ja,,Yukikatsu
Q140360333,male,良知,ja,,Yoshitomo
Q140360623,female,文江,ja,,Fumie
Q140364177,male,隆幸,ja,,Takayuki
Q140365483,male,伸一郎,ja,,Shin'ichirō
Q140365536,male,信広,ja,,Nobuhiro
Q140365632,male,郁男,ja,,Ikuo
Q9383655,male,ゆうたろう,ja,,Yūtarō
Q10312977,female,じゅんこ,ja,,Junko
Q127621030,male,浩平,ja,,Kōhei
Q11708682,female,はるな,ja,,Haruna
Q11709840,male,ひろひと,ja,,Hirohito
Q140371771,female,比佐子,ja,,Hisako
Q140371806,female,由夏,ja,,Yuka
Q140371811,male,嘉七,ja,,Kashichi
Q140371809,male,宮吉,ja,,Miyakichi
Q140371816,male,利雄,ja,,Toshio
Q140371841,male,広隆,ja,,Hirotaka
Q140371860,male,かんえもん,ja,,Kan'emon
Q140371867,male,紀之,ja,,Noriyuki
Q140371881,male,のぶいちろう,ja,,Nobuichirō
Q140382873,male,琢,ja,,Taku
Q140407764,male,広明,ja,,Hiroaki
Q140408074,male,克明,ja,,Katsuaki
Q140420211,male,伸也,ja,,Shin'ya
Q140422665,female,まなこ,ja,,Manako
Q140423233,unisex,しげ,ja,,Shige
Q140433199,male,晴義,ja,,Haruyoshi
Q140435217,male,忠良,ja,,Tadayoshi
Q140443796,male,嘉男,ja,,Yoshio
Q140452699,female,篤子,ja,,Atsuko
Q140455571,male,恒夫,ja,,Tsuneo
Q140455810,male,りすけ,ja,,Risuke
Q140456278,female,みあ,ja,,Mia
Q140467203,male,宏彰,ja,,Hiroaki
Q140467370,female,えれん,ja,,Eren
Q140471779,male,米三郎,ja,,Yonesaburō
Q140471784,male,百太郎,ja,,Hyakutarō
Q140482971,male,了平,ja,,Ryōhei
Q140500296,female,理加,ja,,Rika
Q140501947,female,理香,ja,,Rika
Q140501992,female,梨夏,ja,,Rika
Q140516562,male,克典,ja,,Katsunori
Q140518384,female,里華,ja,,Rika
Q140520034,male,和信,ja,,Kazunobu
Q140520885,female,千佳子,ja,,Chikako
Q140522527,female,はじめ,ja,,Hajime
Q140524483,unisex,勝実,ja,,Katsumi
Q140529824,female,利香,ja,,Rika
Q140529963,male,芳孝,ja,,Yoshitaka
Q140531633,male,翔,ja,,Kakeru
Q140540993,male,元孝,ja,,Mototaka
Q140568830,male,新作,ja,,Shinsaku
Q140569032,male,春雄,ja,,Haruo
Q140569050,male,正男,ja,,Masao
Q140582447,female,ひみこ,ja,,Himiko
Q140611182,female,亜矢,ja,,Aya
Q140611703,female,亜耶,ja,,Aya
Q140611731,female,絢,ja,,Aya
Q140626353,female,夏鈴,ja,,Karin
Q127622332,male,桂大,ja,,Keita
Q13586483,female,きょうこ,ja,,Kyōko
Q13587074,female,まみ,ja,,Mami
Q13583365,female,あきな,ja,,Akina
Q13584221,female,えり,ja,,Eri
Q141456182,male,貴大,ja,,Takahiro
Q141456284,male,貴大,ja,,Takato
Q141470207,male,貴大,ja,,Kidai
Q141470236,male,貴大,ja,,Takao
Q141470302,male,櫻士,ja,,Ōji
Q141470300,male,荒次郎,ja,,Arajirō
Q141470311,male,雄士,ja,,Takeshi
Q141470308,male,宏士,ja,,Hiroshi
Q141470314,male,雄士,ja,,Yūto
Q141470316,male,雄士,ja,,Yūji
Q141470326,male,雄士,ja,,Yūshi
Q141470377,male,尚史,ja,,Shōji
Q141470385,male,祥治,ja,,Shōji
Q141470389,male,招二,ja,,Shōji
Q141470395,male,彰二,ja,,Shōji
Q141470403,male,荘司,ja,,Shōji
Q141470411,male,章次,ja,,Shōji
Q141470422,male,捷次,ja,,Shōji
Q141470438,male,昭志,ja,,Shōji
Q141470436,male,昇司,ja,,Shōji
Q141470444,male,省司,ja,,Shōji
Q141470451,male,祥次,ja,,Shōji
Q141470453,male,昌次,ja,,Shōji
Q141485175,male,昌次,ja,,Masatsugu
Q141493732,male,政次,ja,,Masatsugu
Q141493791,male,将次,ja,,Masatsugu
Q141493803,male,正嗣,ja,,Masatsugu
Q141493823,male,昌嗣,ja,,Masatsugu
Q141493824,male,政嗣,ja,,Masatsugu
Q141493830,male,将嗣,ja,,Masatsugu
Q141493833,male,雅嗣,ja,,Masatsugu
Q141493838,male,正二,ja,,Masatsugu
Q141493855,male,正二,ja,,Seiji
Q141493852,male,正二,ja,,Masaji
Q141498300,male,詔二,ja,,Shōji
Q141498301,male,翔自,ja,,Shōji
Q141498306,male,晶司,ja,,Shōji
Q141498304,male,鐘史,ja,,Shōji
Q141498305,male,祥司,ja,,Shōji
Q141498311,male,松二,ja,,Shōji
Q133307540,male,健登,ja,,Kento
Q13587415,female,みさき,ja,,Misaki
Q13589431,female,さき,ja,,Saki
Q140937057,male,哲資,ja,,Tetsushi
Q140937104,male,哲資,ja,,Tetsuji
Q140954075,male,了,ja,,Satoru
Q140954106,male,理,ja,,Satoru
Q140954825,male,知,ja,,Satoru
Q141008030,unisex,亜季,ja,,Aki
Q141008036,unisex,亜樹,ja,,Aki
Q141008049,unisex,晶,ja,,Aki
Q141008071,unisex,秋,ja,,Aki
Q141029418,female,安奈,ja,,Anna
Q141070824,male,学,ja,,Satoru
Q141071331,male,慧,ja,,Satoru
Q141071616,male,賢,ja,,Satoru
Q141071672,male,聖,ja,,Satoru
Q141152663,male,祐大,ja,,Yūdai
Q141178929,male,見,ja,,Ken
Q141189542,male,賞,ja,,Shō
Q141205998,female,冴子,ja,,Saeko
Q141218991,male,咲也,ja,,Sakuya
Q141327524,male,忠次,ja,,Tadatsugu
Q141358080,female,文,ja,,Fumi
Q141358345,female,歩美,ja,,Fumi
Q141439351,male,交一,ja,,Kōichi
Q141445920,male,正二,ja,,Shōji
Q141446004,male,将司,ja,,Shōji
Q141446032,male,正治,ja,,Shōji
Q141446083,male,庄司,ja,,Shōji
Q141446140,male,章司,ja,,Shōji
Q141446200,male,昌二,ja,,Shōji
Q141446310,male,象二,ja,,Shōji
Q141446329,male,章二,ja,,Shōji
Q141446358,male,省二,ja,,Shōji
Q141446364,male,正司,ja,,Shōji
Q141446377,male,昭次,ja,,Shōji
Q141446448,unisex,類,ja,,Rui
Q133307646,male,脩太,ja,,Shūta
Q133307662,unisex,怜,ja,,Rei
Q127784807,male,寛幸,ja,,Hiroyuki
Q127790681,male,廣行,ja,,Hiroyuki
Q127790687,male,祐幸,ja,,Hiroyuki
Q127790711,male,ひさじ,ja,,Hisaji
Q127807878,male,きたる,ja,,Kitaru
Q127867358,male,宏昌,ja,,Hiromasa
Q127867371,male,弘将,ja,,Hiromasa
Q127867372,male,弘昌,ja,,Hiromasa
Q127867394,male,博正,ja,,Hiromasa
Q127867415,male,浩正,ja,,Hiromasa
Q127867476,male,大将,ja,,Hiromasa
Q127867505,male,広政,ja,,Hiromasa
Q127867510,male,広当,ja,,Hiromasa
Q127867516,male,宏真,ja,,Hiromasa
Q127867521,male,啓正,ja,,Hiromasa
Q127867529,male,丈聖,ja,,Hiromasa
Q127867678,male,広當,ja,,Hiromasa
Q127867747,male,洋昌,ja,,Hiromasa
Q127867871,male,裕正,ja,,Hiromasa
Q127867898,male,博方,ja,,Hiromasa
Q127867901,male,広正,ja,,Hiromasa
Q127867923,male,宏正,ja,,Hiromasa
Q127867930,male,弘政,ja,,Hiromasa
Q127868651,male,広匡,ja,,Hiromasa
Q127868659,male,啓眞,ja,,Hiromasa
Q127868656,male,広雅,ja,,Hiromasa
Q127868663,male,紘昌,ja,,Hiromasa
Q127868667,male,哲万,ja,,Hiromasa
Q127868674,male,弘正,ja,,Hiromasa
Q127868679,male,博公,ja,,Hiromasa
Q127868682,male,浩雅,ja,,Hiromasa
Q127868685,male,浩将,ja,,Hiromasa
Q127868688,male,洋雅,ja,,Hiromasa
Q127868692,male,裕雅,ja,,Hiromasa
Q127868697,male,浩昌,ja,,Hiromasa
Q127868703,male,裕政,ja,,Hiromasa
Q127868709,male,大雅,ja,,Hiromasa
Q127868731,male,弘勝,ja,,Hiromasa
Q127868736,male,裕真,ja,,Hiromasa
Q127868798,male,博匡,ja,,Hiromasa
Q127869074,male,博雅,ja,,Hiromasa
Q127869078,male,寛正,ja,,Hiromasa
Q127869089,male,博政,ja,,Hiromasa
Q127869115,male,太将,ja,,Hiromasa
Q127869112,male,裕將,ja,,Hiromasa
Q127869153,male,寛大,ja,,Hiromasa
Q127622472,male,元哉,ja,,Motoya
Q13628374,female,あやな,ja,,Ayana
Q14393122,female,あいこ,ja,,Aiko
Q11738555,unisex,かずみ,ja,,Kazumi
Q11739571,female,きよこ,ja,,Kiyoko
Q13589548,female,せいこ,ja,,Seiko
Q13589603,female,しほ,ja,,Shiho
Q13590004,unisex,すばる,ja,,Subaru
Q13591319,unisex,ゆい,ja,,Yui
Q15815607,female,ひなこ,ja,,Hinako
Q14624992,female,かほ,ja,,Kaho
Q15704237,unisex,しのぶ,ja,,Shinobu
Q133307612,male,洸介,ja,,Kōsuke
Q133307597,female,小雪,ja,,Koyuki
Q16002298,female,あきえ,ja,,Akie
Q16154400,male,あつひろ,ja,,Atsuhiro
Q133307632,female,真唯,ja,,Mai
Q16274722,male,ばんり,ja,,Banri
Q16275888,male,ふみお,ja,,Fumio
Q16276733,unisex,ひでよ,ja,,Hideyo
Q16276782,unisex,ひろ,ja,,Hiro
Q16276782,unisex,ヒロ,ja,,Hiro
Q133307605,female,奏,ja,,Kanade
Q16276419,male,はるお,ja,,Haruo
Q16276787,male,ひろあき,ja,,Hiroaki
Q16276789,female,ひろえ,ja,,Hiroe
Q133307676,male,壮哉,ja,,Sōya
Q16276424,female,はるよ,ja,,Haruyo
Q16276710,male,ひではる,ja,,Hideharu
Q127623744,male,てつひこ,ja,,Tetsuhiko
Q127623835,male,徹彦,ja,,Tetsuhiko
Q127624004,male,鐵彦,ja,,Tetsuhiko
Q127645334,male,でんきち,ja,,Denkichi
Q127645422,male,えんきち,ja,,Enkichi
Q127649686,male,かずうみ,ja,,Kazuumi
Q127649838,male,がくじ,ja,,Gakuji
Q127653581,male,てるたろう,ja,,Terutarō
Q127685162,male,大士,ja,,Hiroshi
Q127685207,male,溥,ja,,Hiroshi
Q127685479,male,弘嗣,ja,,Hiroshi
Q127685487,male,博嗣,ja,,Hiroshi
Q127685516,female,たまえ,ja,,Tamae
Q127686485,female,ゆめこ,ja,,Yumeko
Q127686821,female,有沙,ja,,Arisa
Q127686879,male,洽,ja,,Hiroshi
Q127690099,male,浩之,ja,,Hiroyuki
Q127697974,male,洋司,ja,,Hiroshi
Q127698015,male,弘至,ja,,Hiroshi
Q127698043,male,博士,ja,,Hiroshi
Q127698116,male,弘史,ja,,Hiroshi
Q127698236,male,紘士,ja,,Hiroshi
Q127698376,male,宏幸,ja,,Hiroyuki
Q127698395,male,裕行,ja,,Hiroyuki
Q127698438,male,なおたろう,ja,,Naotarō
Q127698490,male,みとじ,ja,,Mitoji
Q127700127,male,とよひろ,ja,,Toyohiro
Q127756490,male,寛司,ja,,Hiroshi
Q127767159,male,廣幸,ja,,Hiroyuki
Q127767373,male,広幸,ja,,Hiroyuki
Q127767997,male,啓之,ja,,Hiroyuki
Q127784516,male,洋行,ja,,Hiroyuki
Q127784598,male,敬之,ja,,Hiroyuki
Q127784646,male,広行,ja,,Hiroyuki
Q128214533,male,祐,ja,,Hiroshi
Q128214539,female,やすえ,ja,,Yasue
Q128224175,male,つねいち,ja,,Tsuneichi
Q128265540,female,せら,ja,,Sera
Q128303432,male,りのすけ,ja,,Rinosuke
Q128303460,male,しげなお,ja,,Shigenao
Q128362573,female,有紗,ja,,Arisa
Q16276793,male,ひろふみ,ja,,Hirofumi
Q16276810,male,ひろくに,ja,,Hirokuni
Q15719495,male,ひであき,ja,,Hideaki
Q15725619,female,まりこ,ja,,Mariko
Q16276716,male,ひでかず,ja,,Hidekazu
Q16276722,unisex,ひでみ,ja,,Hidemi
Q16276728,male,ひでし,ja,,Hideshi
Q15719494,male,ひろたか,ja,,Hirotaka
Q133307642,female,里羽,ja,,Riu
Q13591320,female,ユカ,ja,,Yuka
Q13591320,female,ゆか,ja,,Yuka
Q127869171,male,洋正,ja,,Hiromasa
Q127869176,male,宏優,ja,,Hiromasa
Q127869180,male,宏雅,ja,,Hiromasa
Q127869181,male,広征,ja,,Hiromasa
Q127896179,male,たけなり,ja,,Takenari
Q127917199,male,拓,ja,,Hiroshi
Q127917548,male,寛志,ja,,Hiroshi
Q127918430,male,尋,ja,,Hiroshi
Q127918564,male,尋士,ja,,Hiroshi
Q127918801,male,尋史,ja,,Hiroshi
Q127918887,male,啓史,ja,,Hiroshi
Q127944286,male,浩資,ja,,Hiroshi
Q127946815,male,比呂司,ja,,Hiroshi
Q127947093,male,泰,ja,,Hiroshi
Q127948110,male,碩,ja,,Hiroshi
Q127948111,male,碩志,ja,,Hiroshi
Q127950194,male,洋志,ja,,Hiroshi
Q127951728,male,紘史,ja,,Hiroshi
Q127962961,male,普,ja,,Hiroshi
Q127964652,male,央,ja,,Hiroshi
Q127965081,male,拓志,ja,,Hiroshi
Q127965261,male,とみひこ,ja,,Tomihiko
Q127975563,male,紘志,ja,,Hiroshi
Q128018703,female,ここ,ja,,Koko
Q128020264,female,りず,ja,,Rizu
Q128031747,male,ときひさ,ja,,Tokihisa
Q128035562,male,廣士,ja,,Hiroshi
Q128056228,male,ゆうろ,ja,,Yūro
Q128083525,unisex,よしか,ja,,Yoshika
Q128117119,male,ぎんのすけ,ja,,Ginnosuke
Q128117851,male,さねはる,ja,,Saneharu
Q128117907,unisex,いそみ,ja,,Isomi
Q128118306,male,てつひで,ja,,Tetsuhide
Q128118362,male,くにのり,ja,,Kuninori
Q128118803,male,ときひこ,ja,,Tokihiko
Q128139426,male,汪,ja,,Hiroshi
Q128178067,male,大志,ja,,Hiroshi
Q128178540,male,だいしん,ja,,Daishin
Q128207405,male,拓史,ja,,Hiroshi
Q128207917,female,なつね,ja,,Natsune
Q128211115,male,煕,ja,,Hiroshi
Q128211122,male,凞,ja,,Hiroshi
Q128211130,male,熈,ja,,Hiroshi
Q128211762,male,広始,ja,,Hiroshi
Q128211778,male,大史,ja,,Hiroshi
Q133307622,female,舞衣,ja,,Mai
Q128465179,male,広士,ja,,Hiroshi
Q128482407,male,史,ja,,Hiroshi
Q128553644,male,だいたろう,ja,,Daitarō
Q128556479,male,熙,ja,,Hiroshi
Q128587844,male,礼三郎,ja,,Reisaburō
Q128587930,male,麗三郎,ja,,Reizaburō
Q128588117,male,礼三郎,ja,,Reizaburō
Q128588240,male,れいざぶろう,ja,,Reizaburō
Q128602348,male,裕之,ja,,Hiroshi
Q128602655,male,博視,ja,,Hiroshi
Q128642157,male,郭志,ja,,Hiroshi
Q128682355,male,宏至,ja,,Hiroshi
Q128692144,male,ひょうじ,ja,,Hyōji
Q128693092,male,かつやす,ja,,Katsuyasu
Q128694832,male,はるとも,ja,,Harutomo
Q128773955,male,けいじゅ,ja,,Keiju
Q128780799,male,ひできち,ja,,Hidekichi
Q128799486,male,汎,ja,,Hiroshi
Q128799715,male,完,ja,,Hiroshi
Q128799797,unisex,もとみ,ja,,Motomi
Q128803870,male,たいしゅう,ja,,Taishū
Q128807933,male,博之,ja,,Hiroshi
Q128807941,male,浩之,ja,,Hiroshi
Q128810203,male,滉,ja,,Hiroshi
Q128822823,male,恕,ja,,Hiroshi
Q128850645,male,坦,ja,,Hiroshi
Q128892689,male,昊,ja,,Hiroshi
Q128900202,male,ひろたけ,ja,,Hirotake
Q129005040,female,まみ子,ja,,Mamiko
Q16276819,male,ひろみち,ja,,Hiromichi
Q16276824,unisex,ひろむ,ja,,Hiromu
Q16276830,male,ひろとし,ja,,Hirotoshi
Q16276840,unisex,ひさよ,ja,,Hisayo
Q16277929,female,きくえ,ja,,Kikue
Q16277933,male,きくお,ja,,Kikuo
Q133307667,female,真知,ja,,Machi
Q133307685,female,美咲,ja,,Misaki
Q133307785,male,太政,ja,,Taisei
Q16277052,female,いくえ,ja,,Ikue
Q16277057,female,いくみ,ja,,Ikumi
Q128376917,male,なおひで,ja,,Naohide
Q128378959,female,きらり,ja,,Kirari
Q128380192,male,なおのり,ja,,Naonori
Q128388803,male,つくる,ja,,Tsukuru
Q128396110,male,弘司,ja,,Kōshi
Q128396438,male,寛史,ja,,Hiroshi
Q128403718,male,宏之,ja,,Hiroshi
Q128429135,male,そらと,ja,,Sorato
Q128429882,female,せり,ja,,Seri
Q128431376,male,たつる,ja,,Tatsuru
Q128455062,male,仁,ja,,Hiroshi
Q128461763,male,はるまさ,ja,,Harumasa
Q128461970,male,きくろう,ja,,Kikurō
Q128462572,male,たきち,ja,,Takichi
Q16278032,male,きよのり,ja,,Kiyonori
Q16278051,male,こうのすけ,ja,,Kōnosuke
Q16277137,male,いさみ,ja,,Isami
Q16277159,male,いたる,ja,,Itaru
Q16279127,male,まさや,ja,,Masaya
Q129183446,male,規一,ja,,Kiichi
Q129256574,male,いつぞう,ja,,Itsuzō
Q129267841,male,皓,ja,,Hiroshi
Q129306271,male,僖一,ja,,Kiichi
Q129306368,male,杞一,ja,,Kiichi
Q129307434,male,其一,ja,,Kiichi
Q129307783,male,奇一,ja,,Kiichi
Q129308283,male,季市,ja,,Kiichi
Q129308398,male,黄一,ja,,Kiichi
Q129338305,male,龜次郞,ja,,Kamejirō
Q129342290,male,洪,ja,,Hiroshi
Q129343134,male,啓,ja,,Hiroshi
Q129558151,male,やさぶろう,ja,,Yasaburō
Q129558236,male,彌三郎,ja,,Yasaburō
Q129571266,male,てるちか,ja,,Teruchika
Q129627648,male,三郎右衛門,ja,,Saburōemon
Q129647277,male,あきたか,ja,,Akitaka
Q129647325,male,明孝,ja,,Akitaka
Q129647425,male,彰孝,ja,,Akitaka
Q129647592,male,亮孝,ja,,Akitaka
Q129648008,male,昭貴,ja,,Akitaka
Q129648278,male,晃孝,ja,,Akitaka
Q129648347,male,顕隆,ja,,Akitaka
Q129648400,male,顕高,ja,,Akitaka
Q129648456,male,詮高,ja,,Akitaka
Q129648516,male,昭孝,ja,,Akitaka
Q129648574,male,顕孝,ja,,Akitaka
Q129648724,male,ひこじ,ja,,Hikoji
Q129648767,male,ひこじろう,ja,,Hikojirō
Q129656247,male,亀次郎,ja,,Kamejirō
Q129661974,male,なかひろ,ja,,Nakahiro
Q129673218,male,かねとし,ja,,Kanetoshi
Q129677696,male,なおきち,ja,,Shūsui
Q133307776,female,菜々,ja,,Nana
Q130270514,male,洋文,ja,,Hirofumi
Q130270809,male,宏文,ja,,Hirofumi
Q130271645,male,浩文,ja,,Hirofumi
Q130271727,male,いわたろう,ja,,Iwatarō
Q130271748,male,りょうゆう,ja,,Ryōyū
Q130272868,male,翔悟,ja,,Shōgo
Q16279532,unisex,みのり,ja,,Minori
Q16279575,male,みつぎ,ja,,Mitsugi
Q16279582,male,みつぐ,ja,,Mitsugu
Q16279240,female,まゆ,ja,,Mayu
Q16279454,unisex,みき,ja,,Miki
Q130220904,female,灯,ja,,Akari
Q130222814,female,望美,ja,,Nozomi
Q130223911,female,心,ja,,Nozomi
Q129887970,female,弥生,ja,,Mio
Q129888157,female,美応,ja,,Mio
Q129892985,male,りょうじろう,ja,,Ryōjirō
Q129896763,male,こじゅうろう,ja,,Kojūrō
Q129911930,male,ぶんぺい,ja,,Bunpei
Q129990167,male,やすなか,ja,,Yasunaka
Q130122574,unisex,希,ja,,Nozomi
Q130134173,female,希美,ja,,Nozomi
Q130134902,female,希実,ja,,Nozomi
Q130135427,female,望未,ja,,Nozomi
Q130137691,unisex,望実,ja,,Nozomi
Q130191864,female,未緒,ja,,Mio
Q130191884,female,視音,ja,,Mio
Q130191976,female,光桜,ja,,Mio
Q130192007,female,望央,ja,,Mio
Q130192111,female,水緒,ja,,Mio
Q130192132,female,水音,ja,,Mio
Q130220851,male,尚輝,ja,,Naoki
Q16278110,male,くにひろ,ja,,Kunihiro
Q16278152,male,きょういち,ja,,Kyōichi
Q16277630,male,かねよし,ja,,Kaneyoshi
Q16278728,female,まいこ,ja,,Maiko
Q16279112,female,まさえ,ja,,Masae
Q16279588,male,みつひさ,ja,,Mitsuhisa
Q16279600,male,みつてる,ja,,Mitsuteru
Q133307814,male,万南斗,ja,,Manato
Q133307794,female,菜結,ja,,Nayu
Q129051867,male,すみあき,ja,,Sumiaki
Q129055809,male,さいじろう,ja,,Saijirō
Q129055839,male,さじろう,ja,,Sajirō
Q129055906,male,たいじろう,ja,,Taijirō
Q129055951,male,たじろう,ja,,Tajirō
Q129056426,male,ときじろう,ja,,Tokijirō
Q129056573,male,とうじろう,ja,,Tōjirō
Q129056794,male,とうぞう,ja,,Tōzō
Q129057069,male,しゅうとう,ja,,Shūtō
Q129060226,male,かじろう,ja,,Kajirō
Q129060282,male,かいじろう,ja,,Kaijirō
Q129140200,male,しょうまつ,ja,,Shōmatsu
Q129140731,male,しげもと,ja,,Shigemoto
Q129177545,male,貴一,ja,,Kiichi
Q129177564,male,揆一,ja,,Kiichi
Q129177576,male,帰一,ja,,Kiichi
Q129177584,male,起一,ja,,Kiichi
Q129177590,male,基一,ja,,Kiichi
Q129177593,male,喜市,ja,,Kiichi
Q129177608,male,輝一,ja,,Kiichi
Q129177626,male,希一,ja,,Kiichi
Q129177757,male,鬼一,ja,,Kiichi
Q129178021,male,毅一,ja,,Kiichi
Q129180219,male,季一,ja,,Kiichi
Q129180376,male,驥一,ja,,Kiichi
Q129182866,male,紀一,ja,,Kiichi
Q16279606,male,みつとし,ja,,Mitsutoshi
Q16279618,female,みう,ja,,Miu
Q16279758,male,もすけ,ja,,Mosuke
Q130223925,female,希海,ja,,Nozomi
Q130223938,female,望見,ja,,Nozomi
Q130224002,female,希未,ja,,Nozomi
Q130235117,female,臨,ja,,Nozomi
Q130237195,female,あいら,ja,,Aira
Q130260862,female,真礼,ja,,Maaya
Q130260871,female,真綾,ja,,Maaya
Q130260875,female,麻綾,ja,,Maaya
Q130266156,male,ふさあき,ja,,Fusaaki
Q130266184,male,裕史,ja,,Hirofumi
Q130267056,female,静華,ja,,Shizuka
Q16277726,male,かつひさ,ja,,Katsuhisa
Q16277772,male,かずろう,ja,,Kazurō
Q16277795,male,けいた,ja,,Keita
Q133307819,female,華実,ja,,Hanami
Q16279922,male,なおじ,ja,,Naoji
Q16279932,male,なおし,ja,,Naoshi
Q129740652,male,裕嗣,ja,,Hiroshi
Q129751462,male,はるやす,ja,,Haruyasu
Q129809117,male,廣次,ja,,Hiroshi
Q129811293,male,紘嗣,ja,,Hiroshi
Q129811296,male,宙士,ja,,Hiroshi
Q129811361,male,比露思,ja,,Hiroshi
Q129811488,male,ゆきひさ,ja,,Yukihisa
Q129811731,male,むねきよ,ja,,Munekiyo
Q129811734,male,宗淳,ja,,Munekiyo
Q129816183,female,美緒,ja,,Mio
Q129816345,female,澪,ja,,Mio
Q129816405,female,未央,ja,,Mio
Q129816455,female,美桜,ja,,Mio
Q129816547,female,実生,ja,,Mio
Q129816591,female,美央,ja,,Mio
Q129816645,female,水脈,ja,,Mio
Q129816702,female,美青,ja,,Mio
Q129816809,female,美愛,ja,,Mio
Q129817129,female,実緒,ja,,Mio
Q129817250,female,弥緒,ja,,Mio
Q129817410,female,美生,ja,,Mio
Q129817565,female,美欧,ja,,Mio
Q129833156,female,弥央,ja,,Mio
Q129833728,female,望生,ja,,Mio
Q129847304,female,未桜,ja,,Mio
Q129853580,female,実桜,ja,,Mio
Q129886382,female,実央,ja,,Mio
Q129886582,female,美王,ja,,Mio
Q129887200,male,くにぞう,ja,,Kunizō
Q129887319,female,海音,ja,,Mio
Q129887500,female,美音,ja,,Mio
Q129887590,female,美女,ja,,Mio
Q129887913,female,実音,ja,,Mio
Q16279520,male,みねいち,ja,,Mineichi
Q133307804,female,菜那子,ja,,Nanako
Q16279121,male,まさかつ,ja,,Masakatsu
Q133307786,male,壱人,ja,,Itto
Q130288113,male,はるとし,ja,,Harutoshi
Q130304873,male,まれすけ,ja,,Maresuke
Q130308265,female,唯,ja,,Yui
Q16280285,unisex,のぞみ,ja,,Nozomi
Q130326327,male,しかのすけ,ja,,Shikanosuke
Q130335122,female,みおな,ja,,Miona
Q133307826,female,朱里,ja,,Shuri
Q130280295,male,拓史,ja,,Hirofumi
Q130280303,male,浩史,ja,,Hirofumi
Q130280340,male,寛文,ja,,Hirofumi
Q130282166,male,てっしょう,ja,,Tesshō
Q130283042,male,洋史,ja,,Hirofumi
Q130283068,male,裕文,ja,,Hirofumi
Q130284277,male,寛史,ja,,Hirofumi
Q130284430,male,啓文,ja,,Hirofumi
Q130284436,male,さとふみ,ja,,Satofumi
Q130284456,male,啓史,ja,,Hirofumi
Q130286738,female,楓由,ja,,Fuyu
Q133307822,male,珠李,ja,,Shuri
Q16280217,male,のぶとし,ja,,Nobutoshi
Q16280230,male,のぶゆき,ja,,Nobuyuki
Q16280931,female,りさ,ja,,Risa
Q16281082,male,りゅうぞう,ja,,Ryūzō
Q16281391,male,しんご,ja,,Shingo
Q16281076,male,りょうぞう,ja,,Ryōzō
Q133307844,male,紘右,ja,,Kousuke
Q130335207,female,みづき,ja,,Mizuki
Q130341195,male,紘之,ja,,Hiroyuki
Q130345263,male,寛行,ja,,Hiroyuki
Q130349484,male,博人,ja,,Hiroto
Q130356287,male,大翔,ja,,Hiroto
Q130356357,male,弘人,ja,,Hiroto
Q130357680,male,寛斗,ja,,Hiroto
Q130357684,male,寛人,ja,,Hiroto
Q130357728,male,裕人,ja,,Hiroto
Q130357789,male,啓人,ja,,Hiroto
Q130357815,male,大登,ja,,Hiroto
Q130360877,male,洋人,ja,,Hiroto
Q130360892,male,広人,ja,,Hiroto
Q130360960,male,宏人,ja,,Hiroto
Q130362746,male,英二,ja,,Eiji
Q130363924,male,秀樹,ja,,Hideki
Q130320898,male,龍斗,ja,,Ryūto
Q133307843,female,未帆,ja,,Miho
Q16281407,male,しずお,ja,,Shizuo
Q16280247,male,のりお,ja,,Norio
Q133307853,male,嵩輝,ja,,Kōki
Q16281433,male,しゅういち,ja,,Shūichi
Q16281447,male,しゅん,ja,,Shun
Q130389317,male,初太郎,ja,,Hatsutarō
Q130390497,male,やえぞう,ja,,Yaezō
Q130390500,male,おんぞう,ja,,Onzō
Q130390533,male,たかまろ,ja,,Takamaro
Q130394258,male,英史,ja,,Eiji
Q130394274,male,映二,ja,,Eiji
Q130394288,male,しちのすけ,ja,,Shichinosuke
Q130416015,female,里紗,ja,,Risa
Q130437402,male,直,ja,,Naoshi
Q130442493,male,直志,ja,,Naoshi
Q130442536,male,直史,ja,,Naoshi
Q130442563,male,尚志,ja,,Naoshi
Q130442628,male,尚史,ja,,Naoshi
Q130442636,male,尚史,ja,,Hisashi
Q130443063,male,直司,ja,,Naoshi
Q130443266,male,直士,ja,,Naoshi
Q130443332,male,是,ja,,Naoshi
Q130443722,male,良,ja,,Naoshi
Q130453773,female,あいな,ja,,Aina
Q130465036,male,栄治,ja,,Eiji
Q130465514,male,愛之,ja,,Aishi
Q130466958,male,さきお,ja,,Sakio
Q130470207,male,てつ,ja,,Tetsu
Q130470215,male,哲,ja,,Tetsu
Q130470375,male,徹,ja,,Tetsu
Q130470745,male,こうぼう,ja,,Kōbō
Q130470845,male,栄次,ja,,Eiji
Q130470870,male,英嗣,ja,,Eiji
Q130470876,male,鋭治,ja,,Eiji
Q130470880,male,英士,ja,,Eiji
Q130470884,male,英志,ja,,Eiji
Q130470892,male,永二,ja,,Eiji
Q130471393,male,榮次,ja,,Eiji
Q130471425,male,榮治,ja,,Eiji
Q16279938,male,なおゆき,ja,,Naoyuki
Q16280205,male,のぶひさ,ja,,Nobuhisa
Q130365856,unisex,こう,ja,,Kō
Q130381468,male,祐之,ja,,Hiroyuki
Q130386444,male,英次,ja,,Eiji
Q130386477,male,英治,ja,,Eiji
Q16280215,male,信昌,ja,,Nobumasa
Q16280212,male,のぶかつ,ja,,Nobukatsu
Q16280250,female,のりよ,ja,,Noriyo
Q16280254,male,のりゆき,ja,,Noriyuki
Q130553754,male,こうたつ,ja,,Kōtatsu
Q130553770,male,そうき,ja,,Sōki
Q130553790,male,のぶぞう,ja,,Nobuzō
Q130553795,male,りょうざぶろう,ja,,Ryōzaburō
Q130553814,male,あつろう,ja,,Atsurō
Q130554129,male,じゅうざぶろう,ja,,Jūzaburō
Q130563358,female,千代子,ja,,Chiyoko
Q130564270,male,ともたろう,ja,,Tomotarō
Q130570531,male,とみのすけ,ja,,Tominosuke
Q130572960,male,たくしろう,ja,,Takushirō
Q130573112,male,みつさぶろう,ja,,Mitsusaburō
Q130573130,male,まんさぶろう,ja,,Mansaburō
Q130573255,male,卓彦,ja,,Takuhiko
Q130600298,male,むねじ,ja,,Muneji
Q130602424,male,きちじろう,ja,,Kichijirō
Q130602495,male,いわじろう,ja,,Iwajirō
Q130632033,male,きくたろう,ja,,Kikutarō
Q130637954,male,かねまつ,ja,,Kanematsu
Q130640767,male,彦五郎,ja,,Hikogorō
Q130642228,male,としおみ,ja,,Toshiomi
Q130642254,male,八左衛門,ja,,Hachizaemon
Q130642323,male,なおきち,ja,,Nobutane
Q130644526,male,とめきち,ja,,Tomekichi
Q130649623,male,べんじろう,ja,,Benjirō
Q130659310,male,てるとし,ja,,Terutoshi
Q130684286,male,かねみつ,ja,,Kanemitsu
Q130685279,male,じんさぶろう,ja,,Jinsaburō
Q130707193,male,宗光,ja,,Munemitsu
Q130710452,female,美心,ja,,Mikoto
Q133323834,male,光將,ja,,Kōshun
Q130472238,male,英児,ja,,Eiji
Q130472400,male,榮二,ja,,Eiji
Q130472421,male,栄司,ja,,Eiji
Q130472455,male,瑛二,ja,,Eiji
Q130485351,male,すえいち,ja,,Sueichi
Q130485532,male,修志,ja,,Shūji
Q16282123,male,とくお,ja,,Tokuo
Q16282130,male,とくたろう,ja,,Tokutarō
Q16282175,male,とし,ja,,Toshi
Q16282764,male,よしひさ,ja,,Yoshihisa
Q16282780,male,よしすけ,ja,,Yoshisuke
Q130710592,male,紘一,ja,,Kōichi
Q130710617,female,あす加,ja,,Asuka
Q16281457,male,しゅんたろう,ja,,Shuntarō
Q16281856,male,ただちか,ja,,Tadachika
Q16282805,male,ゆきのぶ,ja,,Yukinobu
Q16282881,male,ぜんたろう,ja,,Zentarō
Q16290294,male,ひでのり,ja,,Hidenori
Q16282792,male,ゆうへい,ja,,Yūhei
Q16282800,male,ゆきまさ,ja,,Yukimasa
Q133324013,male,英明,ja,,Hideaki
Q16290296,unisex,ひろみ,ja,,Hiromi
Q133323930,female,敬子,ja,,Keiko
Q133324132,male,知昌,ja,,Tomomasa
Q16290297,male,ひろしげ,ja,,Hiroshige
Q133324182,female,潤子,ja,,Junko
Q130710633,female,朱里,ja,,Akari
Q16281862,male,ただおき,ja,,Tadaoki
Q16281865,male,ただとも,ja,,Tadatomo
Q16281907,male,たかし,ja,,Takashi
Q133307855,female,万智,ja,,Machi
Q130710674,male,暉人,ja,,Akito
Q16290399,male,かずなり,ja,,Kazunari
Q16290414,male,けんご,ja,,Kengo
Q16290391,male,かつし,ja,,Katsushi
Q16290480,male,くにひさ,ja,,Kunihisa
Q16290485,male,きょうじ,ja,,Kyōji
Q16290643,male,まさひで,ja,,Masahide
Q133324215,female,淳子,ja,,Junko
Q16290299,female,ひさえ,ja,,Hisae
Q16290379,female,かんな,ja,,Kanna
Q16290687,female,めいこ,ja,,Meiko
Q16290721,female,みえこ,ja,,Mieko
Q16290743,male,みつまさ,ja,,Mitsumasa
Q130710690,female,亜美,ja,,Ami
Q16290749,female,みやこ,ja,,Miyako
Q16290767,male,もりひろ,ja,,Morihiro
Q16290991,male,さきち,ja,,Sakichi
Q133324377,male,幸一,ja,,Kōichi
Q130710705,female,杏,ja,,An
Q16291098,male,たけお,ja,,Takeo
Q130489470,unisex,のぶよ,ja,,Nobuyo
Q130492405,male,蕪村,ja,,Buson
Q130541225,male,てるたか,ja,,Terutaka
Q130546996,male,じゅんえい,ja,,Jun'ei
Q130547054,male,もとぞう,ja,,Motozō
Q130548816,male,やきち,ja,,Yakichi
Q130548821,male,よりひこ,ja,,Yorihiko
Q130548867,female,さわ,ja,,Sawa
Q130548901,female,もりの,ja,,Morino
Q130548920,male,しげたみ,ja,,Shigetami
Q130553720,male,ちゅうたろう,ja,,Chūtarō
Q130553725,male,たかなり,ja,,Takanari
Q130553734,male,はやた,ja,,Hayata
Q133324452,female,萌,ja,,Moe
Q16291796,male,よりゆき,ja,,Yoriyuki
Q16295567,female,よりこ,ja,,Yoriko
Q16281984,male,たつゆき,ja,,Tatsuyuki
Q130719746,female,さりあ,ja,,Saria
Q130722814,male,らいすけ,ja,,Raisuke
Q130722878,male,すみのぶ,ja,,Suminobu
Q130730959,female,華子,ja,,Hanako
Q130733979,male,慎士,ja,,Shinji
Q130741233,male,てると,ja,,Teruto
Q130743112,male,秀幸,ja,,Hideyuki
Q130747484,male,ゆきはる,ja,,Yukiharu
Q130772320,male,なりとし,ja,,Naritoshi
Q130772335,male,じゅんた,ja,,Junta
Q130786627,male,忠,ja,,Tadashi
Q130787275,male,忠嗣,ja,,Tadashi
Q130789164,male,ゆうしん,ja,,Yūshin
Q130806745,male,伝,ja,,Tadashi
Q130810033,male,唯史,ja,,Tadashi
Q130814014,male,質,ja,,Tadashi
Q130832726,male,幸助,ja,,Kōsuke
Q130833870,male,圭史,ja,,Keishi
Q16291201,male,やすかず,ja,,Yasukazu
Q16291742,male,もとざね,ja,,Motozane
Q16291783,male,ただゆき,ja,,Tadayuki
Q16525629,female,あかり,ja,,Akari
Q16623695,female,よしの,ja,,Yoshino
Q16741899,unisex,はる,ja,,Haru
Q16282033,male,てつお,ja,,Tetsuo
Q133324508,female,和音,ja,,Kazune
Q16882089,unisex,りん,ja,,Rin
Q16882089,unisex,リン,ja,,Rin
Q16884175,male,たいし,ja,,Taishi
Q16969209,female,やえこ,ja,,Yaeko
Q133316743,male,しげきよ,ja,,Shigekiyo
Q133323639,male,常,ja,,Jō
Q130835017,male,義高,ja,,Yoshitaka
Q130838848,male,勝之,ja,,Katsuyuki
Q130841444,male,是,ja,,Tadashi
Q130841517,male,惟司,ja,,Tadashi
Q130841604,male,嘉,ja,,Tadashi
Q130842528,male,直志,ja,,Tadashi
Q130842873,male,禎史,ja,,Tadashi
Q130842891,unisex,翼,ja,,Tsubasa
Q130845077,male,匡司,ja,,Tadashi
Q130845138,male,允士,ja,,Tadashi
Q130848390,male,匡志,ja,,Tadashi
Q130848602,female,千帆,ja,,Chiho
Q130851123,female,和歌子,ja,,Wakako
Q130851554,male,悟,ja,,Satoru
Q130901222,male,やすしげ,ja,,Yasushige
Q130921529,male,貴之,ja,,Takayuki
Q130921917,male,隆人,ja,,Takahito
Q130942325,male,中,ja,,Tadashi
Q130977333,male,なるひこ,ja,,Naruhiko
Q17058783,male,よしひこ,ja,,Yoshihiko
Q17322295,male,ひろやす,ja,,Hiroyasu
Q130977812,male,きじゅうろう,ja,,Kijūrō
Q130988713,male,和久,ja,,Kazuhisa
Q130996660,male,公義,ja,,Tadashi
Q131001890,male,董,ja,,Tadashi
Q131005818,male,忠始,ja,,Tadashi
Q131005821,male,佶,ja,,Tadashi
Q131005881,male,整,ja,,Tadashi
Q131005962,male,理志,ja,,Tadashi
Q131005968,male,征,ja,,Tadashi
Q131010337,male,國倫,ja,,Kunitomo
Q131010337,male,国倫,ja,,Kunitomo
Q131036259,male,正志,ja,,Tadashi
Q131056881,male,憲,ja,,Tadashi
Q131059661,male,惟史,ja,,Tadashi
Q131060119,male,克,ja,,Tadashi
Q131076439,male,肇志,ja,,Tadashi
Q131076703,male,肇志,ja,,Tadashi
Q131100710,female,あゆ美,ja,,Ayumi
Q131100871,female,ゆう子,ja,,Yūko
Q131100935,female,祥子,ja,,Shōko
Q131101018,male,正司,ja,,Tadashi
Q131101031,male,真,ja,,Tadashi
Q131101109,female,亮子,ja,,Ryōko
Q131101430,male,譲,ja,,Yuzuru
Q131101454,male,斉,ja,,Tadashi
Q131101478,male,正訓,ja,,Tadashi
Q131101482,male,忠資,ja,,Tadashi
Q131101490,male,直司,ja,,Tadashi
Q131101503,male,覚,ja,,Tadashi
Q131101508,male,ひさただ,ja,,Hisatada
Q131101579,female,由布子,ja,,Yūko
Q131105264,female,涼子,ja,,Ryōko
Q17372505,female,みゆき,ja,,Miyuki
Q18209543,unisex,おみ,ja,,Omi
Q18209574,female,おとめ,ja,,Otome
Q133324760,male,桜空,ja,,Ōsuke
Q133448590,female,祥子,ja,,Sachiko
Q131105387,male,しゅうほ,ja,,Shūho
Q131105978,female,翔子,ja,,Shōko
Q131129871,female,ゆの,ja,,Yuno
Q131133789,male,くにひと,ja,,Kunihito
Q131136245,male,望,ja,,Nozomu
Q131143167,male,ももすけ,ja,,Momosuke
Q131144538,female,みつほ,ja,,Mitsuho
Q131149264,female,わこ,ja,,Wako
Q131150417,male,おとひこ,ja,,Otohiko
Q131150537,male,ともたけ,ja,,Tomotake
Q131151064,male,弥平治,ja,,Yaheiji
Q131153306,male,やすさぶろう,ja,,Yasusaburō
Q131153320,male,さだすけ,ja,,Sadasuke
Q131153326,male,さだひと,ja,,Sadahito
Q131153413,male,よしごろう,ja,,Yoshigorō
Q131153439,male,くにはる,ja,,Kuniharu
Q131153475,male,ちかのり,ja,,Chikanori
Q131175823,male,かずのすけ,ja,,Kazunosuke
Q131196574,male,まさいちろう,ja,,Masaichirō
Q131208096,male,豊一郎,ja,,Toyoichirō
Q131208286,male,豊成,ja,,Toyonari
Q131226757,female,法子,ja,,Noriko
Q131226789,female,典子,ja,,Noriko
Q131226799,female,憲子,ja,,Noriko
Q131278205,male,勝信,ja,,Katsunobu
Q131278217,female,俊子,ja,,Toshiko
Q131278225,male,資麿,ja,,Takamaro
Q131278235,male,泰弘,ja,,Yasuhiro
Q131278243,male,容治,ja,,Yoji
Q18324399,male,たかのぶ,ja,,Takanobu
Q18326120,male,もとい,ja,,Motoi
Q18327324,female,ゆり子,ja,,Yuriko
Q18327332,female,百合子,ja,,Yuriko
Q131278250,male,鉄夫,ja,,Tetsuo
Q131278313,male,慶一郎,ja,,Keiichirō
Q131278357,male,芳正,ja,,Yoshimasa
Q131278391,male,忠彦,ja,,Tadahiko
Q131278394,male,文俊,ja,,Fumitoshi
Q131278395,male,信行,ja,,Nobuyuki
Q131278392,male,良孝,ja,,Yoshitaka
Q131278393,male,一彦,ja,,Kazuhiko
Q131279067,male,昭政,ja,,Akimasa
Q131279070,male,彰三,ja,,Shōzō
Q131279068,male,宏壽,ja,,Hirohisa
Q131279069,male,辰憲,ja,,Tatsunori
Q131279074,male,清人,ja,,Kiyoto
Q131279075,male,芳文,ja,,Yoshifumi
Q131279072,male,孝一,ja,,Kōichi
Q131279079,male,宗一郎,ja,,Sōichirō
Q131279076,male,洋明,ja,,Hiroaki
Q131279077,male,信一,ja,,Shin'ichi
Q131279082,male,政久,ja,,Masahisa
Q131279083,male,憲和,ja,,Norikazu
Q131279086,male,良祐,ja,,Ryōsuke
Q131279087,male,幸之助,ja,,Kōnosuke
Q131279084,male,展英,ja,,Nobuhide
Q131279085,male,和親,ja,,Kazuchika
Q131293581,male,晁,ja,,Akira
Q131294048,unisex,聖,ja,,Akira
Q131294071,unisex,彬,ja,,Akira
Q131295872,male,洸,ja,,Akira
Q131298416,male,侃,ja,,Akira
Q131298421,male,映,ja,,Akira
Q131298426,male,照,ja,,Akira
Q131299883,male,ぶんや,ja,,Bun'ya
Q131299918,male,ぶんえい,ja,,Bun'ei
Q131302479,male,慎,ja,,Shin
Q131302482,male,昭二,ja,,Shōji
Q131302483,male,淳二,ja,,Junji
Q131302480,male,友一郎,ja,,Yūichirō
Q131302484,male,利実,ja,,Toshimitsu
Q133456681,female,千香,ja,,Chika
Q131302486,male,正大,ja,,Masahiro
Q131302487,male,泰,ja,,Yasushi
Q131302485,male,英幸,ja,,Hideyuki
Q131302491,female,顕子,ja,,Akiko
Q131302488,male,隆一,ja,,Takakazu
Q131302495,male,昇治,ja,,Shōji
Q131302492,male,彰久,ja,,Akihisa
Q131302493,male,靖,ja,,Yasushi
Q131302498,male,隆史,ja,,Takashi
Q131302499,male,正直,ja,,Masanao
Q131302496,male,真二,ja,,Shinji
Q131302497,male,林太郎,ja,,Rintarō
Q131302502,male,伸吾,ja,,Shingo
Q131302500,male,勇人,ja,,Isato
Q131302501,male,尚,ja,,Hisashi
Q131303670,male,馨祐,ja,,Keisuke
Q131303787,male,鮮,ja,,Akira
Q131311657,male,晢,ja,,Akira
Q131312887,male,宣,ja,,Akira
Q131313939,unisex,瑛,ja,,Akira
Q131319402,male,耀,ja,,Akira
Q131323574,male,曉,ja,,Akira
Q131323576,male,全,ja,,Akira
Q131323577,male,昂,ja,,Akira
Q131323585,male,暉,ja,,Akira
Q131324154,male,央,ja,,Akira
Q131343898,male,顕彰,ja,,Akira
Q131343910,male,燦,ja,,Akira
Q131344578,male,てつのり,ja,,Tetsunori
Q131348917,male,たかすみ,ja,,Takasumi
Q131355112,male,ともつね,ja,,Tomotsune
Q131359968,female,麻弥,ja,,Maya
Q131363418,male,かつもと,ja,,Katsumoto
Q131378505,male,これのり,ja,,Korenori
Q131378624,male,りょうのすけ,ja,,Ryōnosuke
Q131378789,male,かいいちろう,ja,,Kaiichirō
Q18375272,female,ももこ,ja,,Momoko
Q18375274,male,よしひと,ja,,Yoshihito
Q18510549,male,ひさし,ja,,Hisashi
Q18510559,male,まさやす,ja,,Masayasu
Q133458958,male,健太郎,ja,,Kentarō
Q133458974,male,たろう,ja,,Tarō
Q133514739,male,もとつぐ,ja,,Mototsugu
Q133730095,unisex,りく,ja,,Riku
Q133730132,male,健次,ja,,Kenji
Q133731114,male,健児,ja,,Kenji
Q133738053,female,綾,ja,,Aya
Q133740754,female,茉莉也,ja,,Mariya
Q133745702,male,隆聖,ja,,Ryūsei
Q133781334,male,みやび,ja,,Miyabi
Q133812629,female,美香,ja,,Mika
Q133813063,female,実花,ja,,Mika
Q133813060,female,美嘉,ja,,Mika
Q133813067,female,美佳,ja,,Mika
Q133813113,female,美華,ja,,Mika
Q133814878,female,未花,ja,,Mika
Q133814892,female,美歌,ja,,Mika
Q133815126,female,美伽,ja,,Mika
Q133815200,female,実果,ja,,Mika
Q133815204,female,美果,ja,,Mika
Q133815210,female,海嘉,ja,,Mika
Q133815245,female,実香,ja,,Mika
Q133815264,female,美夏,ja,,Mika
Q19345740,male,智朗,ja,,Tomoaki
Q19346995,male,市朗,ja,,Ichirō
Q19348425,male,じろう,ja,,Jirō
Q19345628,male,いちろう,ja,,Ichirō
Q19345640,male,一朗,ja,,Ichirō
Q133815699,female,実華,ja,,Mika
Q133815988,female,実加,ja,,Mika
Q133816001,female,三香,ja,,Mika
Q133816004,female,実夏,ja,,Mika
Q133816017,female,三佳,ja,,Mika
Q133816074,female,実佳,ja,,Mika
Q133816096,female,未夏,ja,,Mika
Q133818299,female,未果,ja,,Mika
Q133818517,female,美花,ja,,Mika
Q133819418,female,未華,ja,,Mika
Q133819555,female,未佳,ja,,Mika
Q133819655,female,多美子,ja,,Tamiko
Q133819661,female,民子,ja,,Tamiko
Q133819666,female,多見子,ja,,Tamiko
Q133819678,female,田美子,ja,,Tamiko
Q133823073,female,愛果,ja,,Aika
Q133856159,female,よね,ja,,Yone
Q133867392,female,早姫,ja,,Saki
Q133868227,female,ろみ,ja,,Romi
Q133868250,female,璐美,ja,,Romi
Q133868397,female,由希子,ja,,Yukiko
Q133868449,male,渉,ja,,Wataru
Q133868717,female,育江,ja,,Ikue
Q133873299,female,梨香,ja,,Rika
Q133876254,unisex,さと美,ja,,Satomi
Q133876306,female,聡美,ja,,Satomi
Q133887406,female,須美,ja,,Sumi
Q133893979,male,勝成,ja,,Katsunari
Q133893981,male,勝成,ja,,Katsushige
Q131417295,male,章広,ja,,Akihiro
Q131417422,female,芽生子,ja,,Meiko
Q131417445,male,弘次郎,ja,,Kōjirō
Q131422717,female,沙織,ja,,Saori
Q18606130,male,信長,ja,,Nobunaga
Q18607848,female,あきの,ja,,Akino
Q131388279,male,さちひろ,ja,,Sachihiro
Q131397459,male,達男,ja,,Tatsuo
Q131400482,female,桃子,ja,,Momoko
Q18978440,male,てつし,ja,,Tetsushi
Q19722959,female,すみこ,ja,,Sumiko
Q19793960,male,しげのぶ,ja,,Shigenobu
Q131381841,female,佐彩,ja,,Saaya
Q19793961,male,たかや,ja,,Takaya
Q19800514,male,ゆずる,ja,,Yuzuru
Q19810490,male,いわお,ja,,Iwao
Q131445891,unisex,りつ,ja,,Ritsu
Q131459639,female,なびき,ja,,Nabiki
Q131460333,male,早雲,ja,,Sōun
Q131460765,male,いっけい,ja,,Ikkei
Q131470543,unisex,むつき,ja,,Mutsuki
Q131520884,female,まりか,ja,,Marika
Q131522268,male,大助,ja,,Daisuke
Q131522617,male,咲哉,ja,,Sakuya
Q131578250,male,たいよう,ja,,Taiyō
Q131586364,male,とくべい,ja,,Tokubei
Q131605069,female,幸代,ja,,Sachiyo
Q19816099,male,ひさゆき,ja,,Hisayuki
Q134315904,male,啓介,ja,,Keisuke
Q134316056,male,泰輔,ja,,Taisuke
Q134319101,male,滋樹,ja,,Shigeki
Q134320702,male,信正,ja,,Nobumasa
Q134349428,male,央生,ja,,Hisao
Q134350244,male,宣政,ja,,Nobumasa
Q134350517,male,唯一,ja,,Tadaichi
Q134365092,unisex,織江,ja,,Orie
Q134386702,female,ふしぎ,ja,,Fushigi
Q134396273,male,喜七,ja,,Kishichi
Q134410258,male,隆彦,ja,,Takahiko
Q134410390,male,崇彦,ja,,Takahiko
Q134410404,male,貴彦,ja,,Takahiko
Q134410853,female,和代,ja,,Kazuyo
Q134411332,male,高彦,ja,,Takahiko
Q134411358,male,恭彦,ja,,Takahiko
Q134411368,male,孚彦,ja,,Takahiko
Q134428729,male,アルノ,ja,,Aruno
Q134442419,male,尚彦,ja,,Takahiko
Q134442433,male,孝彦,ja,,Takahiko
Q134442463,male,鷹彦,ja,,Takahiko
Q134442460,male,栄彦,ja,,Takahiko
Q134442471,male,鷹彦,ja,,Takahiko
Q134442469,male,多賀彦,ja,,Takahiko
Q134442474,male,敬彦,ja,,Takahiko
Q134442483,male,毅彦,ja,,Takahiko
Q134442481,male,敬比古,ja,,Takahiko
Q134443997,male,峻彦,ja,,Takahiko
Q134457396,male,米穂,ja,,Yoneho
Q134461886,female,奈々,ja,,Nana
Q19840936,male,としただ,ja,,Toshitada
Q19863303,male,よしお,ja,,Yoshio
Q19839869,male,ありのぶ,ja,,Arinobu
Q19839972,male,ちから,ja,,Chikara
Q19839994,female,ちづこ,ja,,Chizuko
Q133893986,male,克成,ja,,Katsunari
Q133893989,male,克業,ja,,Katsunari
Q133893992,male,勝就,ja,,Katsunari
Q133893999,male,勝也,ja,,Katsunari
Q133894018,male,克也,ja,,Katsunari
Q133894016,male,勝業,ja,,Katsunari
Q133915505,female,かほる,ja,,Kahoru
Q134029641,male,平三,ja,,Heizō
Q134029730,male,へいざぶろう,ja,,Heizaburō
Q134029734,male,平三郎,ja,,Heizaburō
Q134029759,male,丙三郎,ja,,Heizaburō
Q134053101,male,政男,ja,,Masao
Q134102803,female,由起,ja,,Yuki
Q134154382,male,雄一,ja,,Yūichi
Q134256921,male,洋幸,ja,,Hiroyuki
Q134270696,male,きょうせい,ja,,Kyōsei
Q134270928,male,教生,ja,,Kyōsei
Q134271136,male,教生,ja,,Norio
Q134285460,male,悦也,ja,,Etsuya
Q134291559,female,りり,ja,,Riri
Q134297140,female,桃,ja,,Momo
Q134297487,female,萌々,ja,,Momo
Q134307781,female,彩夏,ja,,Ayaka
Q134308188,female,瞳,ja,,Hitomi
Q134311170,male,一恵,ja,,Ikkei
Q134314444,male,信政,ja,,Nobumasa
Q134315311,male,洋夫,ja,,Hiroo
Q134315516,female,淑乃,ja,,Yoshino
Q134462111,female,梨奈,ja,,Nana
Q134469386,male,とおもと,ja,,Tōmoto
Q134482893,male,建,ja,,Tatsuru
Q134483862,male,樹,ja,,Tatsuru
Q134484241,male,佳太,ja,,Keita
Q134499423,male,源之亟,ja,,Gen'nojō
Q134499502,male,源之丞,ja,,Gen'nojō
Q134509264,male,純一,ja,,Jun'ichi
Q134509623,male,翔太,ja,,Shōta
Q134509798,unisex,くにえ,ja,,Kunie
Q134509811,unisex,邦衛,ja,,Kunie
Q134517046,male,翔平,ja,,Shōhei
Q134520682,male,将太,ja,,Shōta
Q134527452,male,圭純,ja,,Keiju
Q19931820,male,せいご,ja,,Seigo
Q19961038,male,はじめ,ja,,Hajime
Q131611021,male,えいこう,ja,,Eikō
Q131674881,female,さゆ,ja,,Sayu
Q131696147,male,皎,ja,,Akira
Q131701045,female,みかげ,ja,,Hikage
Q131725533,female,ちさこ,ja,,Chisako
Q131727008,male,毅志,ja,,Takeshi
Q131730379,male,剛士,ja,,Takeshi
Q131742747,male,自由,ja,,Miyu
Q131743661,unisex,潤,ja,,Jun
Q131746453,male,陽翔,ja,,Haruto
Q131746461,male,春人,ja,,Haruto
Q131746466,male,治人,ja,,Haruto
Q131746475,male,温大,ja,,Haruto
Q131746473,male,晴斗,ja,,Haruto
Q131746489,male,陽大,ja,,Haruto
Q131746495,male,遥斗,ja,,Haruto
Q131746503,male,陽人,ja,,Haruto
Q131747202,male,陽斗,ja,,Haruto
Q131747215,male,晴人,ja,,Haruto
Q131747498,female,おとえ,ja,,Otoe
Q131763193,male,元太郎,ja,,Mototarō
Q131765658,female,未来,ja,,Miku
Q131765683,female,明日香,ja,,Asuka
Q131822579,male,弘道,ja,,Hiromichi
Q131830426,male,だいいちろう,ja,,Daiichirō
Q131838172,female,琴乃,ja,,Kotono
Q131838502,male,智一,ja,,Tomokazu
Q131922955,male,衛,ja,,Mamoru
Q131923568,female,未祐,ja,,Miyu
Q134527453,unisex,葵,ja,,Aoi
Q19961110,male,かつや,ja,,Katsuya
Q19961158,female,みわ,ja,,Miwa
Q19961051,unisex,いづみ,ja,,Izumi
Q19961051,unisex,いずみ,ja,,Izumi
Q19961078,unisex,よしみ,ja,,Yoshimi
Q19961039,male,よしたか,ja,,Yoshitaka
Q132189816,female,あのん,ja,,Anon
Q131939050,male,ただいちろう,ja,,Tadaichirō
Q132156297,unisex,慧,ja,,Akira
Q132158045,male,桂,ja,,Katsura
Q134527455,female,碧唯,ja,,Aoi
Q132173324,female,心彩,ja,,Kokoro
Q132194981,female,朱,ja,,Aya
Q19963002,male,虔一,ja,,Ken'ichi
Q19963010,male,兼一,ja,,Ken'ichi
Q19963008,male,堅一,ja,,Kenichi
Q19963015,male,建一,ja,,Ken'ichi
Q19963012,male,堅市,ja,,Kenichi
Q19963101,male,健市,ja,,Kenichi
Q132194954,male,彪汰,ja,,Ayata
Q19961162,unisex,ひかり,ja,,Hikari
Q19961181,male,しげたか,ja,,Shigetaka
Q19961185,female,さつき,ja,,Satsuki
Q19961757,female,あいみ,ja,,Aimi
Q19961762,female,はづき,ja,,Hazuki
Q19962975,male,賢一,ja,,Ken'ichi
Q19962985,male,憲一,ja,,Ken'ichi
Q19962988,male,謙一,ja,,Ken'ichi
Q19962992,male,研一,ja,,Ken'ichi
Q132195448,female,つる,ja,,Tsuru
Q132196997,male,隼,ja,,Hayato
Q134527503,female,恵里香,ja,,Erika
Q134539180,female,淳美,ja,,Atsumi
Q132197595,female,伶実,ja,,Reimi
Q19963325,male,愃一,ja,,Kenichi
Q19963356,male,献一,ja,,Ken'ichi
Q19963359,male,絢一,ja,,Kenichi
Q19963362,male,建耀知,ja,,Kenichi
Q19963361,male,兼市,ja,,Kenichi
Q19963364,male,巻一,ja,,Kenichi
Q19963365,male,圏一,ja,,Kenichi
Q134539213,male,啓輔,ja,,Keisuke
Q19961766,unisex,あさお,ja,,Asao
Q19961842,male,かつき,ja,,Katsuki
Q19962974,male,健一,ja,,Ken'ichi
Q134527470,female,和恵,ja,,Kazue
Q19963358,male,乾一,ja,,Kenichi
Q19963357,male,見一,ja,,Kenichi
Q20011702,unisex,あすか,ja,,Asuka
Q20011703,unisex,さとみ,ja,,Satomi
Q20177168,male,三郎,ja,,Saburō
Q20177326,male,三朗,ja,,Saburō
Q20178081,male,参郎,ja,,Saburō
Q20178108,male,参良,ja,,Saburō
Q134539230,male,章太,ja,,Shōta
Q134539254,male,正太,ja,,Shōta
Q134540270,male,祥平,ja,,Shōhei
Q134540707,male,勝太,ja,,Shōta
Q134540787,male,昌太,ja,,Shōta
Q134540805,male,翔大,ja,,Shōta
Q134542689,male,大裕,ja,,Daisuke
Q20178144,male,佐武郎,ja,,Saburō
Q20178229,male,三武朗,ja,,Saburō
Q19984029,unisex,みなみ,ja,,Minami
Q20011699,female,あさみ,ja,,Asami
Q20011706,female,あやの,ja,,Ayano
Q20024429,male,あずま,ja,,Azuma
Q134542777,male,春馬,ja,,Haruma
Q20178232,male,左武郎,ja,,Saburō
Q20178444,female,富美子,ja,,Tomiko
Q20178499,female,富子,ja,,Tomiko
Q20178535,female,美子,ja,,Tomiko
Q134542821,male,拓夢,ja,,Hiromu
Q134542835,male,久雄,ja,,Hisao
Q20726827,male,はるちか,ja,,Haruchika
Q21043104,unisex,はるき,ja,,Haruki
Q21043113,male,かつじ,ja,,Katsuji
Q21043147,male,だいご,ja,,Daigo
Q134542850,male,均,ja,,Hitoshi
Q21043152,female,ゆきな,ja,,Yukina
Q21051521,female,えいこ,ja,,Eiko
Q134542882,female,七帆,ja,,Nanaho
Q134542898,female,七海,ja,,Nanami
Q134542904,female,菜々美,ja,,Nanami
Q21051543,female,さくら,ja,,Sakura
Q21051979,unisex,たまき,ja,,Tamaki
Q21054925,male,あきよし,ja,,Akiyoshi
Q21055043,unisex,睦,ja,,Mutsumi
Q21055266,unisex,なるみ,ja,,Narumi
Q21055434,unisex,なぎさ,ja,,Nagisa
Q21055594,unisex,たくみ,ja,,Takumi
Q21057296,female,あつみ,ja,,Atsumi
Q134556862,male,暁,ja,,Satoru
Q134560894,unisex,空来,ja,,Sora
Q21057297,male,岑生,ja,,Mineo
Q21061062,male,たかき,ja,,Takaki
Q21279608,unisex,ゆき,ja,,Yuki
Q134560922,unisex,想来,ja,,Sora
Q21296173,male,大樹,ja,,Daiki
Q22056346,female,しょうこ,ja,,Shōko
Q22341610,male,ひさつぐ,ja,,Hisatsugu
Q134560930,female,沙也夏,ja,,Sayaka
Q23309265,male,よしあき,ja,,Yoshiaki
Q22952605,male,元,ja,,Gen
Q22952610,male,はじむ,ja,,Hajimu
Q22953484,unisex,ひらく,ja,,Hiraku
Q23309139,male,淳一,ja,,Jun'ichi
Q134561007,female,真白,ja,,Mashiro
Q22808514,male,あきかず,ja,,Akikazu
Q22812563,male,佐為,ja,,Sai
Q22827542,male,ちかたか,ja,,Chikataka
Q22827556,female,かなで,ja,,Kanade
Q23445224,female,ちかこ,ja,,Chikako
Q23532699,male,せつお,ja,,Setsuo
Q134560949,female,真恵七,ja,,Shiena
Q23852627,male,まさとき,ja,,Masatoki
Q23955742,female,宗子,ja,,Mukeno
Q24449629,male,弥十郎,ja,,Yajūrō
Q24962737,male,みつひで,ja,,Mitsuhide
Q24969193,male,ちかし,ja,,Chikashi
Q24969485,male,しゅんきち,ja,,Shunkichi
Q25113718,male,せいや,ja,,Seiya
Q134560954,male,空也,ja,,Sora
Q134561053,female,樂,ja,,Moto
Q25114953,male,いっき,ja,,Ikki
Q25114966,male,しりゅう,ja,,Shiryu
Q25936300,female,千衣子,ja,,Chieko
Q25936334,female,千恵子,ja,,Chieko
Q25936335,female,千枝子,ja,,Chieko
Q25936332,female,千映子,ja,,Chieko
Q25936333,female,千絵子,ja,,Chieko
Q25936338,female,智映子,ja,,Chieko
Q25936336,female,知絵子,ja,,Chieko
Q25936340,female,智栄子,ja,,Chieko
Q25936341,female,智恵子,ja,,Chieko
Q25936353,female,ちえ子,ja,,Chieko
Q25938662,unisex,郁,ja,,Kaoru
Q25938666,unisex,加穂留,ja,,Kaoru
Q25938664,unisex,郁瑠,ja,,Kaoru
Q25938671,unisex,薫子,ja,,Kaoru
Q25938669,unisex,馨,ja,,Kaoru
Q25938678,unisex,佳緒,ja,,Kaoru
Q25938676,unisex,彪,ja,,Kaoru
Q25938766,unisex,芳,ja,,Kaoru
Q25113911,male,しんさく,ja,,Shinsaku
Q25114018,male,いちぞう,ja,,Ichizō
Q25114025,female,あやみ,ja,,Ayami
Q134561064,male,眞優,ja,,Mahiro
Q134561011,female,菜摘,ja,,Natsumi
Q27055880,female,まい,ja,,Mai
Q27891741,unisex,静香,ja,,Shizuka
Q27895318,unisex,静佳,ja,,Shizuka
Q28081185,male,かつひで,ja,,Katsuhide
Q28081432,male,もとお,ja,,Motoo
Q25938768,unisex,馥,ja,,Kaoru
Q26922894,unisex,陸海,ja,,Mutsumi
Q27047994,male,はかる,ja,,Hakaru
Q28081382,male,いっせい,ja,,Issei
Q134561060,male,将斗,ja,,Masato
Q25114464,male,はやと,ja,,Hayato
Q25114768,male,さんじ,ja,,Sanji
Q134561086,male,航汰,ja,,Kota
Q134561160,male,康輔,ja,,Kōsuke
Q28085704,unisex,茂美,ja,,Shigemi
Q134561161,male,弘奨,ja,,Kōsuke
Q28085749,female,たかえ,ja,,Takae
Q28092329,male,なおつぐ,ja,,Naotsugu
Q134562671,female,好美,ja,,Konomi
Q134569901,unisex,水城,ja,,Mizuki
Q134570425,unisex,瑞生,ja,,Mizuki
Q134570532,unisex,瑞貴,ja,,Mizuki
Q134571005,unisex,瑞紀,ja,,Mizuki
Q134571081,unisex,みず希,ja,,Mizuki
Q134571163,unisex,瑞稀,ja,,Mizuki
Q134571351,unisex,瑞樹,ja,,Mizuki
Q134572039,unisex,瑞季,ja,,Mizuki
Q134577677,female,れいの,ja,,Reino
Q134580073,female,美月,ja,,Mizuki
Q134580410,unisex,瑞己,ja,,Mizuki
Q134584680,female,美月,ja,,Mitsuki
Q134587134,male,奨太,ja,,Shōta
Q134587145,male,祥太,ja,,Shōta
Q134588634,male,昇大,ja,,Shōta
Q134588662,male,尚太,ja,,Shōta
Q134588675,male,渉太,ja,,Shōta
Q134588689,male,昇太,ja,,Shōta
Q134592362,male,聡,ja,,Satoru
Q134594038,male,将汰,ja,,Shōta
Q134594244,male,照太,ja,,Shōta
Q134594322,male,将大,ja,,Shōta
Q134596807,female,れみ,ja,,Remi
Q28092387,female,とよこ,ja,,Toyoko
Q28112293,female,うたこ,ja,,Utako
Q134597176,unisex,るい,ja,,Rui
Q134597987,unisex,隼,ja,,Jun
Q134689700,unisex,航,ja,,Kou
Q134690660,unisex,康,ja,,Kou
Q134691079,unisex,幸,ja,,Kou
Q134691298,unisex,功,ja,,Kou
Q134691315,male,こお,ja,,Kō
Q134691802,unisex,醇,ja,,Jun
Q134691804,unisex,準,ja,,Jun
Q134691820,unisex,淳,ja,,Jun
Q134691839,unisex,晃,ja,,Kou
Q134691945,male,晃佑,ja,,Kōsuke
Q134694704,unisex,昂,ja,,Kou
Q134695076,unisex,耕,ja,,Kou
Q134695483,unisex,洸,ja,,Kou
Q134695952,unisex,鴻,ja,,Kou
Q134699354,male,しょうはちろう,ja,,Shōhachirō
Q134699377,unisex,興,ja,,Kou
Q134699394,unisex,滉,ja,,Kou
Q134701256,unisex,光,ja,,Kou
Q134701741,unisex,恒,ja,,Kou
Q134704600,unisex,宏,ja,,Kou
Q134704663,unisex,孝,ja,,Kou
Q134704687,unisex,洵,ja,,Jun
Q134704698,unisex,順,ja,,Jun
Q134704794,unisex,行,ja,,Kou
Q134707669,unisex,浩,ja,,Kou
Q134707902,unisex,亘,ja,,Kou
Q134712226,male,こうや,ja,,Kōya
Q134713085,male,航也,ja,,Kōya
Q134713509,male,てつと,ja,,Tetsuto
Q134713613,female,紬,ja,,Tsumugi
Q134713665,female,結愛,ja,,Yua
Q134734273,unisex,公,ja,,Kou
Q134789154,unisex,けいと,ja,,Keito
Q134813010,unisex,惇,ja,,Jun
Q134822080,unisex,旬,ja,,Jun
Q134822113,unisex,遵,ja,,Jun
Q134875030,female,愛奈,ja,,Aina
Q134875465,female,愛菜,ja,,Aina
Q134879164,female,いりな,ja,,Irina
Q134881643,male,おうすけ,ja,,Ōsuke
Q134887649,male,哲,ja,,Satoru
Q134891905,male,きんしろう,ja,,Kinshirō
Q134892707,male,鉄,ja,,Tetsu
Q134924129,female,まりな,ja,,Marina
Q134954471,male,潤一,ja,,Jun'ichi
Q134962991,female,綾華,ja,,Ayaka
Q134963450,male,覚,ja,,Satoru
Q134973053,male,こうめい,ja,,Kōmei
Q134973225,male,もりや,ja,,Moriya
Q134983194,unisex,のぶ,ja,,Nobu
Q134999165,male,義隆,ja,,Yoshitaka
Q135005716,male,萌喜,ja,,Moeki
Q135005746,male,義孝,ja,,Yoshitaka
Q135008360,male,秀之,ja,,Hideyuki
Q135009926,male,英之,ja,,Hideyuki
Q135019716,male,秀行,ja,,Hideyuki
Q135036402,male,将人,ja,,Masato
Q135037495,male,英行,ja,,Hideyuki
Q135038599,male,治兵,ja,,Jihei
Q135038599,male,次平兵,ja,,Jihei
Q135038599,male,次平,ja,,Jihei
Q135038599,male,治平,ja,,Jihei
Q135070874,male,夕陽,ja,,Yūhi
Q135082078,male,竜一,ja,,Ryūichi
Q135082087,male,竜一,ja,,Ryōichi
Q135103795,female,織飛亜,ja,,Oribia
Q135103795,female,織美亜,ja,,Oribia
Q135103795,female,織実亜,ja,,Oribia
Q135231192,male,純太,ja,,Junta
Q135231229,male,淳太,ja,,Junta
Q135235049,male,政夫,ja,,Masao
Q135243468,male,史朗,ja,,Shirō
Q135267134,male,康介,ja,,Kōsuke
Q135270863,male,龍馬,ja,,Ryōma
Q135272574,female,薫子,ja,,Kaoruko
Q135284609,male,琢磨,ja,,Takuma
Q135294841,male,健太朗,ja,,Kentarō
Q28127885,male,万吉,ja,,Mankichi
Q135295154,male,一馬,ja,,Kazuma
Q28127930,female,たき,ja,,Taki
Q28128123,female,さおり,ja,,Saori
Q28197151,female,みほこ,ja,,Mihoko
Q28197155,female,りかこ,ja,,Rikako
Q28197159,female,かずは,ja,,Kazuha
Q28402301,male,ゆきよし,ja,,Yukiyoshi
Q28197149,female,りさこ,ja,,Risako
Q28549610,female,華夜,ja,,Kayoru
Q28599877,unisex,じゅり,ja,,Juri
Q28802091,female,ふじこ,ja,,Fujiko
Q28916566,female,ゆうほ,ja,,Yūho
Q28934706,unisex,まさ,ja,,Masa
Q135295155,male,克範,ja,,Katsunori
Q29343905,male,だいじろう,ja,,Daijirō
Q29534991,male,正,ja,,Tadashi
Q29540020,male,昌一,ja,,Shōichi
Q29540230,male,祥一,ja,,Shōichi
Q29540267,male,晶一,ja,,Shōichi
Q29540318,male,鉦一,ja,,Shōichi
Q29540393,male,章市,ja,,Shōichi
Q29546835,male,集一,ja,,Shūichi
Q29546832,male,修市,ja,,Shūichi
Q29546839,male,守一,ja,,Shūichi
Q29546837,male,就一,ja,,Shūichi
Q29546842,male,脩一,ja,,Shūichi
Q29546846,male,収一,ja,,Shūichi
Q29546844,male,崇一,ja,,Shūichi
Q29546849,male,修一,ja,,Shūichi
Q29546854,male,周一,ja,,Shūichi
Q29546852,male,秀一,ja,,Shūichi
Q29546856,male,守一,ja,,Shuichi
Q135294864,male,健太,ja,,Kenta
Q29555630,male,正次郎,ja,,Syōjirō
Q29555634,male,象二郎,ja,,Syōjirō
Q29555639,male,祥次郎,ja,,Syōjirō
Q29555636,male,祥二郎,ja,,Syōjirō
Q29555643,male,章二郎,ja,,Syōjirō
Q29555641,male,祥示郎,ja,,Syōjirō
Q29555646,male,章治郎,ja,,Syōjirō
Q29555648,male,庄二郎,ja,,Syōjirō
Q29555655,male,庄次郎,ja,,Shōjirō
Q29555653,male,庄治郎,ja,,Syōjirō
Q29555658,male,昭二郎,ja,,Syōjirō
Q29555662,male,昇二郎,ja,,Syōjirō
Q29555660,male,昭次郎,ja,,Syōjirō
Q29555667,male,翔二郎,ja,,Syōjirō
Q29555665,male,昇次郎,ja,,Syōjirō
Q29555671,male,昌二郎,ja,,Syōjirō
Q29555673,male,昌次郎,ja,,Syōjirō
Q29555676,male,晶二郎,ja,,Syōjirō
Q29556913,male,昭三,ja,,Shōzō
Q29556920,male,正三,ja,,Shōzō
Q29556927,male,昌三,ja,,Shōzō
Q29556933,male,正蔵,ja,,Shōzō
Q29556939,male,省三,ja,,Shōzō
Q29556945,male,正四,ja,,Masashi
Q29556954,male,正造,ja,,Shōzō
Q29556960,male,章造,ja,,Shōzō
Q29556968,male,祥三,ja,,Shōzō
Q29556975,male,昭蔵,ja,,Shōzō
Q29546859,male,衆一,ja,,Shūichi
Q29546863,male,秋一,ja,,Shūichi
Q29546861,male,洲一,ja,,Shūichi
Q29546905,male,主一,ja,,Shuichi
Q29553765,male,正一郎,ja,,Shōichirō
Q29553773,male,章一郎,ja,,Shōichirō
Q29553782,male,彰一郎,ja,,Shōichirō
Q29553789,male,昭一郎,ja,,Shōichirō
Q29553796,male,祥一郎,ja,,Shōichirō
Q29553804,male,昌一良,ja,,Shōichirō
Q29553812,male,庄一郎,ja,,Shōichirō
Q29553818,male,笙一郎,ja,,Shōichirō
Q29553826,male,昇一郎,ja,,Shōichirō
Q29553832,male,省一郎,ja,,Shōichirō
Q29553839,male,尚一郎,ja,,Shōichirō
Q29553847,male,鏘一郎,ja,,Shōichirō
Q29553853,male,象一郎,ja,,Shōichirō
Q29553860,male,翔一朗,ja,,Shōichirō
Q29555628,male,正二郎,ja,,Shōjirō
Q135308884,male,宏介,ja,,Kōsuke
Q135327423,male,浩介,ja,,Kōsuke
Q135333966,male,善太,ja,,Zenta
Q135404739,male,幸介,ja,,Kōsuke
Q135414480,male,光佑,ja,,Kōsuke
Q135414645,male,浩輔,ja,,Kōsuke
Q135414709,male,皓介,ja,,Kōsuke
Q135414735,male,公介,ja,,Kōsuke
Q135414748,male,幸佑,ja,,Kōsuke
Q135415047,male,孝輔,ja,,Kōsuke
Q135415125,male,晃介,ja,,Kōsuke
Q135415281,male,孝祐,ja,,Kōsuke
Q135415332,male,康祐,ja,,Kōsuke
Q135416054,male,幸輔,ja,,Kōsuke
Q135421008,female,じゅりな,ja,,Jurina
Q135424498,male,賢志,ja,,Kenji
Q135424566,male,高徳,ja,,Takanori
Q135424651,male,道也,ja,,Michiya
Q135424784,male,俊治,ja,,Toshiharu
Q135424831,female,弘恵,ja,,Hiroe
Q135425506,male,かづや,ja,,Kazuya
Q135425980,female,麻衣子,ja,,Maiko
Q135426322,female,理江,ja,,Rie
Q135426355,male,ひさたけ,ja,,Hisatake
Q135426370,male,久武,ja,,Hisatake
Q135426427,male,真人,ja,,Masato
Q135426479,male,良男,ja,,Yoshio
Q135426527,male,経夫,ja,,Tsuneo
Q135426562,female,孝子,ja,,Takako
Q29556982,male,尚三,ja,,Shōzō
Q29556988,male,祥造,ja,,Shōzō
Q29556995,male,勝造,ja,,Shōzō
Q29557003,male,荘蔵,ja,,Shōzō
Q29557009,male,捷三,ja,,Shōzō
Q29557015,male,晶三,ja,,Shōzō
Q29557023,male,将造,ja,,Shōzō
Q29557030,male,暢三,ja,,Chōzō
Q29557036,male,鉊蔵,ja,,Shōzō
Q29557043,male,昌造,ja,,Shōzō
Q29557049,male,象造,ja,,Shōzō
Q29557055,male,章三,ja,,Shōzō
Q29557439,male,斉史,ja,,Masashi
Q29557445,male,正志,ja,,Masashi
Q29557451,male,雅史,ja,,Masashi
Q29557466,male,政志,ja,,Masashi
Q29557472,male,将士,ja,,Masashi
Q29563850,male,亨,ja,,Akira
Q29563852,male,享,ja,,Akira
Q135426597,male,雄平,ja,,Yūhei
Q135426677,male,周司,ja,,Shūji
Q135426714,male,真治,ja,,Shinji
Q135428385,male,剛人,ja,,Tsuyohito
Q135428778,unisex,巧,ja,,Takumi
Q135429028,male,克夫,ja,,Katsuo
Q135429212,male,岳,ja,,Gaku
Q135429412,male,準一,ja,,Jun'ichi
Q135429593,male,俊郎,ja,,Toshirō
Q135429958,male,敬三,ja,,Keizō
Q135430262,male,譲司,ja,,Jōji
Q135430453,female,真衣,ja,,Mai
Q135430507,female,せりな,ja,,Serina
Q135430724,male,昌司,ja,,Shōji
Q135431173,male,孝志,ja,,Takashi
Q135431234,male,ろくた,ja,,Rokuta
Q135431247,unisex,亜紀,ja,,Aki
Q135431285,male,しゅうこう,ja,,Shūkō
Q135431293,male,守,ja,,Mamoru
Q135431304,female,聖子,ja,,Seiko
Q135431344,male,昌宏,ja,,Masahiro
Q135431348,male,正久,ja,,Masahisa
Q135431359,female,奈津美,ja,,Natsumi
Q135431364,male,宗男,ja,,Muneo
Q135431389,male,昌史,ja,,Masashi
Q135431403,male,護,ja,,Mamoru
Q135431427,female,里恵,ja,,Rie
Q135431433,male,将吾,ja,,Shōgo
Q135431775,male,俊一,ja,,Shun'ichi
Q135431783,male,雅仁,ja,,Masahito
Q135431937,male,大我,ja,,Taiga
Q135432060,male,隆,ja,,Takashi
Q135432065,male,龍平,ja,,Ryūhei
Q29563854,male,啓,ja,,Akira
Q29563855,male,憲,ja,,Akira
Q29563858,male,顕,ja,,Akira
Q29563862,male,公,ja,,Akira
Q29563860,male,光,ja,,Akira
Q29563864,unisex,彰,ja,,Akira
Q29563865,male,彰良,ja,,Akira
Q29563870,male,昭,ja,,Akira
Q29563868,male,昌,ja,,Akira
Q29563872,male,昭良,ja,,Akira
Q29563881,male,章良,ja,,Akira
Q29563885,male,証,ja,,Akira
Q135457785,male,光祐,ja,,Kōsuke
Q135470859,female,紀久子,ja,,Kikuko
Q135432090,female,由紀子,ja,,Yukiko
Q135432127,male,和之,ja,,Kazuyuki
Q135432145,male,大作,ja,,Daisaku
Q135432190,male,義博,ja,,Yoshihiro
Q135432220,male,博昭,ja,,Hiroaki
Q135432258,male,康史,ja,,Yasushi
Q135432268,male,吉彦,ja,,Yoshihiko
Q135432292,female,道代,ja,,Michiyo
Q135432315,male,信吾,ja,,Shingo
Q135432329,male,和也,ja,,Kazuya
Q135432341,male,賢治,ja,,Kenji
Q135432380,female,英子,ja,,Eiko
Q135432411,female,理美,ja,,Satomi
Q135432620,male,裕一郎,ja,,Yūichirō
Q135432779,male,一浩,ja,,Kazuhiro
Q135433088,male,晴男,ja,,Haruo
Q135433101,male,尚樹,ja,,Naoki
Q135433120,female,香,ja,,Kaori
Q135433141,male,章雄,ja,,Akio
Q135433194,male,貴博,ja,,Takahiro
Q135433222,male,くにや,ja,,Kuniya
Q135433242,male,つねき,ja,,Tsuneki
Q135433250,female,晃子,ja,,Akiko
Q135433276,male,周作,ja,,Shūsaku
Q135433297,male,茂範,ja,,Shigenori
Q135438351,male,健司,ja,,Kenji
Q135443132,male,高志,ja,,Takashi
Q135443570,male,晃輔,ja,,Kōsuke
Q135448648,male,航介,ja,,Kōsuke
Q135448829,male,耕介,ja,,Kōsuke
Q29563889,male,聡,ja,,Akira
Q29563904,male,旦,ja,,Akira
Q29563917,male,智,ja,,Akira
Q29563927,male,哲,ja,,Akira
Q29563941,male,徹,ja,,Akira
Q29563944,male,東,ja,,Akira
Q29563945,male,彬良,ja,,Akira
Q29563950,male,融,ja,,Akira
Q29563948,unisex,明良,ja,,Akira
Q29563954,male,滉,ja,,Akira
Q29563955,male,皓,ja,,Akira
Q29563952,male,晟,ja,,Akira
Q29563971,male,朗,ja,,Akira
Q29563987,male,阿岐羅,ja,,Akira
Q29563985,male,阿喜良,ja,,Akira
Q29563991,male,尭羅,ja,,Akira
Q29563989,male,鑑,ja,,Akira
Q29563995,male,行,ja,,Akira
Q29563993,male,晃弦,ja,,Akira
Q29563999,male,周,ja,,Akira
Q29564003,male,諦,ja,,Akira
Q29564001,male,詮,ja,,Akira
Q135471447,female,唯奈,ja,,Yuina
Q29564007,male,旻,ja,,Akira
Q29564005,male,斌,ja,,Akira
Q29564010,male,朖,ja,,Akira
Q29564009,male,昶,ja,,Akira
Q29564014,male,璋,ja,,Akira
Q29564018,male,聰,ja,,Akira
Q29564016,male,粲,ja,,Akira
Q29564022,male,顯,ja,,Akira
Q29564023,unisex,旭,ja,,Akira
Q29564020,male,證,ja,,Akira
Q29564025,unisex,輝,ja,,Akira
Q135471454,male,理貴,ja,,Riki
Q29564031,unisex,晃,ja,,Akira
Q29564028,unisex,暁,ja,,Akira
Q29564035,unisex,晶,ja,,Akira
Q29564033,unisex,秋良,ja,,Akira
Q29564038,unisex,陽,ja,,Akira
Q29564036,unisex,明,ja,,Akira
Q29564042,unisex,晄,ja,,Akira
Q29564040,male,亮,ja,,Akira
Q29564045,unisex,玲,ja,,Akira
Q29571714,male,矩,ja,,Tadashi
Q29571712,male,恭志,ja,,Tadashi
Q29571718,male,賢使,ja,,Tadashi
Q29571716,male,賢,ja,,Tadashi
Q29571722,male,将,ja,,Tadashi
Q29571720,male,公,ja,,Tadashi
Q29571724,male,是志,ja,,Tadashi
Q29571694,male,雅,ja,,Tadashi
Q29571692,male,維,ja,,Tadashi
Q29571699,male,侃,ja,,Tadashi
Q29571696,male,格,ja,,Tadashi
Q29571703,male,規,ja,,Tadashi
Q29571701,male,紀,ja,,Tadashi
Q29571707,male,義,ja,,Tadashi
Q29571705,male,儀,ja,,Tadashi
Q29571711,male,匡史,ja,,Tadashi
Q29571709,male,匡,ja,,Tadashi
Q29571726,male,政,ja,,Tadashi
Q29571730,male,善,ja,,Tadashi
Q29571728,male,正史,ja,,Tadashi
Q29571734,male,多々志,ja,,Tadashi
Q29571732,male,聡,ja,,Tadashi
Q29571736,male,端,ja,,Tadashi
Q29571737,male,忠司,ja,,Tadashi
Q135471468,male,竜大,ja,,Ryūdai
Q29571739,male,忠史,ja,,Tadashi
Q29571741,male,忠士,ja,,Tadashi
Q29571747,male,衷,ja,,Tadashi
Q29571744,male,忠志,ja,,Tadashi
Q29571750,male,直,ja,,Tadashi
Q29571754,male,直嗣,ja,,Tadashi
Q29571752,male,直史,ja,,Tadashi
Q29571757,male,貞,ja,,Tadashi
Q135471469,male,真那斗,ja,,Manato
Q29571759,male,禎,ja,,Tadashi
Q29571763,male,任司,ja,,Tadashi
Q29571761,male,督,ja,,Tadashi
Q29571765,male,肇,ja,,Tadashi
Q29571770,male,唯,ja,,Tadashi
Q29571768,male,矢,ja,,Tadashi
Q29571775,male,唯志,ja,,Tadashi
Q29571772,male,唯士,ja,,Tadashi
Q29571778,male,理,ja,,Tadashi
Q29571782,male,冽,ja,,Tadashi
Q29571780,male,傳司,ja,,Tadashi
Q135471476,male,寿輝,ja,,Toshiki
Q29576571,male,龍一,ja,,Ryōichi
Q29576574,male,了一,ja,,Ryōichi
Q29576579,male,了壱,ja,,Ryōichi
Q29576583,male,亮一,ja,,Ryōichi
Q29576587,male,僚一,ja,,Ryōichi
Q29576591,male,凌一,ja,,Ryōichi
Q29576595,male,良一,ja,,Ryōichi
Q29576599,male,良市,ja,,Ryōichi
Q29576601,male,諒一,ja,,Ryōichi
Q29576604,male,遼一,ja,,Ryōichi
Q29576609,male,陵一,ja,,Ryōichi
Q29576614,male,領一,ja,,Ryōichi
Q29582059,male,亮司,ja,,Ryōji
Q29582057,male,了滋,ja,,Ryōji
Q29582063,male,亮治,ja,,Ryōji
Q29582061,male,亮次,ja,,Ryōji
Q29571784,male,精,ja,,Tadashi
Q29576218,unisex,椋,ja,,Ryō
Q29576219,unisex,龍,ja,,Ryō
Q29576216,unisex,綾,ja,,Ryō
Q29576223,unisex,亮,ja,,Ryō
Q29576221,unisex,了,ja,,Ryō
Q29576227,unisex,凌,ja,,Ryō
Q29576225,unisex,僚,ja,,Ryō
Q29576230,unisex,涼,ja,,Ryō
Q29576233,unisex,瞭,ja,,Ryō
Q29576238,unisex,良,ja,,Ryō
Q29576236,unisex,稜,ja,,Ryō
Q29576242,unisex,諒,ja,,Ryō
Q29576247,unisex,遼,ja,,Ryō
Q29576250,unisex,陵,ja,,Ryō
Q29576252,unisex,怜,ja,,Ryō
Q29576339,male,漁,ja,,Ryō
Q29576336,unisex,玲,ja,,Ryō
Q29576343,male,享,ja,,Ryō
Q29576346,male,竜,ja,,Ryō
Q29576350,male,量,ja,,Ryō
Q29576353,male,領,ja,,Ryō
Q29576359,male,崚,ja,,Ryō
Q29576356,male,麗,ja,,Ryō
Q29576362,male,燎,ja,,Ryō
Q29576364,male,尞,ja,,Ryō
Q135471490,male,叶夢,ja,,Kaname
Q29582065,male,亮二,ja,,Ryōji
Q29582070,male,涼至,ja,,Ryōji
Q29582068,male,凌士,ja,,Ryōji
Q29582075,male,良次,ja,,Ryōji
Q29582073,male,良児,ja,,Ryōji
Q29582078,male,良治,ja,,Ryōji
Q29582082,male,良仁,ja,,Ryōji
Q29582080,male,良爾,ja,,Ryōji
Q29582086,male,諒司,ja,,Ryōji
Q29582084,male,良二,ja,,Ryōji
Q29582090,male,領二,ja,,Ryōji
Q29582088,male,遼児,ja,,Ryōji
Q29626169,unisex,修,ja,,Shū
Q29626177,male,州,ja,,Shū
Q29626188,male,宗,ja,,Shū
Q29626198,male,優,ja,,Shū
Q29626210,unisex,柊,ja,,Shū
Q29626222,male,周,ja,,Shū
Q29626233,male,秀,ja,,Shū
Q135471514,male,祐介,ja,,Yūsuke
Q135471576,male,勇,ja,,Isao
Q29626254,male,嵩,ja,,Shū
Q29626266,male,舟,ja,,Shū
Q29626278,male,秋,ja,,Shū
Q29640961,male,太呂,ja,,Taro
Q29641114,male,多朗,ja,,Tarō
Q29832719,male,清孝,ja,,Kiyotaka
Q29832728,male,清隆,ja,,Kiyotaka
Q29832736,male,清高,ja,,Kiyotaka
Q29832743,male,浄孝,ja,,Kiyotaka
Q29832752,male,清貴,ja,,Kiyotaka
Q29832760,male,淳隆,ja,,Kiyotaka
Q29832770,male,聖崇,ja,,Kiyotaka
Q29832777,male,清尚,ja,,Kiyotaka
Q29832786,male,清剛,ja,,Kiyotaka
Q29843611,male,伊佐緒,ja,,Isao
Q29843613,male,伊佐男,ja,,Isao
Q29843618,male,伊三雄,ja,,Isao
Q29843616,male,伊佐夫,ja,,Isao
Q29843623,male,勲,ja,,Isao
Q29843621,male,魁,ja,,Isao
Q29843627,male,勲男,ja,,Isao
Q29843629,male,勲夫,ja,,Isao
Q29843631,male,勲雄,ja,,Isao
Q29843635,male,厳,ja,,Isao
Q29843637,male,公,ja,,Isao
Q29843642,male,功夫,ja,,Isao
Q29843640,male,功,ja,,Isao
Q29843647,male,駿雄,ja,,Isao
Q29843645,male,功雄,ja,,Isao
Q29843651,male,征夫,ja,,Isao
Q29843654,male,勇夫,ja,,Isao
Q29843657,male,庸,ja,,Isao
Q29843661,male,烈,ja,,Isao
Q29871675,male,勇雄,ja,,Isao
Q29871678,male,伊三夫,ja,,Isao
Q29871681,male,效,ja,,Isao
Q29871687,male,力男,ja,,Isao
Q29871690,male,悳,ja,,Isao
Q29871689,male,潔夫,ja,,Isao
Q29917331,male,英良,ja,,Hideyoshi
Q29917328,male,英義,ja,,Hideyoshi
Q29917335,male,秀禎,ja,,Hideyoshi
Q29917333,male,一造,ja,,Ichizō
Q29917338,male,栄慶,ja,,Hideyoshi
Q135472899,female,けい子,ja,,Keiko
Q135476892,male,裕樹,ja,,Hiroki
Q29917339,male,秀善,ja,,Hideyoshi
Q29917343,male,秀吉,ja,,Hideyoshi
Q29917341,male,秀義,ja,,Hideyoshi
Q29917346,male,長勲,ja,,Nagakoto
Q29917347,male,一三,ja,,Ichizō
Q29917349,male,市蔵,ja,,Ichizō
Q29917352,male,一蔵,ja,,Ichizō
Q29917357,male,市造,ja,,Ichizō
Q29964967,male,具挙,ja,,Tomoaki
Q29964970,male,具章,ja,,Tomoaki
Q29964971,male,具詮,ja,,Tomoaki
Q29964975,male,知憲,ja,,Tomoaki
Q29964973,male,知暁,ja,,Tomoaki
Q29964978,male,知晃,ja,,Tomoaki
Q29964980,male,知商,ja,,Tomoaki
Q29964981,male,知章,ja,,Tomoaki
Q29964987,male,知明,ja,,Tomoaki
Q29964984,male,知聡,ja,,Tomoaki
Q29964990,male,智顕,ja,,Tomoaki
Q29964991,male,智晃,ja,,Tomoaki
Q29964994,male,智秋,ja,,Tomoaki
Q29964998,male,智晶,ja,,Tomoaki
Q29964996,male,智昭,ja,,Tomoaki
Q29965003,male,智明,ja,,Tomoaki
Q29965001,male,智章,ja,,Tomoaki
Q135476923,female,清香,ja,,Sayaka
Q135476970,female,理絵,ja,,Rie
Q135477346,female,李依,ja,,Rie
Q135484521,female,わか,ja,,Waka
Q135486136,male,太陽,ja,,Taiyō
Q135499092,male,雅昭,ja,,Masaaki
Q135571036,female,てれさ,ja,,Teresa
Q135598352,male,孝一郎,ja,,Kōichirō
Q135644289,male,雅人,ja,,Masato
Q135657730,female,由依,ja,,Yui
Q135684834,male,和哉,ja,,Kazuya
Q135721597,female,智子,ja,,Tomoko
Q135774065,female,幸恵,ja,,Yukie
Q135840291,male,秀一,ja,,Hidekazu
Q135840476,male,辰夫,ja,,Tatsuo
Q135849787,male,尚,ja,,Takashi
Q135849784,male,貴士,ja,,Takashi
Q135849864,male,祥吾,ja,,Shōgo
Q135849890,male,寛貴,ja,,Hiroki
Q135849899,male,浩樹,ja,,Hiroki
Q135860936,male,航太,ja,,Kōta
Q135864815,female,純子,ja,,Junko
Q135869307,male,悠司,ja,,Yūji
Q135875216,male,雅文,ja,,Masafumi
Q135875359,male,大二郎,ja,,Daijirō
Q135878613,male,太,ja,,Futoshi
Q135901338,unisex,イツキ,ja,,Itsuki
Q135901389,unisex,樹,ja,,Itsuki
Q135914528,female,千夏,ja,,Chika
Q135918710,female,あやめ,ja,,Ayame
Q135933525,female,結衣,ja,,Yui
Q29965007,male,智陽,ja,,Tomoaki
Q29965008,male,智亮,ja,,Tomoaki
Q29965012,male,伴昭,ja,,Tomoaki
Q29965018,male,奉明,ja,,Tomoaki
Q29965016,male,奉信,ja,,Tomoaki
Q29965022,male,朋昭,ja,,Tomoaki
Q29965020,male,朋晃,ja,,Tomoaki
Q29965027,male,友彰,ja,,Tomoaki
Q29965024,male,朋明,ja,,Tomoaki
Q29965031,male,友章,ja,,Tomoaki
Q29965029,male,友昭,ja,,Tomoaki
Q29965035,male,友詳,ja,,Tomoaki
Q29965033,male,共治,ja,,Tomoaki
Q29965038,male,友著,ja,,Tomoaki
Q29965042,male,友亮,ja,,Tomoaki
Q29965041,male,友明,ja,,Tomoaki
Q29965045,male,友朗,ja,,Tomoaki
Q29965051,male,鞆明,ja,,Tomoaki
Q29965048,male,倫明,ja,,Tomoaki
Q29965132,male,佳都男,ja,,Sumio
Q29965133,male,すみ夫,ja,,Sumio
Q29965136,male,すみ男,ja,,Sumio
Q29965137,male,共治,ja,,Sumio
Q29965142,male,寿美緒,ja,,Sumio
Q29965140,male,佳都夫,ja,,Sumio
Q29965146,male,寿美男,ja,,Sumio
Q29965145,male,寿美生,ja,,Sumio
Q29965151,male,住夫,ja,,Sumio
Q29965148,male,住男,ja,,Sumio
Q29965153,male,住雄,ja,,Sumio
Q135942447,male,康佑,ja,,Kōsuke
Q135943081,male,孝,ja,,Takashi
Q135943535,male,公佑,ja,,Kōsuke
Q135972149,male,宏輔,ja,,Kōsuke
Q135975102,male,隆平,ja,,Ryūhei
Q135975145,male,きみのり,ja,,Kiminori
Q135985156,male,修治,ja,,Shūji
Q135987452,female,ゆきほ,ja,,Yukiho
Q136029996,male,たけふさ,ja,,Takefusa
Q136057379,female,麗,ja,,Urara
Q136084004,male,敬而,ja,,Keiji
Q136087478,male,寛明,ja,,Hiroaki
Q136130962,unisex,拓実,ja,,Takumi
Q136135885,male,宏祐,ja,,Kōsuke
Q136140311,male,和彦,ja,,Kazuhiko
Q136160470,male,武志,ja,,Takeshi
Q136162881,male,弘樹,ja,,Hiroki
Q136174596,female,真由子,ja,,Mayuko
Q136213902,male,敏充,ja,,Toshimitsu
Q136214644,unisex,早苗,ja,,Sanae
Q136214979,male,弘祐,ja,,Kōsuke
Q136216221,male,康助,ja,,Kōsuke
Q136219524,male,公輔,ja,,Kōsuke
Q136230911,unisex,とわ,ja,,Towa
Q136230922,unisex,永遠,ja,,Towa
Q136271604,male,そうし,ja,,Sōshi
Q136290515,male,憲太郎,ja,,Kentarō
Q136290535,male,賢太郎,ja,,Kentarō
Q136335742,male,たかむね,ja,,Takamune
Q29965155,male,純央,ja,,Sumio
Q29965157,male,純生,ja,,Sumio
Q29965160,male,純男,ja,,Sumio
Q29965161,male,純夫,ja,,Sumio
Q29965166,male,須美緒,ja,,Sumio
Q29965165,male,純郎,ja,,Sumio
Q29965171,male,須美夫,ja,,Sumio
Q29965169,male,須美男,ja,,Sumio
Q29965174,male,澄生,ja,,Sumio
Q29965179,male,澄夫,ja,,Sumio
Q29965176,male,澄男,ja,,Sumio
Q29965182,male,澄雄,ja,,Sumio
Q29965183,male,澄郎,ja,,Sumio
Q29965186,male,澈夫,ja,,Sumio
Q29971702,male,具晴,ja,,Tomoharu
Q29971700,male,具張,ja,,Tomoharu
Q29971707,male,大晴,ja,,Tomoharu
Q29971704,male,公張,ja,,Tomoharu
Q29971709,male,知栄,ja,,Tomoharu
Q29971714,male,知春,ja,,Tomoharu
Q29971712,male,知治,ja,,Tomoharu
Q29971717,male,知晴,ja,,Tomoharu
Q29971722,male,智治,ja,,Tomoharu
Q29971720,male,智閣,ja,,Tomoharu
Q29971727,male,智大,ja,,Tomoharu
Q29971724,male,智春,ja,,Tomoharu
Q29971729,male,智明,ja,,Tomoharu
Q29971735,male,朝治,ja,,Tomoharu
Q29971732,male,智晴,ja,,Tomoharu
Q29971737,male,朝晴,ja,,Tomoharu
Q29971743,male,朋春,ja,,Tomoharu
Q29971740,male,朋治,ja,,Tomoharu
Q29971746,male,友玄,ja,,Tomoharu
Q29971751,male,友春,ja,,Tomoharu
Q29971749,male,友治,ja,,Tomoharu
Q29971753,male,友張,ja,,Tomoharu
Q29971756,male,友晴,ja,,Tomoharu
Q29972406,male,允昭,ja,,Masaharu
Q29972411,male,雅晃,ja,,Masaharu
Q29972408,male,雅顕,ja,,Masaharu
Q29972415,male,雅秋,ja,,Masaharu
Q29972417,male,雅彰,ja,,Masaharu
Q29972422,male,雅晶,ja,,Masaharu
Q29972420,male,雅昭,ja,,Masaharu
Q29972427,male,雅晋,ja,,Masaharu
Q29972425,male,雅章,ja,,Masaharu
Q29972429,male,雅明,ja,,Masaharu
Q29972433,male,雅朗,ja,,Masaharu
Q29972499,male,政晃,ja,,Masaharu
Q29972496,male,政顕,ja,,Masaharu
Q29972503,male,政昌,ja,,Masaharu
Q29972501,male,政秋,ja,,Masaharu
Q29972506,male,政昭,ja,,Masaharu
Q29972510,male,政明,ja,,Masaharu
Q29972508,male,政章,ja,,Masaharu
Q29972513,male,政陽,ja,,Masaharu
Q29972518,male,正晃,ja,,Masaharu
Q136339528,male,幸祐,ja,,Kōsuke
Q136343556,male,たみすけ,ja,,Tamisuke
Q136343601,male,ともまさ,ja,,Tomomasa
Q136353291,female,まち,ja,,Machi
Q136356985,male,真志,ja,,Masashi
Q136357320,male,伸樹,ja,,Nobuki
Q136357439,male,信樹,ja,,Nobuki
Q136357854,male,晃祐,ja,,Kōsuke
Q136379435,male,研二,ja,,Kenji
Q136384969,unisex,詩,ja,,Uta
Q136384973,unisex,うた,ja,,Uta
Q136385087,male,将大,ja,,Masahiro
Q136389760,male,一幸,ja,,Kazuyuki
Q136396224,female,澄子,ja,,Sumiko
Q136396367,female,美優,ja,,Miyū
Q136438071,male,明雄,ja,,Akio
Q136438761,male,亘,ja,,Wataru
Q136439405,male,光介,ja,,Kōsuke
Q136439658,male,正人,ja,,Masato
Q136439692,male,直輝,ja,,Naoki
Q136439914,male,潤一郎,ja,,Jun'ichirō
Q136439922,male,純一郎,ja,,Jun'ichirō
Q136440012,male,淳一郎,ja,,Jun'ichirō
Q136445346,male,しもん,ja,,Shimon
Q136445381,male,志門,ja,,Shimon
Q136445555,male,ほだか,ja,,Hodaka
Q136445577,male,ほたか,ja,,Hotaka
Q136447149,male,元久,ja,,Motohisa
Q136448357,male,圭司,ja,,Keiji
Q136448438,male,光一,ja,,Kōichi
Q136448458,male,信英,ja,,Nobuhide
Q136450806,male,健一郎,ja,,Ken'ichirō
Q136455070,male,敏之,ja,,Toshiyuki
Q136455395,male,淳夫,ja,,Atsuo
Q136456922,unisex,雅貴,ja,,Masaki
Q136456966,male,直人,ja,,Naoto
Q136457177,male,裕樹,ja,,Yūki
Q136457279,male,誠志郎,ja,,Seishirō
Q29972435,male,祇晶,ja,,Masaharu
Q29972439,male,匡晃,ja,,Masaharu
Q29972441,male,匡昭,ja,,Masaharu
Q29972446,male,匡晋,ja,,Masaharu
Q29972444,male,匡章,ja,,Masaharu
Q29972451,male,順昭,ja,,Masaharu
Q29972448,male,匡陽,ja,,Masaharu
Q29972455,male,将商,ja,,Masaharu
Q29972453,male,将晃,ja,,Masaharu
Q29972459,male,将彰,ja,,Masaharu
Q29972463,male,将章,ja,,Masaharu
Q29972461,male,将晶,ja,,Masaharu
Q29972466,male,将明,ja,,Masaharu
Q29972470,male,昌謙,ja,,Masaharu
Q29972468,male,昌月,ja,,Masaharu
Q29972475,male,昌秋,ja,,Masaharu
Q29972473,male,昌晃,ja,,Masaharu
Q29972477,male,昌昭,ja,,Masaharu
Q29972482,male,昌明,ja,,Masaharu
Q29972480,male,昌章,ja,,Masaharu
Q29972487,male,真秋,ja,,Masaharu
Q29972484,male,昌亮,ja,,Masaharu
Q29972491,male,仁章,ja,,Masaharu
Q29972489,male,真明,ja,,Masaharu
Q29972494,male,成晃,ja,,Masaharu
Q136457342,male,大成,ja,,Taisei
Q136457441,male,勇,ja,,Isami
Q136457466,male,弘和,ja,,Hirokazu
Q136457525,male,進,ja,,Susumu
Q136457567,male,善則,ja,,Yoshinori
Q136457739,male,えいしん,ja,,Eishin
Q136459814,male,善行,ja,,Yoshiyuki
Q136459882,male,義行,ja,,Yoshiyuki
Q136459944,unisex,大海,ja,,Hiromi
Q136459978,male,かいま,ja,,Kaima
Q136459991,male,晋也,ja,,Shin'ya
Q136460011,male,悠平,ja,,Yūhei
Q136460027,male,和真,ja,,Kazuma
Q136460100,female,貴子,ja,,Takako
Q136460199,male,順三,ja,,Junzō
Q136460230,male,仁彦,ja,,Yoshihiko
Q136463065,male,優介,ja,,Yūsuke
Q136463084,male,昌治,ja,,Shōji
Q136463121,male,昭彦,ja,,Akihiko
Q136463384,male,康彦,ja,,Yasuhiko
Q136463395,male,正光,ja,,Masamitsu
Q136463436,male,一徳,ja,,Kazunori
Q136463489,male,健次郎,ja,,Kenjirō
Q136463496,female,優香,ja,,Yuka
Q136463507,male,博和,ja,,Hirokazu
Q136463591,female,友梨,ja,,Yuri
Q136463620,male,くにやす,ja,,Kuniyasu
Q136463640,female,奈緒子,ja,,Naoko
Q136465389,male,てるみち,ja,,Terumichi
Q136465410,male,正顕,ja,,Masaaki
Q136465415,male,武史,ja,,Takeshi
Q136465430,unisex,真樹,ja,,Masaki
Q136465438,male,義晴,ja,,Yoshiharu
Q136465449,male,英生,ja,,Hideo
Q136465456,male,英三郎,ja,,Eizaburō
Q136465469,male,道夫,ja,,Michio
Q136465652,male,敦,ja,,Atsushi
Q136465888,male,みつふみ,ja,,Mitsufumi
Q136465903,male,英介,ja,,Eisuke
Q136465914,male,耕平,ja,,Kōhei
Q136465924,unisex,英実,ja,,Hidemi
Q136468334,male,敬介,ja,,Keisuke
Q136468370,male,智哉,ja,,Tomoya
Q136468643,unisex,歩夢,ja,,Ayumu
Q136468660,male,淳之介,ja,,Junnosuke
Q136468726,unisex,勇紀,ja,,Yūki
Q136468742,male,だいぜん,ja,,Daizen
Q136468958,unisex,律,ja,,Ritsu
Q136468975,unisex,あやせ,ja,,Ayase
Q136468985,unisex,碧,ja,,Ao
Q136469005,male,修斗,ja,,Shūto
Q136471572,male,公亮,ja,,Kōsuke
Q136471829,male,博仁,ja,,Hirohito
Q136472122,female,珠美,ja,,Tamami
Q136472950,male,俊明,ja,,Toshiaki
Q136480699,male,陽平,ja,,Yōhei
Q136483368,unisex,しゅり,ja,,Shuri
Q136486835,female,美香子,ja,,Mikako
Q136486928,male,裕明,ja,,Hiroaki
Q136487044,male,昌志,ja,,Masashi
Q136487279,male,周平,ja,,Shūhei
Q136487688,male,英雄,ja,,Hideo
Q136487817,male,ぎょうへい,ja,,Gyōhei
Q136487878,male,篤司,ja,,Atsushi
Q136487928,male,健治,ja,,Kenji
Q136487990,male,みきひと,ja,,Mikihito
Q136488001,male,幹人,ja,,Mikihito
Q136488033,male,たくほ,ja,,Takuho
Q136491108,male,重彦,ja,,Shigehiko
Q136498075,male,鉄也,ja,,Tetsuya
Q136498980,unisex,真紀,ja,,Maki
Q136499048,female,真美,ja,,Mami
Q136503020,male,耕輔,ja,,Kōsuke
Q136503108,unisex,勇樹,ja,,Yūki
Q136504647,male,淳也,ja,,Jun'ya
Q136504778,female,賀子,ja,,Yoshiko
Q136504797,male,哲平,ja,,Teppei
Q136504801,male,良純,ja,,Yoshizumi
Q136504828,female,喜子,ja,,Yoshiko
Q136504858,male,ひだか,ja,,Hidaka
Q136504869,female,くらら,ja,,Kurara
Q136504874,male,ようこう,ja,,Yōkō
Q136505100,male,豊,ja,,Yutaka
Q136505119,male,康文,ja,,Yasufumi
Q136505152,male,てった,ja,,Tetta
Q136505182,male,竜次,ja,,Ryūji
Q136505194,male,龍二,ja,,Ryūji
Q136505201,male,きんしち,ja,,Kinshichi
Q136505211,male,雅章,ja,,Masaaki
Q136505232,male,惇,ja,,Atsushi
Q136505259,male,隆三,ja,,Ryūzō
Q136505358,male,佑,ja,,Tasuku
Q136510153,male,光博,ja,,Mistuhiro
Q136510166,male,一徳,ja,,Ittoku
Q136510363,male,崇史,ja,,Takashi
Q136510405,male,孝明,ja,,Takaaki
Q136510408,female,瑤子,ja,,Yōko
Q136510421,male,亮介,ja,,Ryōsuke
Q136510430,female,佳乃,ja,,Yoshino
Q136510746,unisex,祐希,ja,,Yūki
Q136510760,female,祐里,ja,,Yuri
Q136510788,male,哲司,ja,,Tetsushi
Q136512410,male,またざえもん,ja,,Matazaemon
Q136513105,unisex,勇輝,ja,,Yūki
Q136520685,male,寛樹,ja,,Hiroki
Q136521928,male,文男,ja,,Fumio
Q136522359,male,一希,ja,,Kazuki
Q136523562,unisex,悠,ja,,Yū
Q136523635,unisex,雄,ja,,Yū
Q136523731,male,市太郎,ja,,Ichitarō
Q136523763,male,達雄,ja,,Tatsuo
Q136526055,male,泰広,ja,,Yasuhiro
Q136526125,male,敦彦,ja,,Atsuhiko
Q136526287,male,貞治,ja,,Sadaharu
Q136526297,female,惠子,ja,,Keiko
Q136526317,male,孝夫,ja,,Takao
Q136526331,male,やすなる,ja,,Yasunaru
Q136526718,male,綾人,ja,,Ayato
Q136527520,male,憲治,ja,,Kenji
Q136527662,male,そうこう,ja,,Sōkō
Q136528004,male,知久,ja,,Tomohisa
Q136531174,male,浩祐,ja,,Kōsuke
Q136531416,unisex,啓,ja,,Kei
Q136531473,male,伸之,ja,,Nobuyuki
Q136532078,male,直之,ja,,Naoyuki
Q136532156,male,俊隆,ja,,Toshitaka
Q136532382,male,教行,ja,,Noriyuki
Q136532397,male,貴行,ja,,Takayuki
Q136532499,unisex,真寿美,ja,,Masumi
Q136532547,male,伸哉,ja,,Shin'ya
Q136533055,male,剛志,ja,,Tsuyoshi
Q136533580,male,武男,ja,,Takeo
Q136533841,male,泰一,ja,,Taiichi
Q136533892,male,伸介,ja,,Shinsuke
Q136533916,male,秀夫,ja,,Hideo
Q136533932,male,勝昭,ja,,Katsuaki
Q136536929,male,和雄,ja,,Kazuo
Q136536949,female,尚子,ja,,Shōko
Q136537009,male,正次,ja,,Masatsugu
Q136537238,female,美枝子,ja,,Mieko
Q136540519,male,正行,ja,,Masayuki
Q136540533,male,雅之,ja,,Masayuki
Q136543974,male,勇介,ja,,Yūsuke
Q136547734,male,賢一郎,ja,,Ken'ichirō
Q136547797,male,二郎,ja,,Jirō
Q136547812,male,仁志,ja,,Hitoshi
Q136547854,male,康浩,ja,,Yasuhiro
Q136557029,male,隆一,ja,,Ryūichi
Q136557088,male,るきや,ja,,Rukiya
Q136557155,male,将,ja,,Shō
Q136557192,male,優弥,ja,,Yūya
Q136559000,female,たねこ,ja,,Taneko
Q136563127,female,美菜子,ja,,Minako
Q136608541,male,Yuuki,ja,,Yuuki
Q136622595,female,春花,ja,,Haruka
Q136624997,female,ゆず,ja,,Yuzu
Q136626276,male,よりひさ,ja,,Yorihisa
Q136643782,male,智行,ja,,Tomoyuki
Q136643793,male,正,ja,,Masashi
Q136644385,male,佑典,ja,,Yūsuke
Q136645133,male,幸彦,ja,,Yukihiko
Q136648440,male,英則,ja,,Hidenori
Q136648518,male,貴史,ja,,Takashi
Q136648662,male,圭志,ja,,Keishi
Q136648810,male,恵司,ja,,Keiji
Q136649055,male,啓史,ja,,Keishi
Q136649123,male,敬之,ja,,Takayuki
Q136649162,male,敬之,ja,,Keishi
Q136649219,male,のりとも,ja,,Noritomo
Q136649222,male,のりたね,ja,,Noritane
Q136649226,male,のりたけ,ja,,Noritake
Q136649615,male,聖,ja,,Shō
Q136649618,male,敬之,ja,,Noriyuki
Q136649630,male,範之,ja,,Noriyuki
Q136651695,male,ますきち,ja,,Masukichi
Q136651693,male,ますけ,ja,,Masuke
Q136653920,male,啓司,ja,,Keiji
Q136654943,male,やすおき,ja,,Yasuoki
Q136657690,male,ためじ,ja,,Tameji
Q136657769,male,すえじろう,ja,,Suejirō
Q136657774,male,ういち,ja,,Uichi
Q136657779,male,卯一,ja,,Uichi
Q136657787,male,ういちろう,ja,,Uichirō
Q136657790,male,きとくろう,ja,,Kitokurō
Q136657800,male,みつたけ,ja,,Mitsutake
Q136657928,male,もいち,ja,,Moichi
Q136657932,male,すみたか,ja,,Sumitaka
Q136658040,male,せんぱち,ja,,Senpachi
Q136658156,male,かつさだ,ja,,Katsusada
Q136658594,male,ぎすけ,ja,,Gisuke
Q136658598,male,しげさだ,ja,,Shigesada
Q136658871,male,りざぶろう,ja,,Rizaburō
Q136658877,male,いさぶろう,ja,,Isaburō
Q136658886,male,しろし,ja,,Shiroshi
Q136659070,male,よしのすけ,ja,,Yoshinosuke
Q136659224,male,清左衛門,ja,,Seizaemon
Q136659254,male,やすおき,ja,,Gojirō
Q136662138,male,敬史,ja,,Takashi
Q136662715,male,敬司,ja,,Keiji
Q136665285,male,孝也,ja,,Takaya
Q136665725,unisex,司,ja,,Tsukasa
Q136665902,female,保奈美,ja,,Honami
Q136666001,unisex,克実,ja,,Katsumi
Q136666158,male,茂雄,ja,,Shigeo
Q136666486,female,美子,ja,,Yoshiko
Q136666726,female,美穂,ja,,Miho
Q136668416,male,實之助,ja,,Jitsunosuke
Q136668420,male,じつのすけ,ja,,Jitsunosuke
Q136668439,male,ていたろう,ja,,Teitarō
Q136673693,male,うきょう,ja,,Ukyō
Q136673810,male,隆司,ja,,Takashi
Q136674031,male,航平,ja,,Kōhei
Q136674246,male,晃,ja,,Hikaru
Q136674308,male,健介,ja,,Kensuke
Q136674339,male,智也,ja,,Tomoya
Q136674446,male,浩人,ja,,Hiroto
Q136674499,male,せいしゅう,ja,,Seishū
Q136674555,unisex,岬,ja,,Misaki
Q136674739,male,しょうき,ja,,Shōki
Q136674792,male,耕太郎,ja,,Kōtarō
Q136676612,male,大智,ja,,Daichi
Q136676652,male,勇斗,ja,,Hayato
Q136676690,male,聖也,ja,,Seiya
Q136676698,male,悠輔,ja,,Yūsuke
Q136676736,male,輝明,ja,,Teruaki
Q136676756,male,竜平,ja,,Ryūhei
Q136676765,male,拓夢,ja,,Takumu
Q136676778,unisex,海,ja,,Kai
Q136678411,unisex,かいり,ja,,Kairi
Q136678420,male,右京,ja,,Ukyō
Q136681884,female,幸穂,ja,,Yukiho
Q136688688,male,圭治,ja,,Keiji
Q136694680,male,英利,ja,,Hidetoshi
Q136694736,male,れいし,ja,,Reishi
Q136695814,male,明宏,ja,,Akihiro
Q136696619,male,芳郎,ja,,Yoshirō
Q136696646,male,智之,ja,,Tomoyuki
Q136697149,male,千代太,ja,,Chiyota
Q136697267,male,勝幸,ja,,Katsuyuki
Q136697294,male,克幸,ja,,Katsuyuki
Q136697362,male,つぎひこ,ja,,Tsugihiko
Q136699265,male,保志,ja,,Yasushi
Q136699357,male,武則,ja,,Takenori
Q136699928,male,邦男,ja,,Kunio
Q136699938,male,邦夫,ja,,Kunio
Q136699966,male,國男,ja,,Kunio
Q136700924,male,忠,ja,,Sunao
Q136700932,male,直,ja,,Sunao
Q136700945,male,淳,ja,,Sunao
Q136702496,male,貴司,ja,,Takashi
Q136704442,male,敬太,ja,,Keita
Q136704455,male,恵太,ja,,Keita
Q136704880,unisex,正樹,ja,,Masaki
Q136705066,male,哲郎,ja,,Tetsuo
Q136706440,male,圭介,ja,,Keisuke
Q136706739,male,郁夫,ja,,Ikuo
Q136710724,female,あづき,ja,,Azuki
Q136716399,male,徳彦,ja,,Norihiko
Q136716427,male,憲彦,ja,,Norihiko
Q136716558,male,ゆうじん,ja,,Yūjin
Q136717773,male,貴裕,ja,,Takahiro
Q136717783,male,崇弘,ja,,Takahiro
Q136717879,male,真裕,ja,,Masahiro
Q136720603,male,剛史,ja,,Takeshi
Q136725457,male,康博,ja,,Yasuhiro
Q136728068,male,和志,ja,,Kazushi
Q136728930,male,隼人,ja,,Hayato
Q136730998,male,鉄雄,ja,,Tetsuo
Q136731330,male,修司,ja,,Shūji
Q136731412,male,智弘,ja,,Tomohiro
Q136731586,male,正道,ja,,Masamichi
Q136731686,female,常子,ja,,Tsuneko
Q136731817,male,隆信,ja,,Takanobu
Q136731897,male,にきち,ja,,Nikichi
Q136731996,female,たま,ja,,Tama
Q136732099,male,ひさたろう,ja,,Hisatarō
Q136732294,male,ゆうごろう,ja,,Yūgorō
Q136732494,male,博夫,ja,,Hiroo
Q136732570,male,しゅうすけ,ja,,Shūsuke
Q136732624,male,和義,ja,,Kazuyoshi
Q136733762,unisex,たかみ,ja,,Takami
Q136733761,male,基樹,ja,,Motoki
Q136733767,male,孝男,ja,,Takao
Q136733770,male,すえもち,ja,,Suemochi
Q136733771,male,康弘,ja,,Yasuhiro
Q136733775,male,忠孝,ja,,Tadataka
Q136733779,male,昭雄,ja,,Akio
Q136733783,male,栄蔵,ja,,Eizō
Q136733781,male,かげはる,ja,,Kageharu
Q136733791,male,正純,ja,,Masazumi
Q136733788,male,正憲,ja,,Masanori
Q136733796,male,清信,ja,,Kiyonobu
Q136733797,male,清春,ja,,Kiyoharu
Q136733803,male,もちまさ,ja,,Mochimasa
Q136733800,male,もちよし,ja,,Mochiyoshi
Q136733807,male,もちゆき,ja,,Mochiyuki
Q136733811,male,祐輔,ja,,Yūsuke
Q136733809,male,ひでもち,ja,,Hidemochi
Q136733819,male,義武,ja,,Yoshitake
Q136733817,male,つなひで,ja,,Tsunahide
Q136733828,male,良三,ja,,Ryōzō
Q136733831,female,英子,ja,,Hideko
Q136733921,male,あらき,ja,,Araki
Q136733930,male,もざえもん,ja,,Mozaemon
Q136733937,male,譲,ja,,Jō
Q136733942,male,賢二,ja,,Kenji
Q136733940,male,さだもち,ja,,Sadamochi
Q136733945,male,しげおき,ja,,Shigeoki
Q136734008,male,和美,ja,,Kazuyoshi
Q136734021,male,じゅいちろう,ja,,Juichirō
Q136734031,female,れんこ,ja,,Renko
Q136734074,female,絵里香,ja,,Erika
Q136734076,male,雅博,ja,,Masahiro
Q136734082,male,哲郎,ja,,Tetsurō
Q136734091,male,栄吉,ja,,Eikichi
Q136734093,female,久美,ja,,Kumi
Q136734246,female,由美子,ja,,Yumiko
Q136734248,male,むらつぐ,ja,,Muratsugu
Q136734253,male,伸,ja,,Shin
Q136734268,male,としま,ja,,Toshima
Q136734274,male,保夫,ja,,Yasuo
Q136734272,male,俊夫,ja,,Toshio
Q136734331,male,みつたろう,ja,,Mitsutarō
Q136734334,male,光太郎,ja,,Mitsutarō
Q136734355,male,けいろく,ja,,Keiroku
Q136734362,male,喜一郎,ja,,Kiichirō
Q136734366,male,さだとら,ja,,Sadatora
Q136734400,male,尚志,ja,,Takashi
Q136734418,male,とらさぶろう,ja,,Torasaburō
Q136734443,male,幸彦,ja,,Sachihiko
Q136734475,unisex,巴,ja,,Tomoe
Q136734516,male,敏夫,ja,,Toshio
Q136734546,unisex,栄,ja,,Sakae
Q136734565,male,由太郎,ja,,Yoshitarō
Q136734569,male,まきひこ,ja,,Makihiko
Q136734694,male,しゅうざぶろう,ja,,Shūzaburō
Q136734850,male,紀幸,ja,,Noriyuki
Q136734973,female,美也子,ja,,Miyako
Q136735003,male,義夫,ja,,Yoshio
Q136735091,male,良明,ja,,Yoshiaki
Q136735110,male,良雄,ja,,Yoshio
Q108800001,female,絵夢,ja,,
Q125373192,male,剛,ja,,
Q130710629,female,朱理,ja,,
Q131936234,male,すけたす,ja,,
Q133307832,female,琉夏,ja,,
Q133324586,male,友希,ja,,
Q133832571,female,桐江,ja,,
Q134624880,female,董香,ja,,
Q134624930,male,絢都,ja,,
Q134704342,male,アディーネ,ja,,
Q136443289,female,守子,ja,,
Q138081375,female,幸代,ja,,
Q138504043,male,にたろう,ja,,
Q139266834,unisex,自由,ja,,
Q140051053,unisex,理生,ja,,
Q140087812,female,舞,ja,,
Q140757199,female,汐莉,ja,,
Q140936173,male,米斎,ja,,
Q140936238,male,雅行,ja,,
Q140936258,male,宏實,ja,,
Q140961349,male,亨吉,ja,,
