name,gender
Ёдзи,male
Ёку,male
Ёрито,male
Ёрихико,male
Ёрунд,male
Ёсиаки,male
Ёсики,male
Ёсинобу,male
Ёсио,male
Ёситака,male
Ёситомо,male
Ёсихару,male
Ёсихико,male
Ёсихиро,male
Ёсукэ,male
Ёхэй,male
Аав,male
Ааиса,male
Аапели,male
Аапо,male
Аарне,male
Аарон,male
Аарре,male
Аатами,male
Аатто,male
Аату,male
Абаг,male
Абадж,male
Абаджа,male
Абади,male
Абаду,male
Абаз,male
Абазат,male
Абазбек,male
Абази,male
Абазиз,male
Абазмирза,male
Абай,male
Абак,male
Абакар,male
Абакаргаджи,male
Абакаргаджияв,male
Абакум,male
Абал-Хаджи,male
Абал-Хасан,male
Абал-Хусейн,male
Абала,male
Абалгар,male
Абали,male
Абалхан,male
Абас,male
Абасага,male
Абасмирза,male
Абасмирзе,male
Абах,male
Абаху,male
Абаци,male
Абачара,male
Абаш,male
Абашилав,male
Абаяда,male
Аббаз,male
Абгагу,male
Абгаджа,male
Абгениа,male
Абгиагу,male
Абд,male
Абдал,male
Абдала,male
Абдалазиз,male
Абдаласул,male
Абдалкадир,male
Абдалмалик,male
Абдалхан,male
Абдат,male
Абдаш,male
Абдел,male
Абдель,male
Абдельазиз,male
Абдельджаффар,male
Абделькарим,male
Абделькерим,male
Абдельмагид,male
Абдерахман,male
Абди,male
Абдилав,male
Абдин,male
Абдон,male
Абдраба,male
Абдрахман,male
Абду,male
Абду-Салам,male
Абдуада,male
Абдубари,male
Абдувахоб,male
Абдугапур,male
Абдужалил,male
Абдузагир,male
Абдукадир,male
Абдукадыр,male
Абдукар,male
Абдукафар,male
Абдукерим,male
Абдул,male
Абдул-Азиз,male
Абдул-Вахид,male
Абдул-Вахит,male
Абдул-Гамид,male
Абдул-Джапар,male
Абдул-Кадыр,male
Абдул-Керим,male
Абдул-Малик,male
Абдул-Меджид,male
Абдул-Муслим,male
Абдул-Саламо,male
Абдул-Салах,male
Абдул-Хайдар,male
Абдул-Халим,male
Абдул-Хамид,male
Абдулаваша,male
Абдулага,male
Абдулагаджи,male
Абдулагай,male
Абдулази,male
Абдулазид,male
Абдулазиз,male
Абдулазим,male
Абдулаким,male
Абдулалим,male
Абдулариф,male
Абдулатип,male
Абдулатиф,male
Абдулафис,male
Абдулах,male
Абдулахад,male
Абдулашим,male
Абдулбаки,male
Абдулбари,male
Абдулбасир,male
Абдулбасыр,male
Абдулбашир,male
Абдулбек,male
Абдулбутта,male
Абдулвагаб,male
Абдулвагап,male
Абдулвагид,male
Абдулварис,male
Абдулвахид,male
Абдулвели,male
Абдулгазы,male
Абдулгай,male
Абдулгалим,male
Абдулгамид,male
Абдулгани,male
Абдулгапар,male
Абдулгапур,male
Абдулгасан,male
Абдулгашим,male
Абдулгей,male
Абдулджалал,male
Абдулджалил,male
Абдулжабар,male
Абдулжалал,male
Абдулжалил,male
Абдулжамал,male
Абдулжами,male
Абдулжапар,male
Абдулзагир,male
Абдулкадим,male
Абдулкадир,male
Абдулкадыр,male
Абдулкамал,male
Абдулкасим,male
Абдулкасум,male
Абдулкасым,male
Абдулкафар,male
Абдулкахир,male
Абдулкебир,male
Абдулкерим,male
Абдулла,male
Абдуллабек,male
Абдуллатип,male
Абдуллах,male
Абдуллахи,male
Абдулло,male
Абдулмагомед,male
Абдулмажид,male
Абдулмажит,male
Абдулмалик,male
Абдулманап,male
Абдулманаф,male
Абдулманнан,male
Абдулмеджид,male
Абдулмежит,male
Абдулмукмин,male
Абдулмумин,male
Абдулмусин,male
Абдулмуслим,male
Абдулмуталиб,male
Абдулмуталип,male
Абдулнасир,male
Абдулнасыр,male
Абдулнетиф,male
Абдулпатах,male
Абдулрахман,male
Абдулрашид,male
Абдулсаид,male
Абдулсамед,male
Абдулсатав,male
Абдулсемед,male
Абдултаджиб,male
Абдултаиб,male
Абдулфатах,male
Абдулфетях,male
Абдулхаир,male
Абдулхай,male
Абдулхак,male
Абдулхаким,male
Абдулхалик,male
Абдулхалим,male
Абдулхамид,male
Абдулхан,male
Абдульазиз,male
Абдульалим,male
Абдульбари,male
Абдульвахид,male
Абдулькадер,male
Абдулькадир,male
Абдулькарим,male
Абдулькахар,male
Абдульмаджид,male
Абдульмалик,male
Абдульфатах,male
Абдульхади,male
Абдульхак,male
Абдульхаким,male
Абдульхалик,male
Абдульхамид,male
Абдульчерим,male
Абдуляхай,male
Абдунасер,male
Абдунасир,male
Абдурагим,male
Абдураджаб,male
Абдураза,male
Абдуразак,male
Абдурауп,male
Абдурауф,male
Абдурахман,male
Абдурахмангаджи,male
Абдурашид,male
Абдурешид,male
Абдурзак,male
Абдуриза,male
Абдурраззак,male
Абдуррахим,male
Абдуррахман,male
Абдуррашид,male
Абдусалам,male
Абдусалям,male
Абдусамад,male
Абдусамед,male
Абдуселим,male
Абдусемед,male
Абдухаир,male
Абдях,male
Абег,male
Абеди,male
Абедула,male
Абел,male
Абель,male
Абзагир,male
Абзагу,male
Абзайдин,male
Абзал,male
Абзо,male
Аби,male
Абибуллах,male
Абиг,male
Абид,male
Абиди,male
Абидин,male
Абил,male
Абилферз,male
Абилфет,male
Абиль,male
Абир,male
Абисал,male
Абкан,male
Абки,male
Аблез,male
Абнер,male
Абпе,male
Абрагим,male
Абрам,male
Абрахам,male
Абрек,male
Аброр,male
Абросим,male
Абсаид,male
Абсалам,male
Абсалудин,male
Абсамад,male
Абу,male
Абу-Рашид,male
Абу-Садык,male
Абуазиз,male
Абуба,male
Абубакар,male
Абубакир,male
Абубашир,male
Абубекир,male
Абув,male
Абуга,male
Абугали,male
Абугюл,male
Абудажаннат,male
Абудалав,male
Абужи,male
Абуза,male
Абузар,male
Абузед,male
Абузер,male
Абузи,male
Абуй,male
Абук,male
Абукар,male
Абукас,male
Абукосам,male
Абула,male
Абулав,male
Абулайс,male
Абулак,male
Абулахаб,male
Абулгасан,male
Абули,male
Абулмуслим,male
Абулхаир,male
Абулхас,male
Абумислим,male
Абумпери,male
Абумуслим,male
Абумухсин,male
Абун,male
Абунавас,male
Абура,male
Абурашид,male
Абурешид,male
Абус,male
Абусаид,male
Абусайда,male
Абусалам,male
Абусалих,male
Абуселях,male
Абусен,male
Абусер,male
Абусеф,male
Абусолта,male
Абустар,male
Абусупиян,male
Абусупьян,male
Абусуфьян,male
Абутай,male
Абуталиб,male
Абуталим,male
Абутураб,male
Абух,male
Абуханипа,male
Абухас,male
Абухасан,male
Абуч,male
Абучи,male
Абуш,male
Абуше,male
Абуюсуп,male
Абуязид,male
Абуязит,male
Абхаз,male
Абча,male
Абчу,male
Абыз,male
Абыл,male
Абылайхан,male
Абысал,male
Аваг,male
Авадзи,male
Аваз,male
Авак,male
Авалу,male
Авангард,male
Аввакум,male
Авган,male
Августин,male
Авдан,male
Авде,male
Авдей,male
Авдий,male
Авдон,male
Авдразман,male
Авдрахман,male
Авдул,male
Авдулла,male
Аведис,male
Авез,male
Авель,male
Авенир,male
Аверий,male
Аверкий,male
Аверьян,male
Авессалом,male
Авет,male
Аветик,male
Аветис,male
Авив,male
Авигдор,male
Авирам,male
Авишай,male
Авиэль,male
Авксентий,male
Авнер,male
Авраамий,male
Аврам,male
Аврамий,male
Аврелиан,male
Автандил,male
Автархан,male
Автомедон,male
Автоном,male
Авхад,male
Авхади,male
Авчихан,male
Аг,male
Ага,male
Агабала,male
Агабек,male
Агавал,male
Агаверди,male
Агавяш,male
Агададаш,male
Агай-Ада,male
Агакерим,male
Агакиши,male
Агал,male
Агалав,male
Агалар,male
Агалахан,male
Агали,male
Агам,male
Агамагомед,male
Агамет,male
Агамир,male
Агамирза,male
Агамирзе,male
Агамурад,male
Агап,male
Агапий,male
Агапиос,male
Агапит,male
Агарав,male
Агарагим,male
Агарак,male
Агарам,male
Агарза,male
Агариза,male
Агасеркер,male
Агасеф,male
Агаси,male
Агасфер,male
Агафенди,male
Агафон,male
Агахан,male
Агаширин,male
Агаших,male
Агаэфенди,male
Агби,male
Аггей,male
Агей,male
Агзам,male
Агзу,male
Агил,male
Агилав,male
Агилгаджи,male
Агиль,male
Агиталилав,male
Агиш,male
Агко,male
Аглар,male
Аглям,male
Агматхан,male
Аго,male
Агостино,male
Агостиньо,male
Агостон,male
Агса,male
Агубе,male
Агубекир,male
Агубечир,male
Агудз,male
Агулав,male
Агурби,male
Агури,male
Агустин,male
Ада,male
Ада-Амир,male
Адав,male
Адавахид,male
Адаго,male
Адада,male
Адайгаджи,male
Адакез,male
Адала,male
Адалав,male
Адалберт,male
Адалберто,male
Адалберту,male
Адало,male
Адалолахма,male
Адальбер,male
Адальберт,male
Адальберто,male
Адальби,male
Адальгери,male
Адам,male
Адамаци,male
Адамо,male
Адамхаджи,male
Адан,male
Адаш,male
Адаят,male
Адгур,male
Адел,male
Адем,male
Адеш,male
Аджаб,male
Аджагирей,male
Аджамаз,male
Аджгери,male
Аджек,male
Аджибала,male
Аджит,male
Аджмат,male
Аджна,male
Аджу,male
Аджыгу,male
Аджын,male
Аджына,male
Аджыр,male
Аджыу,male
Аджыуа,male
Адзи,male
Адзи-Саид,male
Адзибаганд,male
Адзкур,male
Адзуса,male
Адзымыхуа,male
Ади,male
Адиб,male
Адибалав,male
Адигам,male
Адиет,male
Адиз,male
Адик,male
Адико,male
Адил,male
Адилбек,male
Адилбий,male
Адилгерей,male
Адилгери,male
Адилет,male
Адили,male
Адилмирза,male
Адилхан,male
Адиль,male
Адиль-Солтан,male
Адильбег,male
Адильбек,male
Адильгерей,male
Адильгирей,male
Адильмирза,male
Адильхан,male
Адин,male
Адис,male
Адич,male
Адиширин,male
Адлан,male
Адлохап,male
Адмир,male
Аднан,male
Адольф,male
Адольфо,male
Адриан,male
Адриано,male
Адриен,male
Адсалам,male
Адта,male
Аду,male
Адук,male
Адума,male
Адух,male
Адухилав,male
Адыгей,male
Адыго,male
Адылджери,male
Ажахмед,male
Аждаут,male
Аженор,male
Ажи,male
Ажибайрам,male
Ажибатыр,male
Ажигирей,male
Ажикерим,male
Ажимолла,male
Ажимурза,male
Ажимуса,male
Ажисхак,male
Ажмамбет,male
Ажу,male
Ажуб,male
Аза,male
Азад,male
Азади,male
Азазе,male
Азам,male
Азамат,male
Азамбек,male
Азамыхуа,male
Азан,male
Азар,male
Азарали,male
Азарий,male
Азарцум,male
Азасун,male
Азат,male
Азатула,male
Азатхан,male
Азаху,male
Азгерий,male
Аздамыр,male
Аздар,male
Азер,male
Ази,male
Азиали,male
Азибаганд,male
Азигаджи,male
Азид,male
Азиз,male
Азизага,male
Азизай,male
Азизали,male
Азизбек,male
Азизула,male
Азизхан,male
Азика,male
Азикалаабакар,male
Азикк,male
Азил,male
Азим,male
Азимбек,male
Азирхан,male
Азис,male
Азлан,male
Азматгери,male
Азмудин,male
Азнаур,male
Азраиль,male
Азредин,male
Азрет,male
Азугаджи,male
Азулав,male
Азхар,male
Аизе,male
Аилав,male
Аилым,male
Аинар,male
Аинаржи,male
Аинач,male
Аира,male
Аирг,male
Аита,male
Аитбе,male
Айан,male
Айат,male
Айбай,male
Айбар,male
Айбат,male
Айбатыр,male
Айбек,male
Айболат,male
Айбулат,male
Айваз,male
Айвазхан,male
Айвар,male
Айвис,male
Айвор,male
Айвори,male
Айгуали,male
Айгуб,male
Айгум,male
Айгун,male
Айда,male
Айдабек,male
Айдалав,male
Айдамир,male
Айдамиркан,male
Айдан,male
Айдарук,male
Айдемир,male
Айдилав,male
Айдин,male
Айдинбег,male
Айдос,male
Айду,male
Айдун,male
Айдунбег,male
Айдунбек,male
Айжарык,male
Айзар,male
Айзуг,male
Айибхан,male
Айитиро,male
Айк,male
Айказ,male
Айкан,male
Айкате,male
Айко,male
Айкубак,male
Айман,male
Аймо,male
Айнади,male
Айнди,male
Айни,male
Айнилав,male
Айнудин,male
Айнук,male
Айнулах,male
Айнуллах,male
Айнур,male
Айра,male
Айрат,male
Айрикян,male
Айса,male
Айсакади,male
Айсакурбан,male
Айсалази,male
Айсамирза,male
Айсар,male
Айсахан,male
Айсолта,male
Айсолтан,male
Айсуак,male
Айсум,male
Айтбер,male
Айтег,male
Айтек,male
Айтеч,male
Айтмар,male
Айтуар,male
Айтуган,male
Айшалав,male
Айшатулав,male
Айшуак,male
Айып,male
Айём,male
Ак,male
Ака,male
Акай,male
Акаки,male
Акакий,male
Акакиос,male
Аканди,male
Акбад,male
Акбай,male
Акбар,male
Акбармагомед,male
Акберди,male
Акболат,male
Акбулат,male
Акверди,male
Аки,male
Акиба,male
Акива,male
Акикадзу,male
Акил,male
Акилав,male
Акиль,male
Аким,male
Акимаса,male
Акимбек,male
Акими,male
Акимицу,male
Акиндин,male
Акинобу,male
Акинори,male
Акинф,male
Акинфий,male
Акио,male
Акир,male
Акира,male
Акиф,male
Акиёси,male
Акка,male
Акки,male
Акманбет,male
Акмарза,male
Акмирза,male
Акмурза,male
Акни,male
Ако,male
Акраман,male
Аксан,male
Аксарт,male
Аксель,male
Аксениа,male
Аксент,male
Аксентий,male
Аксо,male
Аксён,male
Актай,male
Актемар,male
Актемир,male
Акуа,male
Акуб,male
Акулан,male
Акулангери,male
Акун,male
Акуч,male
Акучилав,male
Акыбеи,male
Ала,male
Алаа,male
Алабай,male
Алавди,male
Алавдин,male
Алавитдин,male
Алавудин,male
Алад,male
Аладин,male
Алам,male
Аламаш,male
Аламбек,male
Аламкаж,male
Алан,male
Аланбек,male
Аланби,male
Алапшдза,male
Аларчу,male
Аласхан,male
Алатай,male
Алаудди,male
Алауддин,male
Алаудин,male
Алаф,male
Алах,male
Албаст,male
Албастыкуа,male
Албег,male
Албега,male
Албед,male
Албежила,male
Албек,male
Алберд,male
Албиг,male
Албиц,male
Албор,male
Албору,male
Албудж,male
Албуз,male
Албыдж,male
Алгали,male
Алгды,male
Алгери,male
Алгиари,male
Алгилад,male
Алгыд,male
Алгыды,male
Алдав,male
Алдам,male
Алдамыр,male
Алдат,male
Алджернон,male
Алдибир,male
Алдух,male
Алдыгу,male
Але,male
Алевдин,male
Аледа,male
Аледден,male
Аледжук,male
Аледзи,male
Алези,male
Алекка,male
Алекко,male
Алеко,male
Алекпер,male
Александар,male
Ален,male
Алерул,male
Алескендер,male
Алескер,male
Алессандро,male
Алесь,male
Алехандро,male
Алеша,male
Алжанбег,male
Алзабет,male
Али,male
Алиасхаб,male
Алиата,male
Алиахмед,male
Алиаци,male
Алибала,male
Алибахарчи,male
Алибег,male
Алибейази,male
Алибек,male
Алибец,male
Алибишер,male
Алиболат,male
Алибуган,male
Алибулат,male
Алибута,male
Алибутай,male
Алибухан,male
Аливали,male
Аливерд,male
Аливерди,male
Алигаджи,male
Алигалав,male
Алигалбац,male
Алигалбец,male
Алигалбиц,male
Алигасан,male
Алигилич,male
Алигусейн,male
Алидада,male
Алидалав,male
Алидар,male
Алиджан,male
Алиджуко,male
Алидибир,male
Алижан,male
Алижу,male
Алиисуп,male
Алий,male
Алик,male
Аликади,male
Аликбер,male
Аликебед,male
Аликиши,male
Аликка,male
Аликлыч,male
Аликуа,male
Аликул,male
Аликули,male
Аликылыч,male
Алил,male
Алилав,male
Алилмагомед,male
Алим-газы,male
Алимагомед,male
Алимала,male
Алимамма,male
Алимарза,male
Алимах,male
Алимбек,male
Алимби,male
Алимгирей,male
Алимердан,male
Алимерден,male
Алимет,male
Алимирза,male
Алимирзе,male
Алимпаша,male
Алимсолтан,male
Алимурад,male
Алимурза,male
Алимуси,male
Алимхан,male
Алимчу,male
Алинесед,male
Алинисед,male
Алиомар,male
Алиосман,male
Алипанах,male
Алипаша,male
Алипулат,male
Алирза,male
Алириза,male
Алисад,male
Алисалам,male
Алисах,male
Алискандер,male
Алискендер,male
Алискер,male
Алиссон,male
Алистан,male
Алистер,male
Алисултан,male
Алиф,male
Алихан,male
Алиханналав,male
Алихма,male
Аличу,male
Аличубан,male
Алиша,male
Алишейх,male
Алишер,male
Алишериф,male
Алишлабагома,male
Алияр,male
Алкес,male
Алкиарым,male
Аллаг,male
Алладин,male
Аллай,male
Аллан,male
Алларав,male
Аллахверди,male
Аллахверен,male
Аллахкули,male
Аллу,male
Алма,male
Алмазбек,male
Алмако,male
Алмас,male
Алмаса,male
Алмасбей,male
Алмасбек,male
Алмасуд,male
Алмасхан,male
Алмат,male
Алмахсид,male
Алмахсит,male
Алмуталк,male
Алмухамед,male
Алмычхан,male
Ало,male
Алонсо,male
Алоу,male
Алсед,male
Алсеф,male
Алсолта,male
Алта,male
Алтав,male
Алтамир,male
Алтанбай,male
Алтар,male
Алтемир,male
Алтенбай,male
Алтениа,male
Алтимир,male
Алтмар,male
Алтоурым,male
Алтун,male
Алтынбей,male
Алтыч,male
Алу,male
Алувилав,male
Алука,male
Алукач,male
Алум,male
Алумкач,male
Алупкач,male
Алуч,male
Алуш,male
Алушапы,male
Алфер,male
Алхаз,male
Алхазур,male
Алхан,male
Алханмат,male
Алхас,male
Алхаст,male
Алхаста,male
Алхет,male
Алхилав,male
Алхим,male
Алхлав,male
Алхоу,male
Алхуз,male
Алхузур,male
Алхулав,male
Алхыстан,male
Алцыку,male
Алцыкуа,male
Алцыс,male
Алша,male
Алы,male
Алыбей,male
Алыгу,male
Алыиса,male
Алыку,male
Алым,male
Алымбей,male
Алыпкач,male
Алыпкаш,male
Алышв,male
Алышык,male
Альбек,male
Альбер,male
Альберт,male
Альберто,male
Альби,male
Альбин,male
Альбиян,male
Альбот,male
Альбури,male
Альваро,male
Альви,male
Альгирдас,male
Альда,male
Альджерий,male
Альтемир,male
Альфонс,male
Альфонсо,male
Альфред,male
Альфредо,male
Альфрет,male
Альхо,male
Аляс,male
Алясгери,male
Алёша,male
Ама,male
Амагай,male
Амагомед,male
Амадада,male
Амадзи,male
Амади,male
Амази,male
Амал,male
Амалай,male
Амали,male
Амалтик,male
Амальдин,male
Аманакай,male
Аманат,male
Аманбай,male
Амангазы,male
Амангелди,male
Аманкей,male
Аманула,male
Аманулла,male
Амарат,male
Амарбек,male
Амах,male
Амахан,male
Амач,male
Амачи,male
Амаш,male
Амбако,male
Амбакуа,male
Амбал,male
Амбар,male
Амбот,male
Амвросий,male
Амдеж,male
Америк,male
Амет,male
Аметей,male
Амжа,male
Амза,male
Амзан,male
Амзас,male
Амзор,male
Амзорико,male
Амигаджи,male
Амидин,male
Амин,male
Аминалав,male
Аминатилав,male
Аминта,male
Аминтаза,male
Аминуллах,male
Аминчулав,male
Амир,male
Амирали,male
Амирамза,male
Амиран,male
Амирахай,male
Амирахма,male
Амирбек,male
Амирби,male
Амирбий,male
Амиргамзат,male
Амирзада,male
Амирзан,male
Амирлан,male
Амирмагомед,male
Амирмагомедбег,male
Амирудин,male
Амируслан,male
Амирхамза,male
Амирхан,male
Амирхасан,male
Амиршейх,male
Амит,male
Амичалав,male
Амиш,male
Амкудж,male
Амма,male
Аммаци,male
Амос,male
Ампар,male
Ампыз,male
Амраз,male
Амрах,male
Амри,male
Амрудин,male
Амруллах,male
Амс,male
Амсыр,male
Амтон,male
Амтын,male
Амужад,male
Амукки,male
Амурбек,male
Амурхан,male
Амуслим,male
Амфилохий,male
Амхаджир,male
Амыда,male
Амыр,male
Амыц,male
Ананий,male
Анарбек,male
Анас,male
Анасилмагомед,male
Анатолий,male
Анахмат,male
Анбигулав,male
Анвар,male
Анварбег,male
Анварбек,male
Анварпаша,male
Ангел,male
Ангиштер,male
Андаилмагомед,male
Андала,male
Андалав,male
Андарбек,male
Андемир,male
Андемиркан,male
Анджей,male
Анджело,male
Андзалеи,male
Андзаур,male
Андзор,male
Анди,male
Андилав,male
Андили,male
Андиялав,male
Андо,male
Андре,male
Андреа,male
Андреас,male
Андрей,male
Андрес,male
Андри,male
Андриан,male
Андрис,male
Андриян,male
Андро,male
Андроз,male
Андрон,male
Андроний,male
Андроник,male
Андруш,male
Андрюша,male
Анду,male
Андуник,male
Андуникугуз,male
Анемподист,male
Анжо,male
Анзаур,male
Анзор,male
Анзоруко,male
Аник,male
Аникей,male
Аникий,male
Аникита,male
Анико,male
Анисий,male
Анисим,male
Анистор,male
Анкалав,male
Анкиса,male
Анри,male
Ансар,male
Ансарулла,male
Анте,male
Антеи,male
Антика,male
Антиох,male
Антип,male
Антипа,male
Антипий,male
Антиялав,male
Антле,male
Антон,male
Антоний,male
Антонин,male
Антонио,male
Антониу,male
Антоха,male
Антроп,male
Антропий,male
Анту,male
Антуан,male
Антун,male
Антунали,male
Антучилав,male
Антуш,male
Ануар,male
Анулиа,male
Ануфрий,male
Анхазгери,male
Анхель,male
Анцвынды,male
Анча,male
Анчабар,male
Анчобей,male
Анчок,male
Апагу,male
Апаз,male
Апап,male
Апас,male
Апауа,male
Апаша,male
Апбадж,male
Апбак,male
Апбыз,male
Апдаджа,male
Апдемыр,male
Апдыз,male
Апеллес,male
Апенди,male
Апиа,male
Апиаша,male
Аполлинарий,male
Аполлон,male
Аполлос,male
Апон,male
Аппе,male
Апраиль,male
Апрос,male
Апсар,male
Апсари,male
Апсарудин,male
Апсатар,male
Апскиар,male
Апстриа,male
Апсуа,male
Апсха,male
Апта,male
Апти,male
Аптыш,male
Апхазгери,male
Апшдза,male
Апыгу,male
Апыт,male
Апыч,male
Апыш,male
Апышв,male
Араб,male
Арабада,male
Араби,male
Арабхан,male
Арада,male
Арадако,male
Араз,male
Арайлав,male
Арам,male
Арамбий,male
Арап,male
Арапхан,male
Арарат,male
Арасхан,male
Арат,male
Арахцау,male
Арацилав,male
Арацмагомед,male
Арацхан,male
Аращ,male
Аращи,male
Арбаг,male
Арбах,male
Арбахан,male
Арби,male
Арбудигаджи,male
Арбули,male
Арбухан,male
Арбухана,male
Арвелод,male
Арген,male
Аргуниа,male
Ардалион,male
Ардальон,male
Ардауан,male
Ардаш,male
Ардашыл,male
Ардашын,male
Ардикуа,male
Ардион,male
Ардонбей,male
Ардочка,male
Ардуз,male
Ардуша,male
Ардын,male
Аре,male
Аремо,male
Арестотель,male
Ареф,male
Арефий,male
Аржеван,male
Арзаабей,male
Арзааби,male
Арзаадын,male
Арзадан,male
Арзадин,male
Арзакан,male
Арзалум,male
Арзамбей,male
Арзамет,male
Арзамыху,male
Арзениа,male
Арзу,male
Арзулум,male
Арибжан,male
Арижада,male
Арий,male
Арика,male
Арикшу,male
Аримон,male
Аринат,male
Арип,male
Арипа,male
Арира,male
Арист,male
Аристарх,male
Аристид,male
Аристотель,male
Арисхан,male
Ариф,male
Арифулла,male
Арич,male
Аришыц,male
Ариэль,male
Аркадиа,male
Аркаша,male
Арлан,male
Арманд,male
Армахут,male
Арминий,male
Арнольд,male
Арноу,male
Арон,male
Арпыс,male
Арсак,male
Арсалхан,male
Арсамаг,male
Арсамаз,male
Арсамак,male
Арсамег,male
Арсан,male
Арсана,male
Арсанай,male
Арсангирей,male
Арсануко,male
Арсби,male
Арсен,male
Арсенали,male
Арсенгерей,male
Арсений,male
Арсентий,male
Арсим,male
Арсин,male
Арсинбег,male
Арсламбек,male
Арслан,male
Арсланбег,male
Арсланбек,male
Арсланбий,male
Арслангерей,male
Арснако,male
Арсоу,male
Арстем,male
Арстеп,male
Арсук,male
Артаган,male
Артамон,male
Артахан,male
Артемий,male
Артемон,male
Артин,male
Арто,male
Артур,male
Артуро,male
Артём,male
Арубек,male
Арул,male
Аруман,male
Арун,male
Арунбек,male
Арустан,male
Арутан,male
Арутби,male
Арухан,male
Арушан,male
Архан,male
Арханай,male
Архип,male
Арцалав,male
Арцубга,male
Арцубей,male
Арцулав,male
Арцумезр,male
Арчил,male
Арчу,male
Аршад,male
Аршак,male
Аршалион,male
Аршалоз,male
Аршикахма,male
Аршлоз,male
Аршна,male
Арытай,male
Арьен,male
Аса,male
Асабай,male
Асабан,male
Асабе,male
Асав,male
Асагаджи,male
Асаго,male
Асад,male
Асадали,male
Асадула,male
Асадулла,male
Асадуллах,male
Асай,male
Асайхан,male
Асак,male
Асалав,male
Асали,male
Асамедин,male
Асамудин,male
Асан,male
Асанали,male
Асанбек,male
Асанбий,male
Асанхан,male
Асап,male
Асатур,male
Асау,male
Асаф,male
Асафий,male
Асах,male
Асахмат,male
Асаху,male
Асбег,male
Асбек,male
Асвад,male
Асвар,male
Асгат,male
Асданбек,male
Асджери,male
Асев,male
Аседула,male
Асельдер,male
Асеф,male
Аси,male
Асиа,male
Асилав,male
Асильдар,male
Асима,male
Асир,male
Асит,male
Асиф,male
Асиялав,male
Асиятилав,male
Аскал,male
Аскандар,male
Аскар,male
Аскер,male
Аскерали,male
Аскерби,male
Аскербий,male
Аскерхан,male
Аски,male
Аскольд,male
Аскуагу,male
Асламбей,male
Асламбек,male
Асламирза,male
Аслан,male
Асланбак,male
Асланбег,male
Асланбей,male
Асланбек,male
Асланби,male
Асланбий,male
Аслангери,male
Аслангерий,male
Аслангирей,male
Асланджерий,male
Асланико,male
Асланкуаз,male
Асланкуз,male
Асланмыкуа,male
Аслануко,male
Асланхан,male
Асланчерий,male
Асланыкуа,male
Асланыркуа,male
Аслахан,male
Аслер,male
Аслу,male
Аслудин,male
Асма,male
Асмалав,male
Асмодей,male
Асоважи,male
Аспар,male
Асрепил,male
Асрет,male
Асретуллах,male
Аста,male
Астамыр,male
Астан,male
Астана,male
Астарбек,male
Астархан,male
Астеист,male
Астемир,male
Астен,male
Астик,male
Астынгаз,male
Асу,male
Асул,male
Асултан,male
Асункай,male
Асуха,male
Асухаджи,male
Асухан,male
Асхаб,male
Асхабав,male
Асхабали,male
Асхабдибир,male
Асхабир,male
Асхабмагомед,male
Асхабомар,male
Асхад,male
Асхат,male
Ата,male
Атабай,male
Атабей,male
Атабек,male
Атаби,male
Атав,male
Атагаджи,male
Атагажи,male
Атагиши,male
Атай,male
Атакай,male
Атакиши,male
Аталав,male
Атали,male
Атаниа,male
Атарбек,male
Атата,male
Атахмада,male
Атахмат,male
Атби,male
Атей,male
Атем,male
Атембег,male
Ати,male
Атиа,male
Атила,male
Атит,male
Аткуа,male
Атлагикуа,male
Атлагуба,male
Атлака,male
Атлан,male
Атлапсыка,male
Атларуджан,male
Атласкан,male
Атласхан,male
Атли,male
Атлохале,male
Атлу,male
Атлухан,male
Атлы,male
Атлыгиши,male
Атлыху,male
Атмырза,male
Атов,male
Атоси,male
Атохали,male
Атрач,male
Атрей,male
Атреч,male
Атрышба,male
Атсалам,male
Атто,male
Ату,male
Атулав,male
Атхва,male
Ауар,male
Аубекир,male
Аугиан,male
Аугусто,male
Ауд,male
Ауес,male
Аузби,male
Аулядин,male
Аун,male
Аурыс,male
Ауф,male
Ауыр,male
Ауэс,male
Афай,male
Афако,male
Афанас,male
Афанасий,male
Афган,male
Афелдыш,male
Афиз,male
Афил,male
Афиноген,male
Афон,male
Афсадаг,male
Аха,male
Ахав,male
Ахад,male
Ахалав,male
Ахалай,male
Ахам,male
Ахан,male
Ахат,male
Ахата,male
Ахберди,male
Ахбердилав,male
Ахбол,male
Ахболат,male
Ахбололат,male
Ахед,male
Ахиа,male
Ахиллес,male
Ахильчи,male
Ахим,male
Ахкубек,male
Ахлак,male
Ахло,male
Ахлоу,male
Ахма,male
Ахмагаджи,male
Ахмад,male
Ахмадав,male
Ахмади,male
Ахмадибир,male
Ахмадилав,male
Ахмажыр,male
Ахмакан,male
Ахмат,male
Ахматбей,male
Ахматихма,male
Ахматыр,male
Ахмед,male
Ахмедага,male
Ахмедбек,male
Ахмедгаджи,male
Ахмедкади,male
Ахмедсаид,male
Ахмедсолта,male
Ахмедсултан,male
Ахмедула,male
Ахмедулбадави,male
Ахмедуллах,male
Ахмедхан,male
Ахмелудин,male
Ахмет,male
Ахметеч,male
Ахметхан,male
Ахмутбей,male
Ахмытбей,male
Ахомгот,male
Ахпол,male
Ахполат,male
Ахра,male
Ахраж,male
Ахраман,male
Ахсаган,male
Ахсан,male
Ахсар,male
Ахсарат,male
Ахсарбек,male
Ахсартаг,male
Ахсинав,male
Ахсниф,male
Ахсубалав,male
Ахта,male
Ахтай,male
Ахтала,male
Ахтаниа,male
Ахтем,male
Ахтоула,male
Аху,male
Ахунд,male
Ахурбек,male
Ахучилав,male
Ахша,male
Аца,male
Ацамаз,male
Аци,male
Ациали,male
Ацибагомед,male
Ацик,male
Ацимагомед,male
Ача,male
Ачакан,male
Ачала,male
Ачилав,male
Ачныр,male
Аша,male
Аша-папа,male
Ашалав,male
Ашамез,male
Ашар,male
Ашаргуна,male
Ашахан,male
Ашда,male
Ашикилав,male
Ашим,male
Ашкуа,male
Ашла,male
Ашмагомед,male
Ашнедж,male
Ашот,male
Ашраф,male
Аштырхан,male
Ашуа,male
Ашуг,male
Ашум,male
Ашур,male
Ашуралав,male
Ашурали,male
Ашурбек,male
Ашурилав,male
Ашханг,male
Ашхангери,male
Ашханцви,male
Ащик,male
Аюб,male
Аюбхан,male
Аяз,male
Аясав,male
Баадал,male
Баакынт,male
Баалоу,male
Баатергери,male
Баауата,male
Баач,male
Баашта,male
Баб,male
Бабадалав,male
Бабай,male
Бабаку,male
Бабал,male
Бабала,male
Бабалиа,male
Бабаныкиа,male
Бабас,male
Бабасыкиа,male
Бабат,male
Бабах,male
Бабахан,male
Бабаш,male
Бабашы,male
Бабб,male
Бабек,male
Баби,male
Бабиджон,male
Бабий,male
Бабир,male
Баблика,male
Бабу,male
Бабули,male
Бабур,male
Бабыгу,male
Бабыз,male
Бабына,male
Бабыр,male
Бабыш,male
Бабышбей,male
Баватин,male
Баг,male
Бага,male
Багав,male
Багавдин,male
Багавутдин,male
Багадин,male
Багадур,male
Багажв,male
Багалав,male
Багар,male
Багарав,male
Багаса,male
Багатар,male
Багатир,male
Багатур,male
Багатыр,male
Багаудин,male
Багаутдин,male
Багга,male
Багда,male
Багдади,male
Багду,male
Багдулав,male
Багилав,male
Багир,male
Багирча,male
Багирчалав,male
Багичу,male
Багиш,male
Багкери,male
Баглар,male
Баглачын,male
Багомедали,male
Багра,male
Баграм,male
Баграт,male
Багриа,male
Багу,male
Багуа,male
Багуадж,male
Багуажв,male
Багуаза,male
Багугу,male
Багуж,male
Багужа,male
Багужалав,male
Багуза,male
Багхуху,male
Багы,male
Багыр,male
Бада,male
Бадави,male
Бадайламагомед,male
Бадак,male
Бадакиа,male
Бадала,male
Бадан,male
Баданыкуа,male
Бадарга,male
Бадат,male
Бадах,male
Бадахан,male
Бадбу,male
Бадга,male
Бадгу,male
Бадгуала,male
Бадджери,male
Баде,male
Бадел,male
Бадж,male
Баджа,male
Баджала,male
Баджга,male
Баджгама,male
Баджгана,male
Баджгу,male
Баджгуа,male
Баджгул,male
Баджгур,male
Баджигу,male
Баджил,male
Баджир,male
Баджул,male
Бадз,male
Бадза,male
Бадзанаг,male
Бадзис,male
Бади,male
Бадиноко,male
Бадир,male
Бадирхан,male
Бадис,male
Бадиш,male
Бадра,male
Бадрак,male
Бадраху,male
Бадри,male
Бадритдин,male
Бадру,male
Бадруддин,male
Бадрудин,male
Бадрула,male
Баду,male
Бадчери,male
Бадыгу,male
Бадын,male
Бадюр,male
Бадюртдюн,male
Баезид,male
Бает,male
Баж,male
Бажа,male
Бажай,male
Бажала,male
Бажгуа,male
Бажгуала,male
Бажен,male
Бажырца,male
Баз,male
База,male
Базагу,male
Базагуа,male
Базала,male
Базалай,male
Базалбей,male
Базаракуа,male
Базарбай,male
Базарган,male
Базаркан,male
Базаха,male
Базгат,male
Баззе,male
Бази,male
Базик,male
Базир,male
Базих,male
Базрыкуа,male
Базтуман,male
Базтыкуа,male
Базу,male
Базук,male
Базы,male
Базык,male
Базырбак,male
Базыркан,male
Баитмер,male
Баиудан,male
Бай,male
Байали,male
Байаслан,male
Байбетир,male
Байбулди,male
Байбун,male
Байбут,male
Байг,male
Байгазы,male
Байгиши,male
Байдемир,male
Байзет,male
Байку,male
Байлулав,male
Баймагомед,male
Байманбет,male
Баймарза,male
Баймирза,male
Баймурза,male
Баймырза,male
Байрак,male
Байрам,male
Байрамали,male
Байрамбек,male
Байрамберди,male
Байрамгазы,male
Байремет,male
Байсангур,male
Байсунгур,male
Байтаза,male
Байтемир,male
Байтерек,male
Байту,male
Бак,male
Бака,male
Бакала,male
Бакар,male
Бакарбек,male
Баки,male
Бакиамырза,male
Бакиатор,male
Бакиз,male
Бакир,male
Бакирбей,male
Баккан,male
Бакке,male
Бакмырза,male
Бакри,male
Бакуагун,male
Бакуакуи,male
Бакуар,male
Бакуку,male
Бакура,male
Бакут,male
Бала,male
Балабек,male
Баладти,male
Балай,male
Балакардаш,male
Балакерим,male
Баламет,male
Баламирзе,male
Баламут,male
Баласи,male
Балатоко,male
Балау,male
Балафенди,male
Балахан,male
Балаш,male
Балаширин,male
Балгиа,male
Балгиси,male
Балгу,male
Балев,male
Балзинай,male
Балиль,male
Балиоз,male
Баллан,male
Бало,male
Балта,male
Балуги,male
Баля,male
Баляца,male
Бамат,male
Баматгирей,male
Бамбат,male
Баммат,male
Бамматхан,male
Бамхуху,male
Бана,male
Банджа,male
Бани,male
Банца,male
Баппе,male
Баппу,male
Бапхуху,male
Барак,male
Баракай,male
Баракан,male
Бараках,male
Бараматлы,male
Барасби,male
Барат,male
Баратилав,male
Бараха,male
Барацыкуа,male
Баргиш,male
Баргуал,male
Бард,male
Бардга,male
Бардуша,male
Бардыгу,male
Барзулав,male
Барзыху,male
Бари,male
Барик,male
Барикуа,male
Барин,male
Баринильмагомед,male
Барисби,male
Бариш,male
Баришыц,male
Баркалав,male
Баркали,male
Барке,male
Барна,male
Барнаб,male
Барнаба,male
Бароко,male
Барон,male
Барта,male
Бартен,male
Барти,male
Бартимагома,male
Бартихан,male
Барух,male
Бархан,male
Бархулав,male
Барцу,male
Барцулав,male
Баса,male
Басаиан,male
Басиат,male
Басил,male
Басила,male
Басир,male
Баслангур,male
Басман,male
Басныкиа,male
Басныху,male
Басри,male
Бастакуа,male
Бастамин,male
Бастыкуа,male
Басхан,male
Басыр,male
Бат,male
Бата,male
Батако,male
Батакуа,male
Батал,male
Баталав,male
Баталбей,male
Баталби,male
Баталгирей,male
Баталии,male
Батамей,male
Батангери,male
Батар,male
Батарбек,male
Батаргирей,male
Батат,male
Батач,male
Батгирей,male
Батей,male
Бати,male
Батиа,male
Батил,male
Батилмирза,male
Батиома,male
Батир,male
Батирбий,male
Батиргаджи,male
Батирхан,male
Батиса,male
Баткуеи,male
Баткуку,male
Батла,male
Батлама,male
Батмагомед,male
Батман,male
Батмирза,male
Батмырза,male
Батоко,male
Батраз,male
Батрбек,male
Бату,male
Батук,male
Батул,male
Батулав,male
Батшиз,male
Батыза,male
Батыиу,male
Батыкуа,male
Батыр,male
Батыр-Гирей,male
Батыраз,male
Батырбей,male
Батырбек,male
Батырби,male
Батыргаджи,male
Батыргазы,male
Батыргерей,male
Батырзаг,male
Батырмурза,male
Батырмырза,male
Батырхан,male
Батыршах,male
Батыт,male
Бауа,male
Баубек,male
Баудди,male
Бауддин,male
Баудин,male
Баул,male
Бах,male
Баха,male
Бахав,male
Бахада,male
Бахадур,male
Бахарчи,male
Бахаудин,male
Бахмырза,male
Бахрам,male
Бахричи,male
Бахрудин,male
Бахсан,male
Бахсантлюру,male
Бахсит,male
Бахтан,male
Бахтияр,male
Бахтумага,male
Баху,male
Бахуа,male
Бахуд,male
Бахулав,male
Бахут,male
Бахчерий,male
Бахши,male
Баца,male
Бацав,male
Бацал,male
Бацахмед,male
Баце,male
Бацику,male
Бацикула,male
Бацко,male
Бацмагомед,male
Бацук,male
Бач,male
Бача,male
Бачаналав,male
Бачи,male
Бачирбек,male
Бачо,male
Бачче,male
Баччери,male
Бачыр,male
Баш,male
Башалиа,male
Башар,male
Башбетар,male
Башил,male
Башилав,male
Башина,male
Башир,male
Баширбек,male
Баширхан,male
Баширхма,male
Башиху,male
Башиш,male
Башлиа,male
Башныкуа,male
Башныху,male
Башныхэ,male
Баштар,male
Башто,male
Башхут,male
Башхуху,male
Башыцгыды,male
Баяз,male
Баян,male
Бгажв,male
Бдаху,male
Бдиго,male
Бебта,male
Бебтоу,male
Бег,male
Бега,male
Бегав,male
Бегаз,male
Бегаза,male
Бегай,male
Бегали,male
Бегаомар,male
Беглар,male
Беглер,male
Беглерхан,male
Бегли,male
Бегмирза,male
Бегсултан,male
Бегуа,male
Бедев,male
Бедел,male
Беджиза,male
Бедзенаг,male
Бедилах,male
Бедир,male
Бедирхан,male
Бедрак,male
Бедредин,male
Бедта,male
Бедулах,male
Бедыж,male
Бежан,male
Безруко,male
Беибтоу,male
Бей,male
Бейбала,male
Бейбилат,male
Бейбйлат,male
Бейбул,male
Бейбулат,male
Бейбут,male
Бейдуллах,male
Бейсагур,male
Бейсултан,male
Бейтемур,male
Бек,male
Бека,male
Бекан,male
Бекбаммат,male
Бекберд,male
Бекберди,male
Бекболат,male
Бекбот,male
Бекбулат,male
Бекербек,male
Бекет,male
Беки,male
Бекиза,male
Бекир,male
Бекирби,male
Беккан,male
Беккузар,male
Бекманбет,male
Бекмарза,male
Бекмиз,male
Бекмирза,male
Бекмурад,male
Бекмурза,male
Бексолта,male
Бексолтан,male
Бексултан,male
Бектемир,male
Бекуа,male
Бекхан,male
Белал,male
Белан,male
Белкан,male
Белсмук,male
Бельду,male
Беляхан,male
Бембулат,male
Бемырза,male
Бен,male
Бенедикт,male
Бениа,male
Бено,male
Бенуа,male
Беньямин,male
Бер,male
Берд,male
Берди,male
Бердыбек,male
Берекет,male
Берем,male
Берзыху,male
Бери,male
Беригман,male
Берилав,male
Берислав,male
Берки,male
Беркихан,male
Берку,male
Беркут,male
Бернар,male
Бернард,male
Бернихалил,male
Бернхард,male
Беро,male
Берса,male
Берсан,male
Берсанук,male
Берснака,male
Берснако,male
Бертольд,male
Берук,male
Беруке,male
Берцинав,male
Берч,male
Бес,male
Беса,male
Бесагур,male
Бесарион,male
Беселав,male
Бесик,male
Бесламби,male
Беслан,male
Бесо,male
Бестау,male
Бета,male
Бетал,male
Бетар,male
Бетаршайх,male
Бетре,male
Бехо,male
Беца,male
Бецав,male
Бецо,male
Беч,male
Бечаро,male
Бечи,male
Бечир,male
Бечирбек,male
Бечирби,male
Бечмирза,male
Бешта,male
Бешто,male
Бза,male
Бзагиаус,male
Бзагу,male
Бзакиаус,male
Бзи,male
Бзиа,male
Бзоу,male
Биа,male
Биандор,male
Биас,male
Биаслан,male
Биберд,male
Бибилав,male
Бибо,male
Биболат,male
Биболет,male
Биболт,male
Бибот,male
Бибулат,male
Бибца,male
Бигачу,male
Бигачулав,male
Бигда,male
Бид,male
Бида,male
Бидад,male
Бидач,male
Бидз,male
Бидза,male
Бидзеу,male
Бидзиго,male
Бидзина,male
Бидзих,male
Бидиго,male
Бидирхан,male
Бидула,male
Бижа,male
Бижан,male
Бизи,male
Бий,male
Бийакай,male
Бийарслан,male
Бийбала,male
Бийбарс,male
Бийболат,male
Бийбулат,male
Бийгерей,male
Бийгирей,male
Биймагомед,male
Биймурза,male
Бийсолтан,male
Бийтемир,male
Бийтулла,male
Била,male
Билал,male
Билар,male
Билау,male
Биле,male
Билкасум,male
Билл,male
Бильдо,male
Билю,male
Биля,male
Биляль,male
Бимарза,male
Бимбол,male
Бимболат,male
Бимирза,male
Бинагу,male
Биназ,male
Бинаку,male
Бинакуа,male
Биндз,male
Бинет,male
Бини,male
Биньямин,male
Бирагим,male
Бирак,male
Бирам,male
Бирдыгу,male
Бирибек,male
Биринк,male
Бирихин,male
Биронк,male
Биса,male
Бисакай,male
Бислам,male
Бислан,male
Бисолта,male
Бисолтан,male
Бисри,male
Бисултан,male
Бита,male
Битакуа,male
Битамир,male
Битар,male
Битил,male
Битир,male
Битка,male
Битлеустен,male
Битлостан,male
Бито,male
Битто,male
Битту,male
Битцеу,male
Бихдо,male
Биц,male
Бица,male
Бици,male
Бицо,male
Бичалав,male
Бичек,male
Бичоахмед,male
Бичупал,male
Биытта,male
Биюв,male
Биякай,male
Бияслан,male
Бласка,male
Блат,male
Блашка,male
Блос,male
Блыкай,male
Блянашу,male
Бнагу,male
Боб,male
Боба,male
Бобо,male
Богаш,male
Богдан,male
Богумил,male
Божола,male
Бозарко,male
Бозигит,male
Бозйигит,male
Бозурка,male
Бокалав,male
Бола,male
Болат,male
Болатхан,male
Болеслав,male
Болет,male
Боли,male
Болка,male
Болот,male
Болугамед,male
Бон,male
Бонавентура,male
Бонда,male
Бонифаций,male
Боол,male
Боппи,male
Бора,male
Бораган,male
Борамгазы,male
Боранбай,male
Бордзеу,male
Борен,male
Борза,male
Бори,male
Борик,male
Борис,male
Борисби,male
Борислав,male
Борнов,male
Борныр,male
Борсар,male
Боря,male
Босе,male
Бот,male
Ботаз,male
Боци,male
Бочи,male
Браг,male
Брагим,male
Бранислав,male
Брег,male
Брендан,male
Брендон,male
Брихин,male
Бронислав,male
Брэд,male
Брэдли,male
Брэндон,male
Буб,male
Буба,male
Бубахан,male
Бубахва,male
Буберд,male
Бублеи,male
Бубу,male
Бубуз,male
Бубуцка,male
Бувойсар,male
Буга,male
Бугала,male
Буган,male
Бугдан,male
Бугу,male
Буда,male
Будааш,male
Будаг,male
Будагилав,male
Будай,male
Будайхан,male
Будайчи,male
Будгу,male
Будж,male
Буджга,male
Будзга,male
Будзи,male
Будзиго,male
Будзо,male
Будзу,male
Будзукка,male
Будзум,male
Будра,male
Будрин,male
Будта,male
Буду,male
Будуг,male
Будун,male
Будухав,male
Будчи,male
Бужи,male
Бузай,male
Бузи,male
Бузу,male
Буйсури,male
Бука,male
Букар,male
Букмагомед,male
Була,male
Булат,male
Булатгаджи,male
Булатхан,male
Булач,male
Булачхан,male
Булбул,male
Булбулав,male
Булка,male
Булкадар,male
Булкадир,male
Булкак,male
Булкон,male
Булос,male
Буниямин,male
Буньям,male
Буньямин,male
Буньямудин,male
Бурав,male
Бурак,male
Бурахай,male
Бурган,male
Бурганутдин,male
Бурдав,male
Бурди,male
Буржали,male
Буржун,male
Бурзи,male
Бурзухан,male
Бурлаг,male
Бурни,male
Бурти,male
Бурумилав,male
Бурунчи,male
Бурут,male
Бурхан,male
Бут,male
Бута,male
Бутай,male
Бутуз,male
Бутуш,male
Бутху,male
Бухан,male
Бухар,male
Бухарбек,male
Бухари,male
Бухсай,male
Бухуломар,male
Буц,male
Буца,male
Буцай,male
Буцал,male
Буцо,male
Буцу,male
Буцула,male
Бучук,male
Быб,male
Быба,male
Быбр,male
Быбра,male
Быг,male
Быга,male
Быгда,male
Быгу,male
Быгуа,male
Быгура,male
Быд,male
Быдач,male
Быдгу,male
Быдж,male
Быджа,male
Быджга,male
Быджгуа,male
Быджгуарат,male
Быджгур,male
Быдрыгу,male
Бызи,male
Бызрыкуа,male
Быка,male
Быкмырза,male
Была,male
Быргхан,male
Бырда,male
Бырдыгу,male
Бырз,male
Бырза,male
Бырзен,male
Бырзык,male
Бырзыкуа,male
Бырса,male
Бырсыр,male
Бырфын,male
Быт,male
Быц,male
Быч,male
Быча,male
Бычок,male
Бычыр,male
Бюрни,male
Бяга,male
Бягбай,male
Бягу,male
Бязрук,male
Бялчай,male
Бятут,male
Бяхязи,male
Ваагн,male
Вагаб,male
Вагап,male
Вагид,male
Вагит,male
Вагиф,male
Вагылла,male
Ваджиб,male
Вадик,male
Вадим,male
Вадрудди,male
Вадуд,male
Важа,male
Важит,male
Ваз,male
Вазбер,male
Вазильхан,male
Вазир,male
Вазирбек,male
Вазиритдин,male
Вазирхан,male
Вазиф,male
Вазно,male
Ваит,male
Вайламмат,male
Вайс,male
Вайсул,male
Вайсулкаранум,male
Вайсулкуран,male
Вакил,male
Вакиль,male
Вако,male
Валдар,male
Валези,male
Валентино,male
Валери,male
Валериан,male
Валерий,male
Валерик,male
Валерьян,male
Валечка,male
Вали,male
Вали-Адзи,male
Валиабдулла,male
Валигана,male
Валид,male
Валиидзи,male
Валик,male
Валико,male
Валикуа,male
Валилав,male
Валимагомед,male
Валихан,male
Валиюлла,male
Валиюсуп,male
Валкачан,male
Валттери,male
Валхаг,male
Вальтер,male
Валя,male
Вамма,male
Ванат,male
Ванати,male
Вангель,male
Ванез,male
Вано,male
Ванчка,male
Ваня,male
Ванёк,male
Вара,male
Варазилав,male
Варах,male
Варачан,male
Вардан,male
Варден,male
Вари,male
Варис,male
Варкай,male
Варки,male
Варлаам,male
Варлам,male
Варсонофий,male
Варсул,male
Вартан,male
Варух,male
Варх,male
Вархгаджи,male
Варчо,male
Васа,male
Василий,male
Василь,male
Василёк,male
Васка,male
Васо,male
Вассарион,male
Вася,male
Ваха,male
Вахад,male
Вахарсолта,male
Вахбий,male
Вахи,male
Вахид,male
Вахидин,male
Вахиз,male
Вахийта,male
Вахил,male
Вахо,male
Вахраг,male
Вахтанг,male
Вацилав,male
Ваччав,male
Ваччи,male
Ваша,male
Ведер,male
Веза,male
Везир,male
Везирхан,male
Вейсел,male
Велемир,male
Вели,male
Велибек,male
Велимет,male
Велимир,male
Велимурад,male
Велиуллах,male
Велихан,male
Велиюллах,male
Венгери,male
Венедикт,male
Венеция,male
Вениамин,male
Венсан,male
Верба,male
Верди,male
Вердихан,male
Вернер,male
Вечилав,male
Вианор,male
Вивиан,male
Видад,male
Видади,male
Виджай,male
Викагаджи,male
Викама,male
Викамамма,male
Виката,male
Викел,male
Викентий,male
Виктор,male
Вилай,male
Вилен,male
Виленин,male
Вили,male
Вилибек,male
Вилкин,male
Виллем,male
Вилли,male
Виллиан,male
Вилор,male
Виль,male
Вильгельм,male
Вильгим,male
Вильям,male
Винор,male
Винсент,male
Вирджил,male
Виса,male
Висав,male
Висал,male
Висалгирей,male
Висангирей,male
Висар,male
Висель,male
Висингири,male
Висита,male
Висхан,male
Виталиан,male
Виталий,male
Виталик,male
Вито,male
Витольд,male
Витя,male
Виццав,male
Виштал,male
Вишти,male
Виштиали,male
Виштигаджи,male
Виштимагомед,male
Влад,male
Владик,male
Владилен,male
Владильен,male
Владимир,male
Владислав,male
Владлен,male
Влас,male
Вова,male
Вовочка,male
Вогулук,male
Водик,male
Воин,male
Войцех,male
Володиа,male
Володка,male
Володя,male
Вольфганг,male
Воля,male
Вомар,male
Вори,male
Ворошил,male
Восман,male
Воха,male
Всеволод,male
Вуди,male
Вудро,male
Вухума,male
Вухумаали,male
Выта,male
Вяту,male
Вячеслав,male
Габа,male
Габалав,male
Габало,male
Габарти,male
Габас,male
Габати,male
Габаттан,male
Габаци,male
Габаш,male
Габдин,male
Габдул,male
Габе,male
Габжа,male
Габз,male
Габза,male
Габи,male
Габиб,male
Габибала,male
Габибулах,male
Габибулла,male
Габибуллах,male
Габид,male
Габидула,male
Габил,male
Габила,male
Габиломар,male
Габис,male
Габко,male
Габо,male
Габовак,male
Габола,male
Габор,male
Габоси,male
Габоци,male
Габран,male
Габрел,male
Габриа,male
Габриэл,male
Габрон,male
Габруска,male
Габу,male
Габуа,male
Габудти,male
Габула,male
Габули,male
Габуса,male
Габуц,male
Габуца,male
Габуци,male
Габуча,male
Габыс,male
Габыц,male
Гавди,male
Гавриил,male
Гаврик,male
Гаврил,male
Гаврила,male
Гаврушка,male
Гаврюша,male
Гаг,male
Гага,male
Гагат,male
Гаге,male
Гаги,male
Гагик,male
Гагка,male
Гагу,male
Гагудз,male
Гагула,male
Гагуса,male
Гагуч,male
Гада,male
Гадагко,male
Гадаго,male
Гадад,male
Гадай,male
Гадала,male
Гадари,male
Гадачко,male
Гадаш,male
Гадвыра,male
Гаде,male
Гадели,male
Гаджа,male
Гаджгирей,male
Гадже,male
Гаджеда,male
Гаджи,male
Гаджи-Ада,male
Гаджи-Гусейн,male
Гаджи-Магомед,male
Гаджиабас,male
Гаджиабдулла,male
Гаджиага,male
Гаджиака,male
Гаджиакай,male
Гаджиали,male
Гаджиата,male
Гаджиатта,male
Гаджиахмед,male
Гаджибаба,male
Гаджибай,male
Гаджибала,male
Гаджибег,male
Гаджибек,male
Гаджибуба,male
Гаджибута,male
Гаджибутай,male
Гадживахид,male
Гадживерди,male
Гаджигерей,male
Гаджигирей,male
Гаджигиши,male
Гаджигоро,male
Гаджигусейн,male
Гаджид,male
Гаджида,male
Гаджидавуд,male
Гаджидада,male
Гаджидауд,male
Гаджижамал,male
Гаджижелил,male
Гаджииса,male
Гаджикади,male
Гаджикасум,male
Гаджикерим,male
Гаджико,male
Гаджикулав,male
Гаджикурбан,male
Гаджикутай,male
Гаджила,male
Гаджилав,male
Гаджим,male
Гаджима,male
Гаджимагома,male
Гаджимагомед,male
Гаджимамма,male
Гаджимардан,male
Гаджимат,male
Гаджимахмуд,male
Гаджимет,male
Гаджимирза,male
Гаджимирзе,male
Гаджимислим,male
Гаджимурад,male
Гаджимурат,male
Гаджимурза,male
Гаджимуса,male
Гаджимуси,male
Гаджимуслим,male
Гаджимустапа,male
Гаджимустафа,male
Гаджиомар,male
Гаджиомари,male
Гаджиуллах,male
Гаджихан,male
Гаджихма,male
Гаджишарип,male
Гаджиэфенди,male
Гаджияв,male
Гаджиядибир,male
Гаджиясулав,male
Гаджиясулмагомед,male
Гаджыдж,male
Гадзаго,male
Гадзала,male
Гадзара,male
Гадзбе,male
Гадзибе,male
Гадзиго,male
Гадзо,male
Гадзыгу,male
Гади,male
Гадигулла,male
Гадис,male
Гадисилав,male
Гадо,male
Гадун,male
Гадуне,male
Гадуни,male
Гадыз,male
Гаж,male
Гажа,male
Гажалав,male
Гажалалдан,male
Газагаджи,male
Газак,male
Газали,male
Газан,male
Газанап,male
Газанфар,male
Газацци,male
Газер,male
Гази,male
Гази-Магомед,male
Газиада,male
Газибек,male
Газидибир,male
Газидибирав,male
Газий,male
Газик,male
Газилав,male
Газимагомед,male
Газимат,male
Газимбек,male
Газимирза,male
Газихан,male
Газич,male
Газичулав,male
Газияв,male
Газлиан,male
Газу,male
Газумагомед,male
Газун,male
Газыр,male
Гаирбег,male
Гаис,male
Гай,male
Гайбаш,male
Гайда,male
Гайдав,male
Гайдалав,male
Гайдар,male
Гайдарали,male
Гайдарбег,male
Гайдарбеггаджи,male
Гайдархан,male
Гайдук,male
Гайзютдюн,male
Гаймирза,male
Гайнутдин,male
Гайрбек,male
Гайсултан,male
Гайсун,male
Гайталав,male
Гайтимур,male
Гайтуку,male
Гайши,male
Гакий,male
Гал,male
Галав,male
Галакти,male
Галактион,male
Галау,male
Галбац,male
Галбец,male
Галиб,male
Галий,male
Галилео,male
Галим,male
Галихан,male
Гало,male
Гамав,male
Гамадали,male
Гамадар,male
Гамажла,male
Гамауа,male
Гамачулав,male
Гамбат,male
Гамбол,male
Гамбулат,male
Гамджыдж,male
Гамза,male
Гамзаали,male
Гамзабек,male
Гамзадада,male
Гамзадибир,male
Гамзалав,male
Гамзат,male
Гамзатбек,male
Гами,male
Гамид,male
Гамидуллах,male
Гамин,male
Гамиса,male
Гамлаз,male
Гамма,male
Гаммада,male
Гаммай,male
Гамсарат,male
Гамсаса,male
Гамсудин,male
Гаму,male
Гамшаш,male
Гамыдж,male
Ган,male
Ганадта,male
Ганаз,male
Ганамат,male
Ганапи,male
Ганга,male
Ганда,male
Гандалав,male
Гандзе,male
Гандил,male
Ганец,male
Ганиа,male
Ганиго,male
Ганипа,male
Ганифа,male
Ганиш,male
Ганкалав,male
Гано,male
Ганта,male
Гантай,male
Ганте,male
Гантигулав,male
Гантимур,male
Ганту,male
Гантула,male
Гантута,male
Ганхи,male
Ганцав,male
Ганци,male
Ганцу,male
Ганя,male
Гапалав,male
Гапар,male
Гапиз,male
Гаппо,male
Гапуа,male
Гапур,male
Гапча,male
Гара,male
Гарац,male
Гардам,male
Гарет,male
Гариб,male
Гарик,male
Гариман,male
Гарис,male
Гармыдж,male
Гарольд,male
Гарс,male
Гарса,male
Гарсеван,male
Гарсо,male
Гаруашбей,male
Гарун,male
Гарунбек,male
Гарунрашид,male
Гарут,male
Гаруша,male
Гарцук,male
Гас,male
Гасан,male
Гасанага,male
Гасанали,male
Гасанбег,male
Гасанбей,male
Гасанбек,male
Гасанбуба,male
Гасангаджи,male
Гасангусейн,male
Гасандибир,male
Гасанилав,male
Гасанкади,male
Гасанкадыр,male
Гасанмирза,male
Гасанмурад,male
Гасано,male
Гасанхаджияв,male
Гасанхан,male
Гасга,male
Гасен,male
Гасила,male
Гаспар,male
Гаспо,male
Гаср,male
Гаста,male
Гастан,male
Гастон,male
Гатагаз,male
Гатал,male
Гатам,male
Гатара,male
Гати,male
Гауаша,male
Гафар,male
Гафиз,male
Гаха,male
Гаху,male
Гаца,male
Гаци,male
Гацир,male
Гацу,male
Гацци,male
Гацыр,male
Гач,male
Гача,male
Гачаг,male
Гаче,male
Гачир,male
Гачка,male
Гачу,male
Гаш,male
Гашат,male
Гашег,male
Гашим,male
Гаяге,male
Гвади,male
Гванзилав,male
Гварзатилав,male
Гваччав,male
Гвохо,male
Гджин,male
Гдзына,male
Гди,male
Гды,male
Гдыж,male
Гдын,male
Гдыч,male
Гебек,male
Геберт,male
Гега,male
Гегки,male
Гегу,male
Гегула,male
Гегуна,male
Геда,male
Гедж,male
Гедлач,male
Геза,male
Гезер,male
Гейб,male
Гейбат,male
Гейдар,male
Гела,male
Гелан,male
Гелаха,male
Гелега,male
Геледа,male
Гелим,male
Гелич,male
Гелула,male
Гель,male
Гельмут,male
Гена,male
Генадий,male
Генарук,male
Генка,male
Геннадий,male
Генри,male
Генрик,male
Генрих,male
Гентав,male
Геня,male
Геоли,male
Геор,male
Георг,male
Георгий,male
Гераклит,male
Геральд,male
Герас,male
Герасим,male
Герасма,male
Герберт,male
Гервасий,male
Герга,male
Герги,male
Гергилав,male
Гергуал,male
Герей,male
Герейхан,male
Герек,male
Герекав,male
Герекли,male
Герзали,male
Гери,male
Геримхан,male
Герма,male
Герман,male
Германн,male
Гермени,male
Гермоген,male
Герой,male
Геронтий,male
Герсан,male
Гертруд,male
Герхард,male
Герч,male
Гета,male
Геха,male
Гехуали,male
Геч,male
Гза,male
Гзел,male
Гиагиар,male
Гиадж,male
Гиадлач,male
Гиакуа,male
Гиара,male
Гиарасма,male
Гиарг,male
Гиаргуабей,male
Гиаргуал,male
Гиатиа,male
Гиац,male
Гиач,male
Гибилав,male
Гибцо,male
Гиви,male
Гига,male
Гигант,male
Гигил,male
Гигили,male
Гигла,male
Гиго,male
Гигола,male
Гигуа,male
Гигуц,male
Гид,male
Гида,male
Гидалти,male
Гидж,male
Гиди,male
Гидо,male
Гидури,male
Гидурим,male
Гижа,male
Гижи,male
Гизел,male
Гизер,male
Гийом,male
Гикало,male
Гикла,male
Гилани,male
Гилахай,male
Гилач,male
Гили,male
Гильерме,male
Гильермо,male
Гиляхстан,male
Гимбат,male
Гимбатгаджи,male
Гимус,male
Гиназ,male
Гинардук,male
Гинда,male
Гино,male
Гио,male
Гиоргий,male
Гиппа,male
Гира,male
Гирав,male
Гирай,male
Гирандуко,male
Гирга,male
Гиргуал,male
Гирей,male
Гиримсултан,male
Гирихан,male
Гирма,male
Гирмасолта,male
Гита,male
Гитинав,male
Гитинавас,male
Гитиналав,male
Гитинамагома,male
Гитинамагомед,male
Гитинамагомедгаджияв,male
Гитинаомар,male
Гитинасухма,male
Гитинахма,male
Гитинахума,male
Гитинкахма,male
Гитихма,male
Гитихмадибир,male
Гиуша,male
Гици,male
Гич,male
Гичилав,male
Гиччи,male
Гиччибек,male
Гиччиулан,male
Гия,male
Гленн,male
Гоба,male
Гобзалав,male
Гобрий,male
Говард,male
Гога,male
Гогас,male
Гоги,male
Гогиналгаджи,male
Гогка,male
Гогла,male
Гоглак,male
Гого,male
Гогурчун,male
Года,male
Годан,male
Годеллабазан,male
Годжа,male
Гозали,male
Гозоро,male
Гойберд,male
Гойбетир,male
Гойбулат,male
Гойгирей,male
Гойлубий,male
Гоймат,male
Гойсолта,male
Гойсум,male
Гойтемир,male
Гойти,male
Гокола,male
Гомас,male
Гомер,male
Гонколав,male
Гора,male
Горан,male
Горашбей,male
Горга,male
Гордей,male
Горди,male
Гордон,male
Горо,male
Горолав,male
Горочилав,male
Горчхан,male
Готлиб,male
Готфрид,male
Гоци,male
Гоциа,male
Гоча,male
Гоша,male
Грант,male
Граф,male
Графина,male
Грац,male
Грег,male
Грегори,male
Григка,male
Григол,male
Гричка,male
Гриш,male
Гриша,male
Гришина,male
Гришна,male
Грушбей,male
Гуабан,male
Гуабга,male
Гуага,male
Гуагу,male
Гуагуа,male
Гуагусан,male
Гуагуыла,male
Гуад,male
Гуада,male
Гуадал,male
Гуадала,male
Гуадгуад,male
Гуадж,male
Гуаджа,male
Гуаджаадза,male
Гуаджагиа,male
Гуаджадж,male
Гуаджала,male
Гуаджи,male
Гуаджуа,male
Гуадз,male
Гуадза,male
Гуадиа,male
Гуадмаж,male
Гуадыз,male
Гуаж,male
Гуаза,male
Гуазаза,male
Гуака,male
Гуакана,male
Гуакиа,male
Гуакуку,male
Гуамас,male
Гуамаса,male
Гуанджа,male
Гуаргуала,male
Гуас,male
Гуасар,male
Гуат,male
Гуатас,male
Гуатеи,male
Гуатиж,male
Гуауа,male
Гуацвара,male
Гуач,male
Гуача,male
Гуачына,male
Гуаша,male
Гуашамыда,male
Гуашана,male
Губа,male
Губади,male
Губай,male
Губат,male
Губахан,male
Губаш,male
Губден,male
Губе,male
Гугазиж,male
Гугай,male
Гуги,male
Гугиялхаджияв,male
Гуго,male
Гугу,male
Гугуа,male
Гугуй,male
Гугум,male
Гугун,male
Гугуни,male
Гугура,male
Гугут,male
Гугута,male
Гугуча,male
Гугуша,male
Гуд,male
Гуда,male
Гудал,male
Гудберд,male
Гудгуд,male
Гудж,male
Гуджа,male
Гуджба,male
Гуджидж,male
Гуджил,male
Гуджир,male
Гуджмахан,male
Гуджу,male
Гудза,male
Гудзба,male
Гудзбей,male
Гудзи,male
Гудзуна,male
Гуди,male
Гудиа,male
Гудибир,male
Гудиса,male
Гудпажв,male
Гудуа,male
Гудул,male
Гудыж,male
Гудым,male
Гудына,male
Гудыса,male
Гуеигуа,male
Гуеидза,male
Гуеилыхха,male
Гуеираби,male
Гуж,male
Гужа,male
Гужар,male
Гужв,male
Гужи,male
Гуза,male
Гузал,male
Гузер,male
Гузир,male
Гузун,male
Гуил,male
Гуинав,male
Гуйдалав,male
Гуйман,male
Гукетль,male
Гукешао,male
Гуккуомар,male
Гукмет,male
Гукыш,male
Гул,male
Гула,male
Гулаж,male
Гулакай,male
Гулгай,male
Гулдач,male
Гулджа,male
Гули,male
Гулиали,male
Гуливер,male
Гулик,male
Гуликуа,male
Гулилав,male
Гулла,male
Гуллаомар,male
Гулмад,male
Гулрыпш,male
Гулсар,male
Гулсын,male
Гулула,male
Гулхи,male
Гулчун,male
Гум,male
Гумайди,male
Гумаймуса,male
Гуман,male
Гумар,male
Гумача,male
Гумачо,male
Гумаш,male
Гумзаг,male
Гуми,male
Гумири,male
Гумке,male
Гумки,male
Гумфир,male
Гумца,male
Гумчша,male
Гумшва,male
Гумышни,male
Гуна,male
Гунаала,male
Гунат,male
Гунач,male
Гунаш,male
Гунащ,male
Гунга,male
Гундыш,male
Гуни,male
Гункармагомед,male
Гуно,male
Гуну,male
Гуны,male
Гупша,male
Гур,male
Гура,male
Гураку,male
Гурам,male
Гуранджиху,male
Гурген,male
Гурд,male
Гурдж,male
Гурдзгул,male
Гурдзибег,male
Гурдлаша,male
Гурдыгу,male
Гурий,male
Гурмет,male
Гурсман,male
Гуртали,male
Гурталилав,male
Гуру,male
Гуруй,male
Гуруч,male
Гурушмагома,male
Гурыл,male
Гурьян,male
Гуса,male
Гусар,male
Гусарук,male
Гусей,male
Гусейн,male
Гусейна,male
Гусейнали,male
Гусейнбала,male
Гусейнгаджи,male
Гусейнгази,male
Гусейнрамазан,male
Гусейнхан,male
Гусенилав,male
Гуски,male
Гуску,male
Гусни,male
Густав,male
Густаво,male
Густан,male
Гусунуй,male
Гут,male
Гута,male
Гутас,male
Гутсакиа,male
Гуту,male
Гутылса,male
Гуфир,male
Гухо,male
Гуца,male
Гуцур,male
Гуццак,male
Гуч,male
Гуча,male
Гучешау,male
Гучина,male
Гучипс,male
Гучипса,male
Гушиш,male
Гушка,male
Гушмазака,male
Гшлиак,male
Гыб,male
Гыбыл,male
Гыг,male
Гыгу,male
Гыгура,male
Гыгыр,male
Гыд,male
Гыда,male
Гыдж,male
Гыджа,male
Гыджин,male
Гыджна,male
Гыдзыл,male
Гыды,male
Гыдыж,male
Гыдын,male
Гыж,male
Гызмал,male
Гылуан,male
Гына,male
Гынджа,male
Гындыж,male
Гындыра,male
Гырджын,male
Гырша,male
Гыт,male
Гыцыс,male
Гыча,male
Гюзелбек,male
Гюлахмед,male
Гюлбала,male
Гюлмет,male
Гюлнасиб,male
Гюльмагомед,male
Гюльмамед,male
Гюнтер,male
Гюрчек,male
Гягу,male
Даази,male
Даамагомед,male
Дабагилав,male
Дабаго,male
Дабадж,male
Дабай,male
Дабе,male
Дабег,male
Дабех,male
Дабеч,male
Дабин,male
Дабла,male
Дабус,male
Дабши,male
Даварчи,male
Давди,male
Давид,male
Давидин,male
Давкуй,male
Давлат,male
Давлет,male
Давлетмирза,male
Давуд,male
Давудбек,male
Давудгаджи,male
Давудгаджияв,male
Давур,male
Давут,male
Давыд,male
Дагадж,male
Даган,male
Даганилав,male
Дагир,male
Даглар,male
Даго,male
Дагуа,male
Дагугу,male
Дагуж,male
Дагуча,male
Дагуыдж,male
Дад,male
Дада,male
Дадав,male
Дадагиши,male
Дадай,male
Дадакка,male
Дадала,male
Дадалав,male
Дадам,male
Дадах,male
Дадаци,male
Дадаш,male
Дадашбег,male
Дадгул,male
Дадж,male
Дадилав,male
Дадишамед,male
Дадлан,male
Дадо,male
Дадрыкуа,male
Дадта,male
Даду,male
Дадух,male
Дадхан,male
Дадхвык,male
Дадыку,male
Дадын,male
Дадыу,male
Дажв,male
Дазгур,male
Даим,male
Даир,male
Даитбег,male
Дайган,male
Дайди,male
Дайтав,male
Дайтилав,male
Дак,male
Дакиа,male
Дакка,male
Дакко,male
Даку,male
Дал,male
Дала,male
Далак,male
Даламбек,male
Далат,male
Далатбей,male
Далбаш,male
Далбей,male
Далгат,male
Далгатпаша,male
Далгатухайр,male
Далил,male
Далтыкуа,male
Далу,male
Дамагу,male
Дамагуа,male
Дамада,male
Дамадалав,male
Дамадан,male
Дамакиа,male
Дамани,male
Дамат,male
Дамеи,male
Дами,male
Дамин,male
Дамир,male
Дамрат,male
Дамш,male
Дамыкиацв,male
Дамыр,male
Дамыркан,male
Дамыркиацв,male
Дамышлак,male
Дан,male
Дана,male
Данакай,male
Данакей,male
Данаху,male
Дангули,male
Дандамай,male
Дандур,male
Даней,male
Данибек,male
Даниил,male
Данил,male
Данила,male
Данилбек,male
Данимагома,male
Даниэл,male
Даниэль,male
Даниял,male
Даниялбег,male
Даниялбек,male
Даниялсултан,male
Данияр,male
Дано,male
Даня,male
Дао,male
Дапар,male
Даппо,male
Дарасгиа,male
Дарата,male
Дарафей,male
Дарбищ,male
Дарджа,male
Дарихан,male
Дарищмагомед,male
Дарко,male
Даррен,male
Дарсам,male
Дарсамилав,male
Дарслам,male
Дарсман,male
Даруко,male
Дарчи,male
Дарчо,male
Дарыкуа,male
Даса,male
Дастамед,male
Дастин,male
Дасусултан,male
Дат,male
Датай,male
Датико,male
Датикуа,male
Датка,male
Даткуа,male
Дато,male
Датте,male
Дату,male
Датуша,male
Датыркан,male
Дауал,male
Даубек,male
Дауд,male
Дауд-Хаджи,male
Даудгаджи,male
Даудгирей,male
Даудилав,male
Даудмагомед,male
Даудмирза,male
Даулет,male
Даулетуко,male
Даур,male
Даурбег,male
Даурен,male
Даури,male
Даус,male
Даут,male
Даутбей,male
Дауыт,male
Дафа,male
Дах,male
Дахадада,male
Дахаир,male
Дахалав,male
Дахар,male
Дахду,male
Дахдухажи,male
Дахир,male
Дахту,male
Даху,male
Дахуас,male
Дахукуа,male
Дахухуа,male
Дахци,male
Дахцико,male
Даци,male
Дацилав,male
Дацман,male
Дач,male
Дача,male
Дачам,male
Дачка,male
Даш,male
Даша,male
Дашан,male
Дашана,male
Дашаныкуа,male
Дашаныху,male
Дашаныхуа,male
Дашдемир,male
Дашди,male
Даштемир,male
Дгуажв,male
Дгугу,male
Дгул,male
Дгула,male
Дгур,male
Дебола,male
Девдет,male
Девлет,male
Девлетгелди,male
Девлетгирей,male
Девлетмурза,male
Девлетукай,male
Девлетхан,male
Девриш,male
Девришали,male
Девришбег,male
Деденаг,male
Дежгиа,male
Дейв,male
Дели,male
Дем,male
Дема,male
Дементи,male
Дементий,male
Демеш,male
Демид,male
Демилхан,male
Демир,male
Демури,male
Демьян,male
Денгав,male
Денгизбий,male
Денго,male
Дени,male
Денилбек,male
Денилха,male
Денилхан,male
Денис,male
Денисолта,male
Денуар,male
Део,male
Дербет,male
Дергехан,male
Дерек,male
Дерметхан,male
Дермида,male
Дестебек,male
Дестехан,male
Деунеж,male
Деши,male
Деэнчу,male
Джаай,male
Джаб,male
Джаба,male
Джабаги,male
Джабак,male
Джабар,male
Джабархан,male
Джабас,male
Джабаси,male
Джабасиа,male
Джабахиа,male
Джаббар,male
Джабек,male
Джаберди,male
Джабика,male
Джабир,male
Джабраил,male
Джабраилг,male
Джабраилхан,male
Джабу,male
Джабыр,male
Джавад,male
Джаваир,male
Джавар,male
Джават,male
Джаватхан,male
Джавдет,male
Джавид,male
Джавидин,male
Джаган,male
Джагафар,male
Джагир,male
Джагу,male
Джагуа,male
Джагуама,male
Джагуанат,male
Джагуара,male
Джагуатан,male
Джагула,male
Джадж,male
Джаджа,male
Джаджга,male
Джадлей,male
Джазуар,male
Джазур,male
Джайранмагомед,male
Джакомо,male
Джала,male
Джалав,male
Джалавди,male
Джалаган,male
Джалазан,male
Джалакан,male
Джалакиана,male
Джалал,male
Джалалдин,male
Джалалудин,male
Джалалутдин,male
Джаламат,male
Джалачы,male
Джали,male
Джалив,male
Джалил,male
Джалилгаджи,male
Джалкан,male
Джалут,male
Джалыгу,male
Джалык,male
Джалямби,male
Джама,male
Джамав,male
Джамал,male
Джамалбек,male
Джамалди,male
Джамалдин,male
Джамалейла,male
Джамалитин,male
Джамалудин,male
Джамалутдин,male
Джамалхан,male
Джамарды,male
Джамат,male
Джамбак,male
Джамбек,male
Джамблук,male
Джамболат,male
Джамбот,male
Джамбул,male
Джамбулав,male
Джамбулат,male
Джами,male
Джамидин,male
Джамил,male
Джамирза,male
Джамиха,male
Джамихан,male
Джамкиар,male
Джамкуат,male
Джамлан,male
Джамлат,male
Джамлет,male
Джампагуа,male
Джампьеро,male
Джамса,male
Джамсыху,male
Джамта,male
Джамуш,male
Джамфер,male
Джамхуху,male
Джамшид,male
Джамшут,male
Джамырды,male
Джамыху,male
Джан,male
Джанади,male
Джанадлы,male
Джанай,male
Джанакай,male
Джанатлы,male
Джанахыз,male
Джанбак,male
Джанбег,male
Джанбек,male
Джанбулат,male
Джангери,male
Джангиан,male
Джангиата,male
Джангиши,male
Джангуат,male
Джандар,male
Джанджаку,male
Джанджул,male
Джанет,male
Джанибек,male
Джанирза,male
Джанкуаз,male
Джанкур,male
Джанлуиджи,male
Джанмурза,male
Джанни,male
Джансурат,male
Джансыху,male
Джантамыр,male
Джантемир,male
Джантемур,male
Джантуз,male
Джанхот,male
Джанхуат,male
Джанхуват,male
Джанхыз,male
Джанчат,male
Джанчата,male
Джанчик,male
Джанчор,male
Джанчых,male
Джанык,male
Джаныкиа,male
Джаныкуа,male
Джаным,male
Джаныхуа,male
Джап,male
Джапар,male
Джапур,male
Джараби,male
Джарай,male
Джарайлав,male
Джарашты,male
Джарбет,male
Джарга,male
Джаргала,male
Джаргат,male
Джаргу,male
Джарда,male
Джаред,male
Джарма,male
Джарнаа,male
Джарназ,male
Джарнас,male
Джаруа,male
Джарула,male
Джарулат,male
Джарулах,male
Джарулла,male
Джаруллах,male
Джат,male
Джатао,male
Джаткери,male
Джаткиар,male
Джаткиари,male
Джатма,male
Джауаз,male
Джафар,male
Джафаф,male
Джафер,male
Джах,male
Джахангир,male
Джаханшах,male
Джахар,male
Джахбар,male
Джахбаргаджи,male
Джахид,male
Джахпар,male
Джахуа,male
Джахуху,male
Джахфар,male
Джашард,male
Джаяр,male
Джбат,male
Джби,male
Джгиара,male
Джгиау,male
Джгим,male
Джгуаба,male
Джгуагу,male
Джгуанат,male
Джгуат,male
Джгуатан,male
Джгугу,male
Джгуз,male
Джгум,male
Джгуна,male
Джгур,male
Джгыт,male
Джебе,male
Джедуан,male
Джейкоб,male
Джейми,male
Джеймс,male
Джейсон,male
Джек,male
Джексон,male
Джелиа,male
Джелына,male
Джемал,male
Джемаль,male
Джеми,male
Джемкер,male
Джемс,male
Дженнаро,male
Джеральд,male
Джереми,male
Джери,male
Джерихан,male
Джерри,male
Джесиби,male
Джесси,male
Джета,male
Джефф,male
Джеффри,male
Джиатма,male
Джиб,male
Джиба,male
Джибек,male
Джибреил,male
Джигар,male
Джигарав,male
Джигер,male
Джигит,male
Джигрыц,male
Джигу,male
Джигуа,male
Джигуатан,male
Джигылдым,male
Джид,male
Джиджа,male
Джиджгуа,male
Джиджи,male
Джидли,male
Джиежила,male
Джижв,male
Джизра,male
Джику,male
Джиляхстан,male
Джим,male
Джимгугу,male
Джимми,male
Джимрыд,male
Джиндж,male
Джинджалаф,male
Джинджигу,male
Джинджик,male
Джинкуас,male
Джинхуат,male
Джинчык,male
Джир,male
Джира,male
Джиранка,male
Джирг,male
Джирга,male
Джиргиат,male
Джиргит,male
Джиргу,male
Джиргуал,male
Джиргун,male
Джирпаца,male
Джит,male
Джиткиар,male
Джифар,male
Джлаф,male
Джмат,male
Джмаф,male
Джо,male
Джовбатыр,male
Джовхар,male
Джога,male
Джоджа,male
Джозеф,male
Джома,male
Джомлат,male
Джон,male
Джони,male
Джонибек,male
Джоник,male
Джонна,male
Джонни,male
Джор,male
Джордж,male
Джорджо,male
Джосарко,male
Джота,male
Джоубылды,male
Джоумлат,male
Джоурсым,male
Джоусып,male
Джоусыф,male
Джоухар,male
Джош,male
Джошуа,male
Джсыб,male
Джсып,male
Джсыт,male
Джсыф,male
Джу,male
Джубей,male
Джубла,male
Джугел,male
Джудар,male
Джуджу,male
Джулиан,male
Джульбер,male
Джум,male
Джума,male
Джумагаджи,male
Джумагиши,male
Джумал,male
Джумалдин,male
Джумали,male
Джумалядин,male
Джумарт,male
Джумбер,male
Джумилав,male
Джумка,male
Джумлат,male
Джумшид,male
Джунид,male
Джупайди,male
Джур,male
Джусин,male
Джустан,male
Джусып,male
Джут,male
Джута,male
Джухар,male
Джыба,male
Джыбо,male
Джыдж,male
Джык,male
Джыргу,male
Дзабо,male
Дзагашта,male
Дзаги,male
Дзагиала,male
Дзагло,male
Дзаго,male
Дзагу,male
Дзагуа,male
Дзагур,male
Дзадз,male
Дзадза,male
Дзадзан,male
Дзадзу,male
Дзадзукара,male
Дзадзуна,male
Дзадте,male
Дзакко,male
Дзаку,male
Дзакуа,male
Дзакуажвиа,male
Дзамал,male
Дзамболат,male
Дзан,male
Дзана,male
Дзанбо,male
Дзангора,male
Дзандзе,male
Дзанди,male
Дзанкамиц,male
Дзанкир,male
Дзанкур,male
Дзансир,male
Дзансок,male
Дзантемир,male
Дзантемур,male
Дзанхот,male
Дзапш,male
Дзарах,male
Дзарахмат,male
Дзардаг,male
Дзархуху,male
Дзаса,male
Дзасма,male
Дзау,male
Дзауаг,male
Дзахлаг,male
Дзахой,male
Дзачко,male
Дзашу,male
Дзби,male
Дзбыр,male
Дзвыдзв,male
Дзган,male
Дзгана,male
Дзгик,male
Дзгуакиа,male
Дзгута,male
Дзгуык,male
Дзега,male
Дзегашт,male
Дзейт,male
Дзеппа,male
Дзепш,male
Дзеса,male
Дзеукож,male
Дзеха,male
Дзибирт,male
Дзибка,male
Дзибло,male
Дзибо,male
Дзибокка,male
Дзибус,male
Дзибуска,male
Дзидз,male
Дзидзи,male
Дзидзикуна,male
Дзика,male
Дзикуа,male
Дзилла,male
Дзимайхуа,male
Дзимат,male
Дзинга,male
Дзиу,male
Дзицца,male
Дзогу,male
Дзодза,male
Дзотзан,male
Дзотцо,male
Дзу,male
Дзуга,male
Дзуго,male
Дзугу,male
Дзудза,male
Дзука,male
Дзулс,male
Дзуме,male
Дзуна,male
Дзыбей,male
Дзывджлет,male
Дзыг,male
Дзыга,male
Дзыграпш,male
Дзыгрыпш,male
Дзыгу,male
Дзыгуа,male
Дзыгула,male
Дзыдзкур,male
Дзык,male
Дзыку,male
Дзыкур,male
Дзыкут,male
Дзымат,male
Дзыргу,male
Дзыркуи,male
Дзыс,male
Дзыч,male
Дианоз,male
Дибир,male
Дибирав,male
Дибирали,male
Дибирасулав,male
Дибирбута,male
Дибиргаджи,male
Дибиргаджияв,male
Дибирмагома,male
Дибирмагомед,male
Дибирмуса,male
Дибирчу,male
Дибирчулав,male
Дибцо,male
Диги,male
Дигис,male
Дигоркабан,male
Дигорух,male
Дигуа,male
Дида,male
Дидан,male
Дидар,male
Дидо,male
Дидок,male
Диду,male
Дидье,male
Дика,male
Дикалав,male
Дикалу,male
Дикран,male
Дилдар,male
Дилчерий,male
Дим,male
Дима,male
Диман,male
Димат,male
Димитрис,male
Димка,male
Дин,male
Дина-Мухамед,male
Динарий,male
Динат,male
Динга,male
Динислам,male
Динмагома,male
Динмагомед,male
Динмухамед,male
Дирес,male
Диса,male
Дисали,male
Дита,male
Дитрих,male
Дихи,male
Добег,male
Довт-мирза,male
Довтагирей,male
Довтамирза,male
Догуз,male
Доди,male
Додлан,male
Додо,male
Додта,male
Додти,male
Додто,male
Докун,male
Докшуко,male
Долай,male
Долан,male
Долат,male
Долатбей,male
Долатгери,male
Долаттмурза,male
Долет,male
Долетбий,male
Долети,male
Долетук,male
Долиат,male
Домагой,male
Домбей,male
Доме,male
Доменико,male
Дон,male
Дондо,male
Доник,male
Донко,male
Доногоно,male
Доногонолав,male
Дор,male
Дорга,male
Дорофей,male
Доти,male
Доуган,male
Доуды,male
Доулаша,male
Доурат,male
Доухар,male
Доццо,male
Дошлука,male
Драгомир,male
Дрис,male
Дриш,male
Дрочка,male
Дрыкуа,male
Дрыс,male
Дрю,male
Дсимат,male
Дсуст,male
Ду,male
Дуба,male
Дубук,male
Дубухилав,male
Дуг,male
Дуган,male
Дугли,male
Дугрич,male
Дугричилав,male
Дугуз,male
Дугул,male
Дугуш,male
Дуд,male
Дуда,male
Дудаг,male
Дудар,male
Дударико,male
Дударка,male
Дудеш,male
Дудуш,male
Дужна,male
Дуйду,male
Дуйсенбий,male
Дука,male
Дукаваха,male
Дукай,male
Дукка,male
Дукхаваха,male
Дула,male
Дулав,male
Дулат,male
Дулатмирза,male
Дулдулав,male
Думыз,male
Дунакай,male
Дунда,male
Дундар,male
Дункан,male
Дур,male
Дурат,male
Дурбей,male
Дурди,male
Дурна,male
Дурпал,male
Дурсум,male
Дурсун,male
Дурсунали,male
Дурсунбек,male
Дуруст,male
Дурци,male
Дустархан,male
Дути,male
Духду,male
Дучка,male
Душа,male
Душан,male
Дуэйн,male
Дыбга,male
Дыбыш,male
Дыгу,male
Дыгуа,male
Дыгуан,male
Дыгулей,male
Дыгура,male
Дыд,male
Дыда,male
Дыдж,male
Дыдул,male
Дыдын,male
Дыжин,male
Дыка,male
Дыку,male
Дыкукиа,male
Дымук,male
Дындык,male
Дыргу,male
Дыргуа,male
Дыргун,male
Дырдыр,male
Дырмит,male
Дырсын,male
Дыруег,male
Дырун,male
Дыспина,male
Дыу,male
Дых,male
Дыча,male
Дышашу,male
Дьюла,male
Дьёрдь,male
Дэниел,male
Дюгуш,male
Дюнебеги,male
Дязи,male
Дязи-Кади,male
Дян,male
Дяни,male
Дяняй,male
Дярчи,male
Ебжноу,male
Ебрагим,male
Ебрам,male
Ебырхам,male
Ебырхан,male
Евгеий,male
Евграф,male
Евстафий,male
Евстигней,male
Егнат,male
Егорка,male
Егуара,male
Едгар,male
Едги,male
Едгиаг,male
Едгиац,male
Едгил,male
Едиг,male
Едик,male
Едирбей,male
Едрас,male
Едрат,male
Едрыс,male
Еды,male
Едыг,male
Едыгиа,male
Едык,male
Едыр,male
Едырбей,male
Едых,male
Едычу,male
Езат,male
Ездора,male
Ездра,male
Езед,male
Езекия,male
Езет,male
Езид,male
Езыгу,male
Еибархам,male
Еикуп,male
Еимын,male
Еким,male
Екка,male
Екуаба,male
Екуб,male
Екуп,male
Екупа,male
Екутеч,male
Елар,male
Елачыр,male
Елбай,male
Елбасдуко,male
Елбиздико,male
Елборди,male
Елгуджа,male
Елда,male
Елджарико,male
Елдыз,male
Елеазар,male
Елефтер,male
Елиа,male
Елизар,male
Елизбар,male
Еликуа,male
Елим,male
Елиоз,male
Елисей,male
Елишаху,male
Елкан,male
Елмаз,male
Елмасхан,male
Елмирза,male
Елмырза,male
Елой,male
Елхан,male
Елызбар,male
Елырган,male
Елыриан,male
Елыф,male
Елых,male
Ельмарза,male
Емаза,male
Ембердук,male
Емельян,male
Емзар,male
Емиш,male
Емпсих,male
Емпсы,male
Емсых,male
Ена,male
Еналдук,male
Енали,male
Енгур,male
Енджа,male
Енджы,male
Енкул,male
Еныжв,male
Епан,male
Епиподий,male
Епифаний,male
Епкан,male
Епре,male
Епро,male
Епхи,male
Ерали,male
Ераста,male
Ерацхау,male
Ереджиб,male
Ержан,male
Ерзаабей,male
Еристау,male
Ерихут,male
Еркан,male
Еркжиоу,male
Еркыз,male
Ерлан,male
Ермак,male
Ерман,male
Ермахут,male
Ермен,male
Ермил,male
Ермина,male
Ермолай,male
Ерсоу,male
Ерсултан,male
Еруна,male
Ерцаху,male
Ерчхиоу,male
Ерымхут,male
Ерыстоу,male
Еса,male
Есауа,male
Есе,male
Есеба,male
Есен,male
Есим,male
Есимбай,male
Есиф,male
Ески,male
Еслам,male
Еслан,male
Есмак,male
Есмет,male
Еснат,male
Еста,male
Естат,male
Естет,male
Есурка,male
Есхак,male
Есхот,male
Есыф,male
Есыф-киач,male
Етима,male
Етлух,male
Етлыху,male
Етма,male
Етыку,male
Етым,male
Етыр,male
Етыху,male
Еуана,male
Еугиан,male
Ефим,male
Ефимий,male
Ефрем,male
Ефтим,male
Ехутла,male
Ехья,male
Еша,male
Ешсоу,male
Ешсоуа,male
Ешурка,male
Жаахыу,male
Жабаги,male
Жабар,male
Жабраил,male
Жава,male
Жавохир,male
Жагим,male
Жагу,male
Жагуа,male
Жадз,male
Жажа,male
Жажв,male
Жазбей,male
Жаир,male
Жак,male
Жакиа,male
Жаку,male
Жакуа,male
Жакур,male
Жакура,male
Жал,male
Жала,male
Жалат,male
Жали,male
Жамал,male
Жамалдин,male
Жамбек,male
Жамбол,male
Жамбора,male
Жамбот,male
Жамбулат,male
Жами,male
Жамидин,male
Жамирза,male
Жамирзе,male
Жампыл,male
Жамурза,male
Жамыч,male
Жан,male
Жана,male
Жанакал,male
Жанкет,male
Жансит,male
Жансох,male
Жанта,male
Жантемир,male
Жанти,male
Жантуган,male
Жантук,male
Жануко,male
Жанхот,male
Жап,male
Жапа,male
Жапаракиа,male
Жаппа,male
Жаржик,male
Жарноу,male
Жаруф,male
Жау,male
Жахфар,male
Жац,male
Жважв,male
Жважва,male
Жван,male
Жвар,male
Жвеипшыркан,male
Жвиж,male
Жвраб,male
Жгери,male
Жека,male
Желегот,male
Женька,male
Женя,male
Женёк,male
Жером,male
Жеруко,male
Жети,male
Жибо,male
Живки,male
Жигу,male
Жидижалав,male
Жиза,male
Жикуа,male
Жикур,male
Жиляби,male
Жинус,male
Жирайр,male
Жираслан,male
Жиргу,male
Жиргуа,male
Жихмырза,male
Жовбатыр,male
Жозеф,male
Жонас,male
Жонатас,male
Жора,male
Жорди,male
Жорес,male
Жорж,male
Жорже,male
Жоржиньо,male
Жорик,male
Жраб,male
Жуж,male
Жужун,male
Жуй,male
Жуко,male
Жулиано,male
Жумарт,male
Жунед,male
Жунид,male
Жыж,male
Жыра,male
Жырк,male
Жюль,male
Жяго,male
Жяну,male
Заабак,male
Заабе,male
Заабей,male
Заабет,male
Зааби,male
Заал,male
Заам,male
Заарудин,male
Забан,male
Забид,male
Забир,male
Забит,male
Забитгирей,male
Забиулла,male
Забих,male
Забихула,male
Забур,male
Забут,male
Забыт,male
Завади,male
Заваз,male
Завали,male
Завало,male
Завауди,male
Завзан,male
Завир,male
Заврат,male
Загаилав,male
Загайлав,male
Загал,male
Загалав,male
Загалда,male
Заган,male
Заганбей,male
Загди,male
Загид,male
Загидбег,male
Загиди,male
Загидин,male
Загир,male
Загирбег,male
Загирбек,male
Загралав,male
Загрудин,male
Загу,male
Загуаш,male
Загум,male
Загумгаджи,male
Зазав,male
Зазай,male
Заибег,male
Заид,male
Заидин,male
Заинди,male
Заирбег,male
Заирбек,male
Заихав,male
Зайд,male
Зайдархан,male
Зайдилав,male
Зайду,male
Зайирбек,male
Зайнабди,male
Зайнади,male
Зайнал,male
Зайналабди,male
Зайналабид,male
Зайналбек,male
Зайналди,male
Зайнди,male
Зайни,male
Зайнудди,male
Зайнудин,male
Зайнулабид,male
Зайнулбек,male
Зайнулла,male
Зайнутдин,male
Зайнюв,male
Зайрабек,male
Зайраби,male
Зайрахан,male
Зайрулла,male
Зайт,male
Зайти,male
Зайтмирза,male
Зайтун,male
Зайырхан,male
Зак,male
Зака,male
Закан,male
Заканбей,male
Закар,male
Закара,male
Закари,male
Закарижа,male
Закарика,male
Закария,male
Закарья,male
Закатла,male
Закержа,male
Закериа,male
Закерия,male
Заки,male
Закиа,male
Закиарей,male
Закиариа,male
Закидин,male
Закилав,male
Закипилав,male
Закир,male
Закирей,male
Закири,male
Закирхан,male
Закла,male
Заколав,male
Закре,male
Закри,male
Заку,male
Зал,male
Зала,male
Залав,male
Залавди,male
Залалов,male
Заламхан,male
Залатииска,male
Залая,male
Залбег,male
Залбек,male
Залибек,male
Залик,male
Залико,male
Залилула,male
Залим,male
Залимгери,male
Залимхан,male
Залкарни,male
Залкеп,male
Залкепли,male
Залкипри,male
Залмулав,male
Залумхан,male
Залун,male
Залыко,male
Залымхан,male
Зама,male
Замадин,male
Замай,male
Заман,male
Замана,male
Замахшари,male
Замахщери,male
Замбе,male
Зами,male
Замидин,male
Замир,male
Замирали,male
Замирхан,male
Замкидин,male
Замрихан,male
Замудин,male
Зан,male
Зана,male
Занкархан,male
Занки,male
Занкида,male
Занку,male
Занту,male
Зантулав,male
Зану,male
Занул,male
Запа,male
Запза,male
Запзагитинав,male
Запикуа,male
Запир,male
Зараби,male
Зарамук,male
Зарамыкуа,male
Зарахмат,male
Зарба,male
Зарбаилав,male
Зарбек,male
Заргалав,male
Зарип,male
Зарипилав,male
Зариф,male
Зарихман,male
Зарманбет,male
Зартыжв,male
Зарудди,male
Зата,male
Затхан,male
Зауа,male
Зауаска,male
Зауд,male
Заудди,male
Заудин,male
Заур,male
Заурбак,male
Заурбег,male
Заурбей,male
Заурбек,male
Заурбеч,male
Заурби,male
Заурбий,male
Зауркан,male
Заурым,male
Зафас,male
Зафес,male
Зафир,male
Зафкара,male
Захар-Солта,male
Захарий,male
Захди,male
Захеч,male
Захид,male
Захида,male
Захир,male
Захирали,male
Захрудди,male
Захрудин,male
Зач,male
Зача,male
Зачи,male
Збигнев,male
Зверь,male
Згамиа,male
Здзислав,male
Зебат,male
Зебир,male
Зебит,male
Зевак,male
Зедин,male
Зезарах,male
Зейдулах,male
Зейдуллах,male
Зейнадин,male
Зейнай,male
Зейнал,male
Зейналабид,male
Зейналабидин,male
Зейнди,male
Зейнидин,male
Зейнудин,male
Зейнулабидин,male
Зейнулла,male
Зейнуллах,male
Зекариа,male
Зекерья,male
Зеко,male
Зекошу,male
Зеламха,male
Зеламхан,male
Зелим,male
Зелимхан,male
Земри,male
Зенаид,male
Зенак,male
Зенги,male
Зено,male
Зенон,male
Зенуар,male
Зеным,male
Зепуар,male
Зера,male
Зеса,male
Зет,male
Зетбей,male
Зечерий,male
Зибер,male
Зибиуллах,male
Зибиюлах,male
Зибулах,male
Зигмунд,male
Зидахан,male
Зиджгуа,male
Зиза,male
Зик,male
Зикрулла,male
Зикуатла,male
Зилавди,male
Зинат,male
Зинаудин,male
Зиндали,male
Зинедин,male
Зиновий,male
Зинур,male
Зирар,male
Зиудин,male
Зифат,male
Зифна,male
Зия,male
Зияв,male
Зиявудин,male
Зиявутдин,male
Зияд,male
Зиядин,male
Зиядхан,male
Зиямудин,male
Зият,male
Зиятхан,male
Зияудди,male
Зияудин,male
Зияутдин,male
Зияфедин,male
Златан,male
Златинска,male
Зна,male
Знаур,male
Золак,male
Золотинск,male
Золотинска,male
Зоран,male
Зорбак,male
Зоркан,male
Зорян,male
Зосим,male
Зосима,male
Зоска,male
Зосма,male
Зосме,male
Зосхан,male
Зоубак,male
Зоуркан,male
Зоурым,male
Зуба,male
Зубаил,male
Зубаир,male
Зубай,male
Зубайосман,male
Зубайр,male
Зубайра,male
Зубайри,male
Зубер,male
Зугум,male
Зузабагама,male
Зузар,male
Зулайхам,male
Зулакорни,male
Зулдан,male
Зулемхан,male
Зули,male
Зулканий,male
Зулкарнай,male
Зулкарнайни,male
Зулкипли,male
Зулпукар,male
Зулуар,male
Зулумхан,male
Зуль,male
Зулькад,male
Зулькайда,male
Зулькарин,male
Зулькарней,male
Зульпукар,male
Зульфикар,male
Зульфукар,male
Зульхаджа,male
Зульчиф,male
Зумридин,male
Зумрудин,male
Зункарнай,male
Зура,male
Зураб,male
Зурап,male
Зурбе,male
Зурка,male
Зурканай,male
Зурумби,male
Зуфар,male
Зуфтер,male
Зухраб,male
Зухрилав,male
Зыбындз,male
Зык,male
Зыкиа,male
Зыкуа,male
Зылуар,male
Зыма,male
Зынджак,male
Зыртынч,male
Зявай,male
Зявзан,male
Зявка,male
Зяма,male
Зярзяма,male
Иакинф,male
Ианнуарий,male
Иба,male
Ибади,male
Ибадула,male
Ибадулла,male
Ибадуллах,male
Ибай,male
Ибайдулла,male
Ибак,male
Ибако,male
Ибалав,male
Ибалутдин,male
Ибалютдюн,male
Ибару,male
Ибата,male
Ибати,male
Ибахан,male
Ибач,male
Ибаш,male
Иби,male
Ибис,male
Ибла,male
Иблан,male
Ибни,male
Ибнуабас,male
Ибнухаджар,male
Ибра,male
Ибрагим,male
Ибрагимхалил,male
Ибрагимхан,male
Ибрам,male
Ибрамхалил,male
Ибтахар,male
Ив,male
Иванушка,male
Ивлин,male
Игалав,male
Игас,male
Игит,male
Игнасио,male
Игнат,male
Игнатий,male
Игорян,male
Играм,male
Играмудин,male
Идавси,male
Идад,male
Идак,male
Идал,male
Идалав,male
Идалби,male
Идамар,male
Идар,male
Идарико,male
Идармач,male
Идаруко,male
Идач,male
Идаят,male
Идбак,male
Идбах,male
Идгар,male
Идгуа,male
Иджын,male
Идзи,male
Идиг,male
Идильбей,male
Идрис,male
Идрисгаджи,male
Идрисса,male
Идрисхажи,male
Идрыс,male
Изабудин,male
Изав,male
Изалутдин,male
Изалютдюн,male
Изамахма,male
Изамудди,male
Изамудин,male
Изамутдин,male
Изапир,male
Изат,male
Изатпаша,male
Избер,male
Изго,male
Изейфат,male
Изет,male
Иззет,male
Изи,male
Изик,male
Изитдин,male
Измаил,male
Измет,male
Измуди,male
Измутдин,male
Изновур,male
Изноур,male
Изот,male
Израил,male
Израиль,male
Изудин,male
Изунай,male
Иисус,male
Ийдархаджи,male
Ийдиг,male
Ика,male
Икакай,male
Икали,male
Икар,male
Икендер,male
Икер,male
Икко,male
Икрамудин,male
Иктор,male
Икуатла,male
Ил,male
Ила,male
Илака,male
Иламагомед,male
Илариан,male
Иларион,male
Илас,male
Илахдин,male
Илбид,male
Илдар,male
Илез,male
Илес,male
Илес-Хаджи,male
Илиа,male
Илико,male
Иликуа,male
Илисха,male
Илисхан,male
Илич,male
Илла,male
Иллагаджи,male
Илларион,male
Илмаз,male
Илмутдин,male
Ило,male
Илсман,male
Илу,male
Илуш,male
Ильгиз,male
Ильдар,male
Ильман,male
Ильми,male
Ильмир,male
Ильмудин,male
Ильназ,male
Ильнур,male
Ильсур,male
Ильхам,male
Ильхан,male
Ильчха,male
Ильшат,male
Ильяс,male
Ильясав,male
Ильясбег,male
Има,male
Имагаджи,male
Имагаджияв,male
Имагазали,male
Имади,male
Ималав,male
Ималдин,male
Имам,male
Имамали,male
Имамкули,male
Имамудин,male
Имамурза,male
Имамуса,male
Имамшамиль,male
Иманав,male
Иманали,male
Иманахмед,male
Имангазали,male
Имангазиали,male
Имангол,male
Иманказиали,male
Иманмагомед,male
Иманмалик,male
Иманмурза,male
Иманшапи,male
Имарбан,male
Имахат,male
Имахо,male
Имачи,male
Имачу,male
Имдат,male
Имейр,male
Имима,male
Имирали,male
Имираслан,male
Имирбек,male
Имиргамза,male
Имиццай,male
Имма,male
Иммануил,male
Имран,male
Имранбек,male
Имрат,male
Имргамза,male
Имрудин,male
Имук,male
Инади,male
Инал,male
Инала,male
Иналико,male
Иналук,male
Иналуко,male
Инамаксуд,male
Инапха,male
Инар,male
Инарко,male
Инармас,male
Инаруко,male
Инаят,male
Ингиштер,male
Ингмар,male
Индар,male
Индарбек,male
Индарби,male
Индари,male
Индарпаша,male
Инджы,male
Индикуа,male
Индирби,male
Индрис,male
Индук,male
Индырчы,male
Инжалуп,male
Инжи,male
Инив,male
Иник,male
Инкалу,male
Инковас,male
Инсилав,male
Инсиль,male
Инти,male
Инус,male
Инусдибир,male
Инусилав,male
Инхилав,male
Инчалав,male
Инчилав,male
Иныжв,male
Иныку,male
Иныху,male
Иоанн,male
Иов,male
Иоиль,male
Иона,male
Иосип,male
Иосиф,male
Иоска,male
Ипажв,male
Ипыжв,male
Ипыт,male
Ира,male
Ирав,male
Ираджиб,male
Ирадион,male
Ирадхан,male
Ирази,male
Иразхан,male
Иразыхан,male
Иракли,male
Ираклий,male
Иранбек,male
Ирасхан,male
Ирбагилав,male
Ирбагин,male
Ирбаин,male
Ирбаинхан,male
Ирбайхалил,male
Ирбайхан,male
Ирбан,male
Ирбек,male
Ирбихан,male
Ирбияхалил,male
Ирбияхан,male
Ирван,male
Ирез,male
Иреза,male
Ирези,male
Иржи,male
Ирику,male
Ирисби,male
Ирисбий,male
Иристон,male
Ирисхан,male
Ирноу,male
Ирод,male
Ирон,male
Ирсув,male
Ирулали,male
Ируслан,male
Ирхан,male
Ирчан,male
Ирым,male
Иса,male
Исаак,male
Исаакович,male
Исабек,male
Исабуба,male
Исав,male
Исагаджи,male
Исадибир,male
Исаилав,male
Исаия,male
Исай,male
Исайя,male
Исак,male
Исакади,male
Исакович,male
Исалав,male
Исалали,male
Исалмагомед,male
Исаломар,male
Исамамма,male
Исамудин,male
Исат,male
Исаузи,male
Исахай,male
Исахан,male
Исацай,male
Исбаха,male
Исбек,male
Иси,male
Исидор,male
Исилав,male
Исильгирей,male
Исин,male
Искандар,male
Искандер,male
Искендер,male
Иско,male
Ислам,male
Исламбек,male
Исламбий,male
Исламбулат,male
Исламгерей,male
Исламгери,male
Исламгирей,male
Исламсултан,male
Исламудин,male
Исламутдин,male
Исламха,male
Исламхан,male
Ислеман,male
Исмагил,male
Исмаил,male
Исмаилбек,male
Исмаилкади,male
Исмак,male
Исмаэл,male
Исмел,male
Исмель,male
Исмихан,male
Исон,male
Испаел,male
Испан,male
Исраил,male
Исрап,male
Исрапа,male
Исрапил,male
Исрапилали,male
Исрафил,male
Исрепил,male
Исса,male
Иссакар,male
Иссахар,male
Истай,male
Истамали,male
Истархан,male
Ису,male
Исуб,male
Исубгаджи,male
Исубилав,male
Исубута,male
Исугаджи,male
Исуй,male
Исуп,male
Исупалав,male
Исупхаджи,male
Исуф,male
Исхаджи,male
Исхадин,male
Исхак,male
Исхан,male
Ит,male
Итан,male
Итарав,male
Итарко,male
Иткуа,male
Итулав,male
Иуа,male
Иуака,male
Иуан,male
Иуана,male
Иугиан,male
Иугиар,male
Иустин,male
Ифрат,male
Ифтир,male
Иха,male
Ихако,male
Ихакомагомед,male
Ихван,male
Ихи,male
Ихилав,male
Ихиндан,male
Ицум,male
Ич,male
Ичако,male
Ичал,male
Ичалав,male
Ишан,male
Ишомилав,male
Ишреф,male
Иштал,male
Ишталмагомед,male
Иштван,male
Иялав,male
Иялавмагомед,male
Йенс,male
Йоахим,male
Йожеф,male
Йозеф,male
Йолакай,male
Йолгиси,male
Йоллы,male
Йолманбет,male
Йонас,male
Йорг,male
Йоханн,male
Йоханнес,male
Каабан,male
Каамет,male
Каб,male
Каба,male
Кабадж,male
Кабаз,male
Кабай,male
Кабартей,male
Кабарти,male
Кабарты,male
Кабах,male
Кабе,male
Кабибулла,male
Кабку,male
Кабтар,male
Кабу,male
Кабука,male
Кабуки,male
Кабуку,male
Кабула,male
Кабулахбар,male
Кабули,male
Кабус,male
Кабча,male
Кабши,male
Кав,male
Кавдасой,male
Кавдын,male
Кавмагомед,male
Кавранук,male
Кавсулейман,male
Кага,male
Кагерман,male
Кагир,male
Кагу,male
Кагуа,male
Када,male
Кадаран,male
Кадачи,male
Каде,male
Кадехаджи,male
Кадзах,male
Кади,male
Кадиа,male
Кадиали,male
Кадилав,male
Кадилали,male
Кадиламахад,male
Кадим,male
Кадимагомед,male
Кадимали,male
Кадир,male
Кадирав,male
Кадирис,male
Кадитли,male
Кадифа,male
Кадихаджи,male
Кадихан,male
Кадихума,male
Кадичу,male
Кадичулав,male
Кадран,male
Каду,male
Кадын,male
Кадыр,male
Кадыра,male
Кадырага,male
Кадырбей,male
Кадырбек,male
Кадых,male
Кажажа,male
Кажина,male
Каз,male
Каза,male
Казават,male
Казай,male
Казак,male
Казакбий,male
Казакилав,male
Казакмирза,male
Казакмурза,male
Казаллу,male
Казам,male
Казамат,male
Казами,male
Казаналип,male
Казанап,male
Казанбий,male
Казангери,male
Казантемыр,male
Казанфар,male
Казарханда,male
Казауата,male
Казаут,male
Казах,male
Казахмед,male
Казаху,male
Казбек,male
Казби,male
Казбич,male
Казболат,male
Казбулат,male
Казгирей,male
Каздаху,male
Кази,male
Казибег,male
Казибек,male
Казиби,male
Казигерей,male
Казигирей,male
Казий,male
Казик,male
Казикет,male
Казим,male
Казимагомед,male
Казимбек,male
Казимир,male
Казимолла,male
Казимхан,male
Казихан,male
Казмагомет,male
Казнеч,male
Казу,male
Казуат,male
Казув,male
Казум,male
Казута,male
Казылбак,male
Казылбеи,male
Казылбек,male
Каи,male
Каиб,male
Каибхан,male
Каизбин,male
Каимет,male
Каин,male
Каир,male
Каирбек,male
Каирхан,male
Каитыкуа,male
Каич,male
Кайдар,male
Кайду,male
Кайиб,male
Кайибхан,male
Каймараз,male
Каймарас,male
Каймат,male
Каймет,male
Каймтас,male
Каймыт,male
Кайнагу,male
Кайнур,male
Кайпу,male
Кайрат,male
Кайрбак,male
Кайсан,male
Кайсар,male
Кайсын,male
Кайтамыр,male
Кайтан,male
Кайтаныгу,male
Кайтар,male
Кайтмаз,male
Кайтмазгаджияв,male
Кайтмас,male
Кайтука,male
Кайтык,male
Кайтыко,male
Кайтыкуа,male
Кайхусру,male
Кайцу,male
Кайыз,male
Кака,male
Какабей,male
Какабик,male
Какалав,male
Какан,male
Какара,male
Какба,male
Како,male
Каку,male
Какун,male
Какучал,male
Кала,male
Кала-Мала,male
Калабай,male
Калабег,male
Калабек,male
Калав,male
Калай,male
Калакиан,male
Калакут,male
Калам,male
Каламат,male
Каламирза,male
Каламютдюн,male
Каландар,male
Калантар,male
Каларби,male
Калас,male
Каласа,male
Каласав,male
Каласо,male
Калаш,male
Калашау,male
Калащ,male
Калдимагомед,male
Калидмагомед,male
Калим,male
Калимолла,male
Калимулла,male
Калина,male
Калистрат,male
Калиш,male
Калиян,male
Калкес,male
Калла,male
Каллалав,male
Каллиник,male
Каллистрат,male
Калман,male
Калмык,male
Кало,male
Калодиа,male
Калсын,male
Калта,male
Калтаюр,male
Калти,male
Калтыкуа,male
Калци,male
Калчех,male
Калы,male
Камав,male
Камай,male
Камал,male
Камалбек,male
Камалди,male
Камалдин,male
Камалудин,male
Камалутдин,male
Камана,male
Каманда,male
Камарай,male
Камарт,male
Камас,male
Камаса,male
Камат,male
Камата,male
Камател,male
Каматиз,male
Камач,male
Камачыч,male
Камаш,male
Камащ,male
Камбадж,male
Камбай,male
Камбаймагомед,male
Камбал,male
Камбар,male
Камбат,male
Камби,male
Камбий,male
Камболат,male
Камбот,male
Камбулат,male
Камджаз,male
Камей,male
Камзыз,male
Ками,male
Камидан,male
Камидат,male
Камил,male
Камиль,male
Камильбек,male
Камилькади,male
Камильпаша,male
Камир,male
Камку,male
Камлат,male
Камлах,male
Каммагаджи,male
Каммамагомед,male
Кампай,male
Кампета,male
Кампыча,male
Камса,male
Камсагу,male
Камсаса,male
Камсыс,male
Камтита,male
Камуа,male
Камуна,male
Камуч,male
Камуша,male
Камхав,male
Камхо,male
Камч,male
Камча,male
Камчаз,male
Камчач,male
Камчача,male
Камчы,male
Камчыч,male
Камшал,male
Камшиш,male
Камыгу,male
Кана,male
Канаймагомед,male
Канамагомед,male
Канамат,male
Канас,male
Канаса,male
Канат,male
Канбаймагомед,male
Канбар,male
Канбей,male
Канбер,male
Канбулат,male
Канда,male
Кандач,male
Канди,male
Кандил,male
Кандилав,male
Канерыф,male
Кани,male
Канина,male
Канка,male
Канмурза,male
Каннагаджи,male
Каннай,male
Каннайгаджи,male
Канни,male
Канса,male
Кансоу,male
Канстантин,male
Кант,male
Канта,male
Канташ,male
Канте,male
Кантемир,male
Канти,male
Кантигуа,male
Кантита,male
Кантоу,male
Кантруш,male
Кантула,male
Кантулав,male
Кантур,male
Кануа,male
Кануко,male
Канхуа,male
Канц,male
Канчоба,male
Канчобе,male
Канчобей,male
Канчоби,male
Канчора,male
Канчоу,male
Каншао,male
Каншау,male
Каншвакуа,male
Каншоби,male
Каншоко,male
Каныгу,male
Канык,male
Каным,male
Каныса,male
Кап,male
Капа,male
Капай,male
Капар,male
Капатина,male
Капаша,male
Капдзи,male
Капитон,male
Каплан,male
Каптан,male
Капти,male
Капур,male
Капучала,male
Капш,male
Капщи,male
Капыт,male
Капыш,male
Капыша,male
Капышбей,male
Кар,male
Кара,male
Караба,male
Карабатыр,male
Карабах,male
Карабаш,male
Карабег,male
Карабет,male
Карабудаг,male
Карагиш,male
Карагиши,male
Карагулян,male
Карадав,male
Карадзау,male
Карай,male
Карайдар,male
Каракар,male
Каралав,male
Каралбий,male
Каральби,male
Карам,male
Карамагомед,male
Карамамма,male
Караман,male
Карамас,male
Карамдин,male
Карамирза,male
Карамурза,male
Карамутдин,male
Каранай,male
Карани,male
Карас,male
Карасай,male
Карат,male
Каратай,male
Карахан,male
Карахарман,male
Карахма,male
Карач,male
Карачай,male
Карачи,male
Карачу,male
Карачулав,male
Карачы,male
Караян,male
Караяс,male
Карбатир,male
Карбеи,male
Карбей,male
Карби,male
Каргилав,male
Карго,male
Карда,male
Кардамагомед,male
Кардаш,male
Кариб,male
Карим,male
Каримагомед,male
Каримгаджи,male
Каримгаджияв,male
Каримсултан,male
Каримула,male
Каримулла,male
Карихац,male
Карл,male
Карлик,male
Карлихан,male
Карло,male
Карлос,male
Карман,male
Кармус,male
Карнаил,male
Карнай,male
Карнач,male
Карней,male
Карно,male
Карнук,male
Карон,male
Карп,male
Карпо,male
Карптучка,male
Карсаку,male
Карси,male
Картер,male
Картлос,male
Карует,male
Карул,male
Карум,male
Кархан,male
Карцан,male
Карцей,male
Карцхал,male
Карчулай,male
Каршада,male
Карше,male
Карым,male
Карымсада,male
Карымхан,male
Каса,male
Касай,male
Касамбек,male
Касарбей,male
Касаса,male
Касбол,male
Касболат,male
Касбот,male
Касбуба,male
Касбулат,male
Касвар,male
Касей,male
Касела,male
Касен,male
Касим,male
Касимбек,male
Касин,male
Касир,male
Каспер,male
Касполет,male
Каспот,male
Каспут,male
Кастей,male
Касу,male
Касум,male
Касумбек,male
Касумхан,male
Касумханбек,male
Касым,male
Касыма,male
Касьян,male
Ката,male
Каталав,male
Катан,male
Катащ,male
Кате,male
Кател,male
Кати,male
Катиб,male
Катибгаджи,male
Катика,male
Катим,male
Катина,male
Катира,male
Катица,male
Катка,male
Катлас,male
Катлоу,male
Катмас,male
Катмаш,male
Като,male
Кату,male
Катум,male
Катуша,male
Катхуа,male
Кауача,male
Кауд,male
Кауирбег,male
Каурбак,male
Каурбе,male
Каурбег,male
Каурбей,male
Каурбек,male
Кауш,male
Каф,male
Кафа,male
Кафар,male
Кафият,male
Кафлан,male
Кафур,male
Кафына,male
Кафыф,male
Ках,male
Каха,male
Кахабер,male
Кахаран,male
Кахарман,male
Кахи,male
Кахир,male
Кахич,male
Кахмар,male
Кахраман,male
Кахриман,male
Кахруман,male
Каху,male
Кахун,male
Кац,male
Каца,male
Кацав,male
Кацамагомед,male
Кацарав,male
Кацарбей,male
Кацв,male
Кацва,male
Каци,male
Кациа,male
Кацира,male
Кацман,male
Кацо,male
Кацу,male
Кацуле,male
Кацыд,male
Кач,male
Кача,male
Качабег,male
Качал,male
Качалав,male
Качамкади,male
Качбей,male
Качи,male
Качиа,male
Качу,male
Качы,male
Каш,male
Каша,male
Кашав,male
Кашаш,male
Кашвашва,male
Кашиф,male
Кашиш,male
Кашхо,male
Каюм,male
Каяв,male
Кванта,male
Квантул,male
Квара,male
Кварта,male
Квархизар,male
Кварца,male
Кваса,male
Квацав,male
Квацилав,male
Квашиба,male
Квентин,male
Квергули,male
Кветали,male
Квечала,male
Квыкв,male
Квыква,male
Кдисаку,male
Кды,male
Кдыжв,male
Кеба,male
Кебед,male
Кебедав,male
Кебедасулав,male
Кебедгаджи,male
Кебедгаджияв,male
Кебедмагомед,male
Кебек,male
Кебер,male
Кебир,male
Кевин,male
Кеда,male
Кеде,male
Кедир,male
Кезим,male
Кезимхан,male
Кейней,male
Кейси,male
Кека,male
Кекала,male
Кеке,male
Кеки,male
Келдимурат,male
Келдип,male
Келемет,male
Келендик,male
Келли,male
Келыш,male
Келышбей,male
Кельбихан,male
Кельбяли,male
Кемалди,male
Кемат,male
Кембар,male
Кемелди,male
Кемил,male
Кемран,male
Кемцур,male
Кенбер,male
Кендже,male
Кенжеболат,male
Кента,male
Кер,male
Керам,male
Керамагомед,male
Кербек,male
Керим,male
Керимбек,male
Керимсултан,male
Керимуллах,male
Керимхан,male
Кермен,male
Кертиби,male
Керым,male
Керымбек,male
Кесаба,male
Кесари,male
Кесата,male
Кесебий,male
Кет,male
Кети,male
Кефа,male
Кехлер,male
Кехлербек,male
Кехурса,male
Кец,male
Кецо,male
Кеч,male
Кечула,male
Кеша,male
Кешка,male
Киа,male
Киаазым,male
Киаазымбей,male
Киаамей,male
Киаамина,male
Киаамын,male
Киабзыт,male
Киаброу,male
Киабыц,male
Киабыца,male
Киагу,male
Киагуа,male
Киагура,male
Киажвлей,male
Киазакиа,male
Киазо,male
Киакиапа,male
Киакуа,male
Киаламат,male
Киалпшиш,male
Киалыш,male
Киалышбей,male
Киама,male
Киамал,male
Киамас,male
Киамач,male
Киамгуагу,male
Киамгуагуа,male
Киамгугуа,male
Киамжвагу,male
Киамсык,male
Киамсыс,male
Киамтлы,male
Киамчыгу,male
Киамчына,male
Киамшиш,male
Киамыц,male
Киамыш,male
Киана,male
Кианашхуа,male
Кианзуар,male
Киантриа,male
Киану,male
Кианышв,male
Киапа,male
Киапал,male
Киапац,male
Киапач,male
Киапыч,male
Киараз,male
Киаракиан,male
Киаран,male
Киарантыху,male
Киараху,male
Киаркиан,male
Киаркиоу,male
Киарматей,male
Киарыху,male
Киас,male
Киаса,male
Киасарян,male
Киасоу,male
Киасоуа,male
Киасса,male
Киасыгу,male
Киат,male
Киатата,male
Киатауан,male
Киати,male
Киатмас,male
Киатуан,male
Киатуана,male
Киатхуа,male
Киатыгу,male
Киатыш,male
Киаукиас,male
Киаф,male
Киафа,male
Киахир,male
Киац,male
Киацагу,male
Киацв,male
Киач,male
Киачач,male
Кибар,male
Кибжа,male
Киби,male
Кибил,male
Кибир,male
Кибич,male
Киброу,male
Кибыц,male
Киг,male
Кидагаза,male
Кидазамагомед,male
Кидж,male
Кидзиго,male
Киж,male
Кизбан,male
Киздун,male
Кизибек,male
Кизо,male
Кикав,male
Кикамагомед,male
Кики,male
Кикуа,male
Килар,male
Килдип,male
Килдир,male
Килиан,male
Килик,male
Килиндж,male
Килитмагомед,male
Килихан,male
Килиц,male
Килич,male
Киличу,male
Килци,male
Килцико,male
Ким,male
Кимагома,male
Кимагуа,male
Кимбар,male
Кими,male
Кимми,male
Кимо,male
Кина,male
Киназ,male
Кинито,male
Кинкир,male
Кинта,male
Кинтиж,male
Кинхва,male
Кинхвалав,male
Кинчу,male
Киппи,male
Кипш,male
Киракос,male
Киргизбай,male
Киргу,male
Кирей,male
Кирзим,male
Кирила,male
Кирим,male
Кирихан,male
Кирмиз,male
Кирса,male
Кирцав,male
Кирцал,male
Киршал,male
Кирым,male
Кирыху,male
Киса,male
Кисаран,male
Киска,male
Кискиндж,male
Кисла,male
Кисолав,male
Кистили,male
Кистына,male
Кита,male
Китар,male
Китилав,male
Китыш,male
Кихасур,male
Кихосро,male
Кица,male
Кицагасан,male
Кицада,male
Кицай,male
Кицалмагомед,male
Кицу,male
Кичи,male
Кичибек,male
Кичиг,male
Кичмагомед,male
Кишв,male
Кишварди,male
Кишмей,male
Кишми,male
Киштили,male
Кишуард,male
Кишуко,male
Кишхуры,male
Кищ,male
Кияс,male
Киясбек,male
Кларк,male
Клаудио,male
Клемент,male
Клементий,male
Клим,male
Климент,male
Климентий,male
Клинт,male
Кличхан,male
Клишби,male
Клод,male
Клыч,male
Клыча,male
Клычгери,male
Кнут,male
Кобек,male
Кобыл,male
Ковик,male
Ковранук,male
Кога,male
Кодочи,male
Кодхоко,male
Кожаахмед,male
Кожахмет,male
Кожик,male
Козыр,male
Койлыбай,male
Койчакай,male
Койчар,male
Кока,male
Кокалав,male
Коки,male
Коккёз,male
Коко,male
Кокун,male
Кокуча,male
Кола,male
Коли,male
Колин,male
Колия,male
Колка,male
Коло,male
Коля,male
Конакбий,male
Кондрат,male
Кондратий,male
Кондрашка,male
Конза,male
Конон,male
Конор,male
Конрад,male
Константинос,male
Копей,male
Копланлы,male
Копыш,male
Коргали,male
Коргалилав,male
Корголи,male
Кори,male
Коркмас,male
Корней,male
Корнелий,male
Корнелиу,male
Корогалилав,male
Кортни,male
Косда,male
Косолав,male
Коста,male
Костан,male
Костандил,male
Костас,male
Кости,male
Костя,male
Косум,male
Косум-Хаджи,male
Кота,male
Котали,male
Котар-Хаджи,male
Котарби,male
Котат,male
Коте,male
Котле,male
Кото,male
Коту,male
Коул,male
Коциа,male
Кочав,male
Кочас,male
Кочача,male
Кочби,male
Кошали,male
Кошекбай,male
Кошербай,male
Кошманбет,male
Кощбай,male
Кощмезук,male
Крейг,male
Крис,male
Кристиан,male
Кристоф,male
Кристофер,male
Крицка,male
Кришна,male
Криштиану,male
Крым,male
Крымгери,male
Крымсолтан,male
Крымхан,male
Крымшакол,male
Ксаверий,male
Ксавье,male
Ксас,male
Ксен,male
Ксенофонт,male
Ксентий,male
Ксенхан,male
Ксын,male
Ксыс,male
Ктас,male
Ктиш,male
Ктыж,male
Ктыжв,male
Ктыт,male
Ктыц,male
Ктыш,male
Куабан,male
Куабахин,male
Куабаш,male
Куабзач,male
Куаблы,male
Куаблыдж,male
Куаблыху,male
Куабыц,male
Куаг,male
Куагиа,male
Куагина,male
Куагу,male
Куагуса,male
Куагусан,male
Куад,male
Куадац,male
Куадача,male
Куадж,male
Куаджал,male
Куаджан,male
Куаджидж,male
Куаджина,male
Куаджына,male
Куажв,male
Куажва,male
Куаз,male
Куазаза,male
Куазмач,male
Куака,male
Куаку,male
Куакуала,male
Куакуана,male
Куакуаней,male
Куакуаниа,male
Куакуаса,male
Куакуат,male
Куакуацвахых,male
Куакуача,male
Куакуачай,male
Куакуей,male
Куакуи,male
Куакуица,male
Куакул,male
Куакумас,male
Куакура,male
Куал,male
Куала,male
Куаланис,male
Куама,male
Куамат,male
Куамгиас,male
Куамгиац,male
Куамлак,male
Куамлей,male
Куампаз,male
Куампита,male
Куамсаг,male
Куамсадж,male
Куамсаса,male
Куамтыт,male
Куамхиарда,male
Куамышв,male
Куана,male
Куанат,male
Куаната,male
Куанач,male
Куанача,male
Куанта,male
Куантра,male
Куанциа,male
Куап,male
Куапакуапа,male
Куапал,male
Куапаш,male
Куар,male
Куара,male
Куарадиа,male
Куаркуана,male
Куарман,male
Куарса,male
Куарсантел,male
Куаса,male
Куасадж,male
Куаста,male
Куастаду,male
Куастандел,male
Куат,male
Куата,male
Куатала,male
Куаталей,male
Куатар,male
Куатара,male
Куатас,male
Куатат,male
Куаташ,male
Куатеи,male
Куати,male
Куаткуат,male
Куаткуата,male
Куатын,male
Куауана,male
Куауд,male
Куаф,male
Куац,male
Куаца,male
Куацв,male
Куацва,male
Куацвара,male
Куациа,male
Куацыку,male
Куач,male
Куача,male
Куачала,male
Куачана,male
Куачара,male
Куачача,male
Куачыла,male
Куачыр,male
Куачыча,male
Куаша,male
Куашв,male
Куашика,male
Кубади,male
Кубалав,male
Кубан,male
Кубар,male
Кубасай,male
Кубата,male
Кубаталав,male
Кубати,male
Кубац,male
Кубаци,male
Кубга,male
Кубдза,male
Кубей,male
Кубец,male
Кубзар,male
Кубзач,male
Кубилав,male
Кублыху,male
Кублыхуа,male
Кубрай,male
Кубрыц,male
Кубта,male
Кубыгул,male
Куванай,male
Куват,male
Кувый,male
Куда,male
Кудаберд,male
Кудав,male
Кудайберди,male
Кудайнет,male
Кудамагома,male
Кудапш,male
Кудаэмен,male
Куддуз,male
Кудж,male
Куджал,male
Куджир,male
Куджма,male
Куджмахан,male
Куджха,male
Куджхуа,male
Кудза,male
Кудзаг,male
Кудзи,male
Кудзиго,male
Кудзигос,male
Кудзой,male
Куди,male
Кудина,male
Кудинат,male
Кудияв,male
Кудиявдибир,male
Кудиягалбац,male
Кудияэмен,male
Кудрат,male
Куду,male
Кудуз,male
Кудус,male
Куеу,male
Куж,male
Кужа,male
Кужабег,male
Кужаг,male
Кужак,male
Кужан,male
Кужи,male
Кужина,male
Кужу,male
Кужугет,male
Куз,male
Куза,male
Кузьма,male
Кузя,male
Куи,male
Куиа,male
Куиан,male
Куикуа,male
Куитеи,male
Куйну,male
Куйчав,male
Кука,male
Кукарав,male
Куку,male
Кукуа,male
Кукуица,male
Кукула,male
Кукун,male
Кукуна,male
Кукур,male
Кукури,male
Кукут,male
Кукута,male
Кукуцв,male
Кукуча,male
Кукша,male
Кукян,male
Кул,male
Кула,male
Кулаа,male
Кулан,male
Куланба,male
Куландырпшдза,male
Кулбак,male
Кулбакиан,male
Кулдзыц,male
Кулду,male
Кулецихма,male
Кули,male
Кулидагасан,male
Кулизан,male
Кулик,male
Кулла,male
Кулымса,male
Кулыс,male
Кульчуко,male
Кумараш,male
Кумас,male
Кумач,male
Кумгиас,male
Кумеи,male
Кумзач,male
Кумлей,male
Кумлык,male
Куммямяй,male
Кумп,male
Кумпак,male
Кумпалык,male
Кумпо,male
Кумпыл,male
Кумсаг,male
Кумтыт,male
Кумф,male
Кумфыр,male
Кумфыф,male
Кумчыч,male
Кумшв,male
Кумшвышв,male
Кумях,male
Кун,male
Куна,male
Кунаг,male
Кунай,male
Кунак,male
Кунамагомед,male
Кунан,male
Куната,male
Кунатлы,male
Кунача,male
Кунбута,male
Кунгу,male
Кундайлав,male
Кундибир,male
Кундур,male
Куни,male
Кунияз,male
Кункиа,male
Кункуч,male
Куннай,male
Кунни,male
Кунта,male
Кунта-Хаджи,male
Кунтагаджи,male
Кунтаз,male
Кунтра,male
Кунтрышв,male
Кунтувган,male
Кунтыжв,male
Кунтыл,male
Кунтышв,male
Кунцал,male
Кунчак,male
Куны,male
Купа,male
Купал,male
Купериа,male
Купи,male
Куприян,male
Купта,male
Курагаджи,male
Кураз,male
Кураильмагомед,male
Кураиш,male
Курай,male
Куралав,male
Куралага,male
Курамагомед,male
Курар,male
Курахма,male
Курахмадибир,male
Курач,male
Кураш,male
Курбан,male
Курбан-магомед,male
Курбанав,male
Курбанали,male
Курбанаци,male
Курбангаджи,male
Курбандада,male
Курбандибир,male
Курбанилав,male
Курбанисмаил,male
Курбанмагомед,male
Курбансмяли,male
Курбанчи,male
Курбанчигаджи,male
Курган,male
Кургок,male
Кургоко,male
Курдан,male
Курдгиал,male
Курди,male
Курдул,male
Курейш,male
Курейша,male
Курза,male
Кури,male
Курина,male
Курис,male
Курк,male
Куркун,male
Куркур,male
Курмамби,male
Курман,male
Курманали,male
Курманбай,male
Курмангаджи,male
Курмахма,male
Курпыш,male
Курсолта,male
Курт,male
Курта,male
Куртабан,male
Куртта,male
Куру,male
Куругли,male
Курунха,male
Куруптурсын,male
Курух,male
Куруц,male
Курци,male
Курцихма,male
Курча,male
Курчигаджи,male
Курчихан,male
Курш,male
Куршвы,male
Курши,male
Курыжв,male
Курый,male
Курыцв,male
Курыш,male
Курышв,male
Курюко,male
Кусай,male
Кусалав,male
Кусеп,male
Кустанды,male
Кустек,male
Кустеке,male
Кут,male
Кута,male
Кутала,male
Кутар,male
Кутат,male
Куташ,male
Кутбудин,male
Кути,male
Кутиа,male
Кутина,male
Кутит,male
Кутруа,male
Кутуз,male
Кутуч,male
Куты,male
Кутыбла,male
Кутына,male
Кутыр,male
Куц,male
Куца,male
Куцаг,male
Куцай,male
Куциц,male
Куцна,male
Куцрида,male
Куцрыуа,male
Куцук,male
Куцыху,male
Куч,male
Куча,male
Кучар,male
Кучас,male
Кучгери,male
Кучер,male
Кучи,male
Кучику,male
Кучикубей,male
Кучиш,male
Кучка,male
Кучкан,male
Кучмез,male
Кучрыуа,male
Кучу,male
Кучук,male
Кучукбеи,male
Кучык,male
Кучыкубей,male
Кучын,male
Кучып,male
Кучыр,male
Кучыра,male
Кучыта,male
Кучыч,male
Кучыча,male
Куш,male
Кушай,male
Кушби,male
Кушв,male
Кушва,male
Кушван,male
Кушвтын,male
Кушканти,male
Кушкар,male
Кушлыку,male
Кушта,male
Кушталав,male
Кущук,male
Куыдайнат,male
Куыкуа,male
Куыцык,male
Кцу,male
Кцыгу,male
Кчим,male
Кшван,male
Кшиштоф,male
Кыбе,male
Кыбей,male
Кыбжа,male
Кыбта,male
Кыбчыш,male
Кыгу,male
Кыгуса,male
Кыдж,male
Кыдз,male
Кыдзбе,male
Кыдыр,male
Кыдырали,male
Кыдырнияз,male
Кыдырылы-яс,male
Кыж,male
Кыжа,male
Кыжв,male
Кыжвза,male
Кыжина,male
Кыз,male
Кызбан,male
Кык,male
Кыка,male
Кыла,male
Кылкуры,male
Кылпа,male
Кылташвин,male
Кылчын,male
Кылыч,male
Кылышгирей,male
Кым,male
Кымса,male
Кымсыс,male
Кымчыр,male
Кымчыч,male
Кына,male
Кындыф,male
Кынта,male
Кынтас,male
Кынтыжв,male
Кып,male
Кыпа,male
Кыпса,male
Кыпчыш,male
Кыпыча,male
Кырпыжв,male
Кырцын,male
Кырч,male
Кырчын,male
Кырымсолтан,male
Кырымсултан,male
Кырымхан,male
Кырычы,male
Кыс,male
Кыса,male
Кыт,male
Кытыл,male
Кыцв,male
Кыцкур,male
Кыцкэыр,male
Кыч,male
Кыча,male
Кычыгу,male
Кычын,male
Кышвкуатала,male
Кыясбек,male
Кэмерон,male
Кюребек,male
Кюри,male
Кязим,male
Кялта,male
Кялши,male
Кяс,male
Лабазан,male
Лабай,male
Лабаху,male
Лавр,male
Лаврент,male
Лаврентий,male
Лавха,male
Лаг,male
Лага,male
Лагажв,male
Лаган,male
Лагду,male
Лагу,male
Лагургиа,male
Лагуртан,male
Лагустан,male
Лад,male
Ладау,male
Ладе,male
Ладемур,male
Ладен,male
Ладж,male
Ладжгуа,male
Лади,male
Ладико,male
Ладикуа,male
Ладимыр,male
Ладмер,male
Ладо,male
Лажв,male
Лаз,male
Лазарбек,male
Лазарь,male
Лази,male
Лазим,male
Лазир,male
Лазыф,male
Лайнус,male
Лака,male
Лакте,male
Лактемир,male
Лаку,male
Лакуб,male
Лакумен,male
Лакумха,male
Лакушв,male
Лакшвы,male
Лакшвышв,male
Лала,male
Лалау,male
Лалащ,male
Лало,male
Лалу,male
Лалух,male
Лам,male
Ламбек,male
Ламберд,male
Ламет,male
Ламетуллах,male
Ламжвиа,male
Лами,male
Ламкац,male
Ламкып,male
Лампа,male
Ламсолта,male
Ламшацв,male
Ламшин,male
Ламшиху,male
Ламырцва,male
Ланагу,male
Ланот,male
Ланыж,male
Лапан,male
Лапсыкуа,male
Лапута,male
Лапш,male
Лапшхырпа,male
Ларей,male
Лари,male
Ларион,male
Ларри,male
Ларс,male
Ларса,male
Ласа,male
Ласба,male
Лат,male
Латип,male
Латиф,male
Латкуаг,male
Латкуамиа,male
Латкуч,male
Латмир,male
Лато,male
Лау,male
Лауан,male
Лауанду,male
Лауантиа,male
Лауарсан,male
Лаурсаб,male
Лаурсан,male
Лах,male
Лахан,male
Лахас,male
Лахиялав,male
Лахиялмагома,male
Лахуа,male
Лахуач,male
Лахукан,male
Лахчу,male
Лац,male
Лацкут,male
Лацу,male
Лацхут,male
Лацыс,male
Лачен,male
Лаченилав,male
Лачи,male
Лачин,male
Лачис,male
Лачич,male
Лаша,male
Лашара,male
Лгыт,male
Леандро,male
Лев,male
Леван,male
Леванти,male
Левард,male
Леварса,male
Леварсан,male
Левий,male
Левон,male
Левтир,male
Леиуа,male
Лека,male
Лекен,male
Лексей,male
Лексо,male
Леку,male
Ленто,male
Лео,male
Леон,male
Леонард,male
Леонти,male
Леонтий,male
Леопольд,male
Лерман,male
Лерыч,male
Лесли,male
Лестер,male
Летиф,male
Леуа,male
Леуан,male
Леуантиа,male
Леуард,male
Леуарса,male
Леуарсан,male
Леурсан,male
Лех,male
Леча,male
Лечи,male
Лечо,male
Ли,male
Лиам,male
Лианда,male
Лиашв,male
Ливан,male
Ликуа,male
Лилиян,male
Линус,male
Лионель,male
Липа,male
Лирахмат,male
Лирич,male
Лит,male
Лиусик,male
Ллойд,male
Ловик,male
Лодка,male
Локаз,male
Локалав,male
Локман,male
Лола,male
Лом-Али,male
Лом-Солта,male
Ломали,male
Лонги,male
Лонгин,male
Лопа,male
Лоран,male
Лоранс,male
Лоренсо,male
Лоренцо,male
Лорик,male
Лорса,male
Лорса-Хаджи,male
Лорсабек,male
Лорсанук,male
Лоти,male
Лоу,male
Лоуренс,male
Лох,male
Лу,male
Луи,male
Луис,male
Луиш,male
Лука,male
Лукан,male
Лукас,male
Лукаш,male
Лукман,male
Лукпан,male
Лукьян,male
Луман,male
Лусен,male
Лут,male
Лути,male
Лучано,male
Луша,male
Лыгажипа,male
Лыгу,male
Лыдж,male
Лыку,male
Лымга,male
Лымхаду,male
Лымхаш,male
Лымша,male
Лымшацв,male
Лып,male
Лысба,male
Лыт,male
Лых,male
Лю,male
Людвиг,male
Людовик,male
Люсьен,male
Лябид,male
Лялю,male
Лямет,male
Лятиф,male
Ляу,male
Ляша,male
Лёма,male
Лёня,male
Лёсик,male
Маа,male
Маабия,male
Маадан,male
Мааданыз,male
Маадыш,male
Мааз,male
Маако,male
Маамжиа,male
Маамса,male
Маангалав,male
Мааныкуа,male
Мааруф,male
Маас,male
Маасен,male
Мааткери,male
Маач,male
Мааш,male
Мавледин,male
Мавлет,male
Мавлетхан,male
Мавлим,male
Мавлимберди,male
Мавлуд,male
Мавлудин,male
Мавра,male
Маврик,male
Маврикий,male
Мага,male
Магад,male
Магалли,male
Магамсад,male
Магарам,male
Магарамбек,male
Магди,male
Магдиада,male
Магдиали,male
Магдибег,male
Магдилав,male
Магдимагомед,male
Магдихан,male
Магет,male
Маги,male
Магидин,male
Магит,male
Магома,male
Магомаали,male
Магомадада,male
Магомалав,male
Магомасултан,male
Магомед,male
Магомедага,male
Магомедазиз,male
Магомедали,male
Магомедамин,male
Магомеданвар,male
Магомедариф,male
Магомедбашир,male
Магомедбег,male
Магомедбек,male
Магомедвали,male
Магомедвели,male
Магомедгаджияв,male
Магомедгази,male
Магомедганифа,male
Магомедгарачи,male
Магомедгасан,male
Магомедгусейн,male
Магомеддибир,male
Магомедзагид,male
Магомедзакир,male
Магомедзапир,male
Магомедкади,male
Магомедкази,male
Магомедкамил,male
Магомедкамиль,male
Магомедкасим,male
Магомедкасу,male
Магомедкасум,male
Магомедкерим,male
Магомедмирза,male
Магомедмирзе,male
Магомеднаби,male
Магомедназир,male
Магомеднасир,male
Магомедпазил,male
Магомедрагим,male
Магомедрасул,male
Магомедрафис,male
Магомедрашид,male
Магомедсадик,male
Магомедсаид,male
Магомедсалам,male
Магомедсалих,male
Магомедсамир,male
Магомедсултан,male
Магомедтагир,male
Магомедтахир,male
Магомедхабиб,male
Магомедхаир,male
Магомедхайбула,male
Магомедхан,male
Магомедхано,male
Магомедчергес,male
Магомедшапи,male
Магомедшарип,male
Магомедшафи,male
Магомедшейх,male
Магомедэмин,male
Магомедяраги,male
Магомет,male
Магометмирза,male
Маграц,male
Магридж,male
Магруп,male
Магрухан,male
Магу,male
Магул,male
Магур,male
Магуш,male
Магыд,male
Мада,male
Мадани,male
Мадгу,male
Мадгуа,male
Мадгугу,male
Мадер,male
Мадж,male
Маджадж,male
Маджаджа,male
Маджалав,male
Маджара,male
Маджарас,male
Маджга,male
Маджгала,male
Маджид,male
Маджир,male
Маджит,male
Маджлис,male
Маджнун,male
Мадзар,male
Мадзаху,male
Мадзыдз,male
Мади,male
Мадикуа,male
Мадилав,male
Мадин,male
Мадиша,male
Мадлакиа,male
Мадлей,male
Мадлен,male
Мадлыкуа,male
Мадлым,male
Мадыгу,male
Мадырхак,male
Мадыш,male
Мажагу,male
Мажагуа,male
Мажадин,male
Мажара,male
Мажв,male
Мажид,male
Мажира,male
Мажит,male
Мажиура,male
Мажлум,male
Маз,male
Маза,male
Мазага,male
Мазагиб,male
Мазай,male
Мазак,male
Мазака,male
Мазалбак,male
Мазан,male
Мазарбак,male
Мазахиб,male
Мазгар,male
Мазейча,male
Мази,male
Мазику,male
Мазлак,male
Мазлоу,male
Мазлыкуа,male
Мазмаша,male
Мазук,male
Мазхар,male
Маи,male
Маидин,male
Маиз,male
Маил,male
Маилав,male
Маиндур,male
Маип,male
Маир,male
Маирбег,male
Маирбек,male
Майидин,male
Майил,male
Майк,male
Майкл,male
Майко,male
Майло,male
Майор,male
Майрабек,male
Майрам,male
Майрамбек,male
Майрамкыз,male
Майрамук,male
Майран,male
Майранкул,male
Майрансау,male
Майрбек,male
Майрсолта,male
Майрсултан,male
Мак,male
Мака,male
Макадгасан,male
Макади,male
Макар,male
Макарбек,male
Макариа,male
Макарий,male
Макач,male
Макашарип,male
Макбет,male
Македон,male
Маки,male
Макиа,male
Макиашв,male
Макирдин,male
Макка,male
Маккагаджи,male
Маккахан,male
Маккашарип,male
Маккензи,male
Маклач,male
Маклин,male
Мако,male
Макрон,male
Макса,male
Максма,male
Максуд,male
Максудгирей,male
Максум,male
Максут,male
Максыма,male
Мактат,male
Мактиа,male
Макуа,male
Макуан,male
Макуат,male
Макугу,male
Макут,male
Макута,male
Макшарип,male
Макшерип,male
Мала,male
Малаали,male
Малагусейн,male
Маладес,male
Маладу,male
Малазан,male
Малака,male
Малаки,male
Малакиа,male
Малалав,male
Маламагомед,male
Маламед,male
Маларамазан,male
Маласа,male
Малат,male
Малафий,male
Малахдада,male
Малахма,male
Малач,male
Малачи,male
Малачилав,male
Малгами,male
Малдай,male
Малдзыг,male
Малец,male
Малик,male
Малико,male
Малиль,male
Малихуа,male
Малич,male
Малла,male
Маллараджаб,male
Маллахмед,male
Малсаг,male
Малсак,male
Малулав,male
Малучилав,male
Малхаз,male
Малцаг,male
Мальсаг,male
Мальчуган,male
Мамав,male
Мамага,male
Мамагуа,male
Мамагул,male
Мамад,male
Мамадбег,male
Мамади,male
Мамадибир,male
Мамай,male
Мамайза,male
Мамайхан,male
Мамак,male
Мамалав,male
Мамант,male
Мамарза,male
Мамасы,male
Мамат,male
Мамата,male
Мамати,male
Маматкери,male
Маматла,male
Маматмирза,male
Маматхан,male
Мамаца,male
Мамаш,male
Мамашата,male
Мамбет,male
Мамев,male
Мамед,male
Мамедали,male
Мамедяр,male
Мамей,male
Мамет,male
Маметали,male
Маметка,male
Мамжиа,male
Мами,male
Мамий,male
Мамик,male
Мамина,male
Мамма,male
Маммабута,male
Маммагаджи,male
Маммагази,male
Маммада,male
Маммадай,male
Маммакади,male
Маммакурбан,male
Маммалав,male
Маммамагомед,male
Маммацай,male
Маммилав,male
Мамна,male
Мамрач,male
Мамса,male
Мамсир,male
Мамсрюко,male
Мамста,male
Мамсур,male
Мамсыр,male
Мамука,male
Мамулав,male
Мамун,male
Мамуха,male
Мамуш,male
Мамщ,male
Мамыйгаг,male
Мамыржвыгу,male
Мамыхуа,male
Мамыч,male
Мамыш,male
Мамыща,male
Манай,male
Манап,male
Манара,male
Манаф,male
Манбет,male
Манверд,male
Манда,male
Мандала,male
Мандалав,male
Манджура,male
Манилав,male
Манкар,male
Манку,male
Манкули,male
Маннан,male
Мансур,male
Мантаг,male
Мантай,male
Манташ,male
Мантыку,male
Ману,male
Манух,male
Манучар,male
Мануэль,male
Манфред,male
Манча,male
Манчи,male
Манчуча,male
Маншвала,male
Маныху,male
Маню,male
Мапсма,male
Мараз,male
Марат,male
Марван,male
Марг,male
Марга,male
Маргула,male
Маргуш,male
Мард,male
Мардан,male
Мардасоу,male
Марджа,male
Мардсоу,male
Марек,male
Маржанулав,male
Маржу,male
Марзабак,male
Марзабек,male
Марзакан,male
Марзакул,male
Марзан,male
Мариам,male
Мариано,male
Мариаша,male
Марий,male
Марик,male
Марикуа,male
Мариу,male
Маркел,male
Марко,male
Маркоз,male
Маркс,male
Марку,male
Маркуаз,male
Марлен,male
Марлон,male
Мароз,male
Марсал,male
Марсело,male
Мартаг,male
Мартаз,male
Мартак,male
Марти,male
Мартин,male
Мартнака,male
Мартын,male
Маруко,male
Маруп,male
Марух,male
Марфил,male
Марфониа,male
Мархас,male
Марчелло,male
Марчыг,male
Марчыч,male
Маршалл,male
Маршан,male
Маршанлашв,male
Марыгу,male
Марым,male
Марытбей,male
Марытху,male
Марытхуа,male
Марыф,male
Марыху,male
Мас,male
Маса,male
Масан,male
Масандилав,male
Масанхан,male
Масар,male
Масаса,male
Масика,male
Масико,male
Масим,male
Маска,male
Маскиа,male
Маслед,male
Масрыкуа,male
Массимилиано,male
Массимо,male
Мастаф,male
Мастер,male
Масу,male
Масуд,male
Масум,male
Масумагомед,male
Масур,male
Масхаб,male
Масхуд,male
Масхудин,male
Мат,male
Мата,male
Матай,male
Матак,male
Матал,male
Матамей,male
Матаней,male
Матарбей,male
Матарей,male
Матарса,male
Матбей,male
Матгери,male
Матдзи,male
Мате,male
Матеуш,male
Мати,male
Матиас,male
Матиг,male
Матико,male
Матикурбан,male
Матит,male
Матищ,male
Матку,male
Маткуа,male
Матор,male
Матра,male
Матран,male
Маттео,male
Маттиас,male
Мату,male
Матхуа,male
Маты,male
Матыгиаж,male
Матыгу,male
Матырбей,male
Матырдзач,male
Матыт,male
Матье,male
Матьяш,male
Маудин,male
Маули,male
Маульт,male
Маурисио,male
Маурицио,male
Мауро,male
Маут,male
Маф,male
Мафа,male
Мафусаил,male
Мах,male
Маха,male
Махабет,male
Махавад,male
Махад,male
Махада,male
Махади,male
Махаз,male
Махаид,male
Махаир,male
Махак,male
Махаку,male
Махалав,male
Махалд,male
Махали,male
Махам,male
Махамкалав,male
Махамматнаби,male
Маханти,male
Махар,male
Махарбек,male
Махариа,male
Махастан,male
Махат,male
Махатилав,male
Махатта,male
Махач,male
Махачилав,male
Махаш,male
Махди,male
Махдилав,male
Махды,male
Махи,male
Махиаку,male
Махиал,male
Махиала,male
Махид,male
Махит,male
Махла,male
Махма,male
Махмад,male
Махмадгирей,male
Махмат,male
Махмат-хан,male
Махматкери,male
Махмед,male
Махмет,male
Махметби,male
Махметыку,male
Махмуд,male
Махмуд-Хаджи,male
Махмудапанди,male
Махмудин,male
Махмудхан,male
Махмут,male
Махо,male
Махсида,male
Махсуд,male
Махсум,male
Махсут,male
Махт,male
Махти,male
Махту,male
Махты,male
Маху,male
Махулав,male
Махута,male
Махутал,male
Махутала,male
Махути,male
Махуху,male
Махучи,male
Махуы,male
Махциг,male
Махцико,male
Махцит,male
Мац,male
Маца,male
Мацаху,male
Мацаца,male
Мацвыс,male
Мацко,male
Мацкуа,male
Мацу,male
Мацуц,male
Мач,male
Мача,male
Мачав,male
Мачагуа,male
Мачач,male
Мачи,male
Мачик,male
Мачич,male
Мачкуакуа,male
Мачкуку,male
Мачраиль,male
Мачуко,male
Мачча,male
Маччалав,male
Мачыч,male
Маш,male
Маша,male
Машалиа,male
Машаллах,male
Машанна,male
Машв,male
Машика,male
Машику,male
Машир,male
Машиху,male
Машиша,male
Машкуала,male
Машта,male
Маштав,male
Машук,male
Машуко,male
Маща,male
Маюдин,male
Мгадыр,male
Мгуадж,male
Мгуажв,male
Мгуажиа,male
Мгуакиа,male
Мгуакия,male
Мгыр,male
Мдажыкуа,male
Мдар,male
Мджиа,male
Мджит,male
Мдиш,male
Мды,male
Мдыр,male
Мдырлы,male
Меандр,male
Меблуд,male
Мевлидин,male
Мевлюдин,male
Мевлют,male
Мег,male
Мегеж,male
Мед,male
Меда,male
Медал,male
Меде,male
Медев,male
Медет,male
Медетхан,male
Меджид,male
Меджидин,male
Медико,male
Медина,male
Межведил,male
Межед,male
Межид,male
Межидин,male
Межит,male
Межлум,male
Мез,male
Меижифа,male
Мейирим,male
Мейлан,male
Мектиа,male
Мекты,male
Мелани,male
Мелвин,male
Мелес,male
Мелик,male
Мелико,male
Мелитон,male
Мелко,male
Мелтон,male
Мельс,male
Меля,male
Мемед,male
Мемей,male
Мен,male
Менглали,male
Менглибий,male
Менглигирей,male
Менд,male
Менелай,male
Менси,male
Менудин,male
Мер,male
Мераб,male
Мераби,male
Мервадик,male
Мерд,male
Мердали,male
Мерден,male
Мерим,male
Мерон,male
Меселав,male
Местор,male
Месут,male
Метелий,male
Мети,male
Метиа,male
Метуар,male
Метхан,male
Мефодий,male
Мехди,male
Мехман,male
Мехти,male
Мехтихан,male
Меч,male
Мечислав,male
Мжиг,male
Мзалей,male
Мзаус,male
Мзауст,male
Мзауч,male
Мзафар,male
Мзет,male
Мзоуч,male
Мзыч,male
Миа,male
Мигран,male
Мида,male
Мидад,male
Мидет,male
Мидилав,male
Миза,male
Мизам,male
Мизамудин,male
Мизан,male
Мизах,male
Мизраб,male
Микаил,male
Микат,male
Микаэль,male
Микаяв,male
Микдад,male
Микеланджело,male
Мики,male
Микиал,male
Микки,male
Миккимагома,male
Миккиомар,male
Миклош,male
Мико,male
Микогази,male
Микола,male
Милак,male
Миламудин,male
Милгажидин,male
Миллатулла,male
Милослав,male
Милош,male
Мильдад,male
Мильрад,male
Милямудин,male
Мима,male
Миме,male
Мимерза,male
Мимет,male
Мими,male
Мимиа,male
Мимлат,male
Мина,male
Миназ,male
Минай,male
Минак,male
Минарбек,male
Минас,male
Минатулла,male
Минбала,male
Минболат,male
Минга,male
Мингаж,male
Мингажудин,male
Минда,male
Минейуллах,male
Минетуллах,male
Минкаил,male
Минкий,male
Минсолта,male
Минчий,male
Миодраг,male
Мираб,male
Мирали,male
Мират,male
Мирач,male
Мирвет,male
Мирги,male
Мирдиш,male
Мирзаази,male
Мирзаали,male
Мирзаахмед,male
Мирзабег,male
Мирзабек,male
Мирзагаджи,male
Мирзакади,male
Мирзалав,male
Мирзали,male
Мирзалмагомед,male
Мирзахан,male
Мирзаюд,male
Мирзаюдин,male
Мирзе,male
Мирзеабас,male
Мирзеага,male
Мирзеахмед,male
Мирзебала,male
Мирзебег,male
Мирзебутай,male
Мирзегасан,male
Мирзекерим,male
Мирземагомед,male
Мирзехан,male
Мирзяли,male
Мирим,male
Миримзе,male
Миркули,male
Миро,male
Мирод,male
Мирон,male
Мирослав,male
Мирча,male
Миса,male
Мисар,male
Мисара,male
Мисарби,male
Мисатиа,male
Миси,male
Мисир,male
Мисирби,male
Мисирко,male
Мисирпаша,male
Мисирхан,male
Мискин,male
Мислим,male
Мисмудин,male
Мисор,male
Мисост,male
Мисри,male
Мисриман,male
Мисрихан,male
Мита,male
Митай,male
Митаку,male
Митенька,male
Мити,male
Митка,male
Митки,male
Мито,male
Митра,male
Митрий,male
Митродор,male
Митуар,male
Митуш,male
Митуша,male
Митхад,male
Митя,male
Митяд,male
Мифтях,male
Миха,male
Михайла,male
Михако,male
Михал,male
Михась,male
Михаэль,male
Михей,male
Михель,male
Михо,male
Михраджи,male
Мича,male
Мичивоши,male
Мичилав,male
Мичошо,male
Миша,male
Мишай,male
Мишель,male
Мишенька,male
Мишико,male
Мишин,male
Мишка,male
Мишта,male
Мказ,male
Мкалаз,male
Мкан,male
Мкиал,male
Мклаз,male
Мкодиа,male
Мкуар,male
Мкуат,male
Мкудж,male
Мкуку,male
Мкыжв,male
Мнуша,male
Мовла,male
Мовлад,male
Мовлади,male
Мовлат,male
Мовлатгиреи,male
Мовлатхан,male
Мовлди,male
Мовлен,male
Мовли,male
Мовлид,male
Мовсар,male
Мовсур,male
Модест,male
Модоли,male
Можив,male
Мойша,male
Мокей,male
Мококилав,male
Мокочо,male
Молла,male
Моллали,male
Монти,male
Морех,male
Мориц,male
Морти,male
Мос,male
Мосиа,male
Мосхиал,male
Мотя,male
Моулди,male
Мохади,male
Мохамед,male
Мохаммад,male
Мохаммед,male
Мохмад,male
Мохо,male
Мохобег,male
Мохоч,male
Мочав,male
Мочок,male
Моше,male
Мошка,male
Мракапха,male
Мрамба,male
Мрамза,male
Мрза,male
Мрзабек,male
Мрзахан,male
Мрзиат,male
Мсакан,male
Мсакей,male
Мсалы,male
Мсас,male
Мсауыст,male
Мсикуан,male
Мскин,male
Мсост,male
Мсоурат,male
Мстислав,male
Мсурат,male
Мсуст,male
Мсыгуда,male
Мсын,male
Мсыр,male
Мсырбей,male
Мсыргуда,male
Мсыс,male
Мтаргиалаз,male
Мтаргиахаз,male
Муаед,male
Муазин,male
Муатай,male
Мубарак,male
Мубарик,male
Муга,male
Мугад,male
Мугач,male
Мугзар,male
Мугудин,male
Мугул,male
Мугутдин,male
Муда,male
Мудагасан,male
Мудар,male
Мудат,male
Мудун,male
Мудунбилал,male
Мудунмагомед,male
Мудунналав,male
Мужагид,male
Мужаид,male
Мужайдин,male
Мужей,male
Мужид,male
Музадзир,male
Музайпу,male
Музакир,male
Музан,male
Музапир,male
Музар,male
Музарбей,male
Музарин,male
Музариф,male
Музарудин,male
Музафар,male
Музафер,male
Музафудин,male
Музгар,male
Музур,male
Мук,male
Мукадис,male
Мукаил,male
Мукамай,male
Муканат,male
Мукара,male
Мукдад,male
Мукка,male
Муко,male
Мукошадибир,male
Мукузи,male
Мукул,male
Мукучи,male
Мулахан,male
Мулдар,male
Мума,male
Мумади,male
Мумин,male
Мумтаз,male
Мунавир,male
Мунги,male
Мунта,male
Мунча,male
Мунчи,male
Мурад,male
Мурадага,male
Мурадали,male
Мурадасыл,male
Мурадбег,male
Мурадбек,male
Мурадгаджи,male
Муради,male
Мурадин,male
Мурадис,male
Мурадрасул,male
Мурадхан,male
Мурат,male
Муратали,male
Муратбей,male
Муратбек,male
Муратхан,male
Мурачу,male
Мурдал,male
Мурдал-Хаджи,male
Мурза,male
Мурзабек,male
Мурзабий,male
Мурзакка,male
Мурзали,male
Мурзахан,male
Мурид,male
Мурик,male
Мурилав,male
Мурки-Гази,male
Мурман,male
Мурсаали,male
Муртадали,male
Муртаз,male
Муртаза,male
Муртазаали,male
Муртазак,male
Муртазали,male
Мурти,male
Муртилав,male
Муртуз,male
Муртузали,male
Мурцал,male
Мурцали,male
Муршид,male
Мурщилав,male
Мус,male
Муса,male
Мусабег,male
Мусабек,male
Мусаби,male
Мусабий,male
Мусагаджи,male
Мусадибир,male
Мусаиб,male
Мусаил,male
Мусайиб,male
Мусайхан,male
Мусакай,male
Мусакхай,male
Мусалав,male
Мусалажу,male
Мусалали,male
Мусалим,male
Мусанип,male
Мусаниф,male
Мусаннип,male
Мусарби,male
Мусата,male
Мусауз,male
Мусафенди,male
Мусахан,male
Мусахма,male
Мусбек,male
Мусбирудин,male
Муси,male
Мусибутта,male
Мусич,male
Муслим,male
Мусост,male
Муспуртин,male
Мусса,male
Мустапа,male
Мустаф,male
Мустафа,male
Мустафабек,male
Мусхаб,male
Мут,male
Мута,male
Мутагир,male
Мутаил,male
Мутаилав,male
Мутал,male
Муталав,male
Мутали,male
Муталиб,male
Муталим,male
Муталип,male
Муталлап,male
Муталлиб,male
Мутач,male
Муташ,male
Мути,male
Мутин,male
Муту,male
Мутук,male
Муфрудин,male
Муха,male
Мухаб,male
Мухад,male
Мухадди,male
Мухаддин,male
Мухаджер,male
Мухаджир,male
Мухадин,male
Мухаж,male
Мухажид,male
Мухажир,male
Мухаз,male
Мухамед,male
Мухаммед,male
Мухар,male
Мухарав,male
Мухарбек,male
Мухарби,male
Мухастан,male
Мухдин,male
Мухетдин,male
Мухидин,male
Мухканав,male
Мухмад,male
Мухочи,male
Мухран,male
Мухсин,male
Мухтар,male
Мухтарали,male
Мухтарбек,male
Мухтарпаша,male
Мухтасар,male
Муху,male
Мухудада,male
Мухудин,male
Мухуч,male
Мухучи,male
Мухучилав,male
Мухчи,male
Муцаали,male
Муцал,male
Муцалхан,male
Муча,male
Мучарильмагома,male
Мучка,male
Мушбек,male
Мушни,male
Муштафар,male
Мхаджир,male
Мхалаз,male
Мцурат,male
Мцхуы,male
Мцыка,male
Мчак,male
Мчач,male
Мчы,male
Мчыгу,male
Мчыч,male
Мшалиа,male
Мшан,male
Мшаша,male
Мшвагу,male
Мшвагу-киач,male
Мшвады,male
Мшвал,male
Мшван,male
Мшвылды,male
Мшихак,male
Мшыхц,male
Мшыш,male
Мыгу,male
Мыгуа,male
Мыгулы,male
Мыд,male
Мыда,male
Мыдажв,male
Мыдар,male
Мыдга,male
Мыдгиштын,male
Мыдгуа,male
Мыджа,male
Мыджга,male
Мыджгуа,male
Мыджгур,male
Мыджыт,male
Мыдыш,male
Мыжа,male
Мыжв,male
Мыз,male
Мыза,male
Мызарбак,male
Мыздачу,male
Мызырбак,male
Мык,male
Мыка,male
Мыкин,male
Мыкола,male
Мыктан,male
Мыкыч,male
Мына,male
Мынча,male
Мыр,male
Мыргу,male
Мырза,male
Мырзабак,male
Мырзакан,male
Мырзакул,male
Мыркуаз,male
Мыркыджы,male
Мыркылдыш,male
Мыркыц,male
Мырта,male
Мыса,male
Мысирбий,male
Мыскуыгу,male
Мысракуа,male
Мысрей,male
Мысрина,male
Мысрыкуа,male
Мыст,male
Мыстаабей,male
Мыстаф,male
Мыстафа,male
Мыстыку,male
Мыт,male
Мыта,male
Мытаташ,male
Мытбей,male
Мыткуа,male
Мытрышка,male
Мытхач,male
Мыты,male
Мытыт,male
Мыцхуаркжиоу,male
Мыцхуаркижиоу,male
Мыч,male
Мыча,male
Мычихаку,male
Мычкуа,male
Мычкуку,male
Мычу,male
Мычыч,male
Мыш,male
Мышаост,male
Мышв,male
Мышвды,male
Мышвкиар,male
Мышвмад,male
Мышвмат,male
Мышка,male
Мышкуагу,male
Мышкуала,male
Мышкут,male
Мышныкуа,male
Мыштата,male
Мышха,male
Мышыкуа,male
Мэлс,male
Мэнни,male
Мэрион,male
Мэт,male
Мэтти,male
Мэттью,male
Мэтью,male
Мюрщи,male
Мява,male
Мязу,male
Мяки,male
Мякули,male
Мямагай,male
Мянгу,male
Мярс,male
Мятази,male
Мятяз,male
Мятязи,male
Мяхкам,male
Мяхят,male
Мяча,male
Мячи,male
Мячимурад,male
Мяши,male
Наабат,male
Наазым,male
Нааиб,male
Нааилым,male
Набжоу,male
Набзадахиа,male
Наби,male
Набигула,male
Набигулла,male
Набийрулла,male
Набиш,male
Набиюлла,male
Набыгу,male
Навави,male
Наваг,male
Нави,male
Навроз,male
Наврудин,male
Наврузбег,male
Наврузбек,male
Нагавидин,male
Нагбар,male
Нагдали,male
Наге,male
Наги,male
Нагой,male
Нагу,male
Нагуа,male
Нагуагуа,male
Нагуна,male
Нагута,male
Надбей,male
Наджаб,male
Наджаф,male
Наджгуа,male
Наджхиу,male
Надига,male
Надикуа,male
Надим,male
Надир,male
Надирбег,male
Надирпаша,male
Надмир,male
Надурали,male
Надыр,male
Нажа,male
Нажади,male
Нажвадин,male
Нажи,male
Нажип,male
Нажмудди,male
Нажмудин,male
Нажмутдин,male
Назар,male
Назарали,male
Назарбек,male
Назбей,male
Назбек,male
Назив,male
Назил,male
Назим,male
Назир,male
Назирбег,male
Назиф,male
Назифа,male
Назрыкуа,male
Назыбей,male
Назык,male
Назымби,male
Наиб,male
Наибхан,male
Наиль,male
Наим,male
Найджел,male
Наймудин,male
Нака,male
Наки,male
Накуа,male
Накур,male
Нали,male
Нало,male
Налтико,male
Налук,male
Наль,male
Нальби,male
Нальбий,male
Наметуллах,male
Намик,male
Намырза,male
Нанатроу,male
Нанау,male
Нанаш,male
Нанащ,male
Нани,male
Нану,male
Наныш,male
Напит,male
Наполеон,male
Напхицв,male
Напца,male
Напыс,male
Нарвик,male
Нарджхиоу,male
Нарендра,male
Нарзан,male
Нарик,male
Нарикас,male
Нарикуа,male
Нариман,male
Наркиз,male
Наркис,male
Нарсоу,male
Нарт,male
Нартби,male
Нартиа,male
Нартшао,male
Нартшу,male
Нару,male
Нарудин,male
Нарулаг,male
Нарцис,male
Нарча,male
Нарчигу,male
Нарчоу,male
Нарчхиоу,male
Нарчыгу,male
Наршоу,male
Нарык,male
Нарыч,male
Насаб,male
Насер,male
Насиб,male
Насибулла,male
Насиг,male
Насим,male
Насир,male
Насирбек,male
Насран,male
Насридин,male
Насру,male
Насрудди,male
Насрудин,male
Насрулаг,male
Насрулах,male
Насрулла,male
Насруллах,male
Насрутдин,male
Нассай,male
Наста,male
Насу,male
Насух,male
Насуха,male
Насухан,male
Нат,male
Ната,male
Натай,male
Натан,male
Натбей,male
Натби,male
Натриб,male
Натук,male
Натыгу,male
Науеи,male
Наузыдж,male
Наум,male
Наур,male
Наурби,male
Наурз,male
Науруз,male
Наурыз,male
Нафанаил,male
Нафи,male
Нафизад,male
Нахар,male
Нахарбей,male
Нахвар,male
Нахид,male
Нахир,male
Нахо,male
Наху,male
Нахуа,male
Нахуата,male
Нахупш,male
Наца,male
Нацкуа,male
Нацкур,male
Нача,male
Начо,male
Наш,male
Нашбатакуа,male
Нашир,male
Нашурдин,male
Нашхо,male
Наюка,male
Наюм,male
Неведи,male
Невилл,male
Нег,male
Негридин,male
Неда,male
Недар,male
Недар-Солта,male
Недждет,male
Недживан,male
Нежведил,male
Нежведин,male
Неза,male
Незар,male
Незир,male
Неизфат,male
Нейл,male
Нейтан,male
Нельсон,male
Немец,male
Нерон,male
Несредин,male
Нестер,male
Нестор,male
Нестур,male
Несым,male
Нефет,male
Нефтяли,male
Нефёд,male
Ниби,male
Нибиюллах,male
Нигилав,male
Ниджиа,male
Низами,male
Низамудин,male
Низар,male
Низир,male
Ник,male
Никабугума,male
Никакурбан,male
Никал,male
Никамагомед,male
Никандр,male
Никанор,male
Никарабадан,male
Никата,male
Никату,male
Никацай,male
Никелгаджи,male
Ники,male
Никитин,male
Никифор,male
Никки,male
Никлас,male
Нико,male
Никодим,male
Никола,male
Николоз,male
Николя,male
Никон,male
Никос,male
Нику,male
Никуа,male
Никуала,male
Нил,male
Нилав,male
Ниматула,male
Ниматулла,male
Нимей,male
Ниметуллах,male
Ниналал,male
Нинияв,male
Нисред,male
Нисредин,male
Нитиф,male
Нифир,male
Ничиа,male
Ничко,male
Нияз,male
Ниязбег,male
Ниязбек,male
Ниязбутай,male
Ниязи,male
Новраз,male
Ногай,male
Ногаймирза,male
Ногамирза,male
Ноги,male
Нодар,male
Нодари,male
Нока,male
Нол,male
Нолл,male
Нолли,male
Ноу,male
Ноураз,male
Ноурыз,male
Нох,male
Ноха,male
Ноча,male
Ноэль,male
Ноя,male
Нугай,male
Нугзар,male
Нугман,male
Нугуч,male
Нукай,male
Нукуш,male
Нули,male
Нумрудин,male
Нур,male
Нурав,male
Нуравхажи,male
Нурагмед,male
Нуради,male
Нурадил,male
Нурадин,male
Нураид,male
Нурали,male
Нураммат,male
Нурахама,male
Нурахма,male
Нурахмед,male
Нурбаганд,male
Нурбала,male
Нурбей,male
Нурбек,male
Нурби,male
Нурбий,male
Нургаджи,male
Нургазы,male
Нургиси,male
Нургуда,male
Нурди,male
Нурдин,male
Нурдулав,male
Нуредин,male
Нуржан,male
Нури,male
Нуригаджи,male
Нурид,male
Нуридин,male
Нурий,male
Нурипаша,male
Нурислам,male
Нурихамад,male
Нуричалав,male
Нуричу,male
Нуричулав,male
Нурлан,male
Нурлыбай,male
Нурмагомед,male
Нурманбет,male
Нурмегамед,male
Нурмет,male
Нурмухамад,male
Нурмухамед,male
Нурпаша,male
Нурсолта,male
Нуру,male
Нурудин,male
Нурула,male
Нурулгуда,male
Нурулла,male
Нуруллах,male
Нурутдин,male
Нуручи,male
Нурхан,male
Нусрат,male
Нусрет,male
Нух,male
Нуха,male
Нухай,male
Нухбег,male
Нухбек,male
Нуцал,male
Нуцалав,male
Нуцалхан,male
Нуцалчи,male
Нуци,male
Нучи,male
Нушки,male
Ныгу,male
Ныгуха,male
Ныгуху,male
Ныз,male
Нызбей,male
Нызфа,male
Ным,male
Ныма,male
Нымкуа,male
Нына,male
Нырбей,male
Ныс,male
Ныху,male
Ныхуа,male
Ныцкур,male
Нычкуа,male
Ныша,male
Нышка,male
Нэт,male
Нюдюрбек,male
Нюзир,male
Няз,male
Нязбей,male
Нямет,male
Оба,male
Обав,male
Обри,male
Овка,male
Овлур,male
Овта,male
Овтар,male
Овтар-Хаджи,male
Овхад,male
Огалук,male
Оглан,male
Огнен,male
Огурли,male
Огюст,male
Одинец,male
Ожди,male
Ождилав,male
Озамат,male
Озбак,male
Озбек,male
Озда,male
Оздамир,male
Оздамыр,male
Оздемир,male
Озди,male
Оздиг,male
Озермег,male
Озермес,male
Озир,male
Озрадж,male
Озроко,male
Ойболат,male
Ойген,male
Ойгум,male
Окмаз,male
Окра,male
Оксент,male
Октай,male
Окуалиа,male
Олагай,male
Олаф,male
Олбак,male
Олесь,male
Оли,male
Олий,male
Олмес,male
Олокан,male
Олоферн,male
Омагаджи,male
Омала,male
Омалав,male
Омалай,male
Омана,male
Омар,male
Омар-Адзи,male
Омарада,male
Омарасхаб,male
Омарбег,male
Омарбей,male
Омаргаджи,male
Омаргази,male
Омардибир,male
Омаржан,male
Омари,male
Омарибута,male
Омарилав,male
Омарлашв,male
Омармагомед,male
Омарсадик,male
Омарсурхай,male
Омархада,male
Омарчи,male
Омарша,male
Омах,male
Омахан,male
Омех,male
Омирбек,male
Омирзак,male
Омоч,male
Онзил,male
Онисим,male
Онколав,male
Онкоч,male
Онуфрий,male
Оппи,male
Опсит,male
Ораз,male
Оразали,male
Оразбай,male
Оразгелди,male
Оразмаг,male
Оразманбет,male
Орак,male
Оракбий,male
Оракчи,male
Ораш,male
Ордабек,male
Ордаш,male
Ордашао,male
Ордашуко,male
Орден,male
Орест,male
Орзали,male
Орзели,male
Орземес,male
Орзми,male
Орион,male
Ормат,male
Ормахут,male
Орснако,male
Орсон,male
Орто,male
Орудж,male
Орусбий,male
Орусхан,male
Орфей,male
Орхан,male
Орхуа,male
Орцахан,male
Орци,male
Орцхо,male
Орчыкуа,male
Орыс,male
Орысбий,male
Орыхуа,male
Ос,male
Оса,male
Осепа,male
Осип,male
Оситл,male
Осия,male
Оскан,male
Оскар,male
Осман,male
Османасхаб,male
Османбей,male
Османгаджи,male
Османкади,male
Османыкуа,male
Осохма,male
Оспан,male
Остап,male
Остромир,male
Осу,male
Отандей,male
Отар,male
Отар-Солта,male
Отарбай,male
Отарбег,male
Отарбей,male
Отарби,male
Отегуль,male
Отелло,male
Отемис,male
Отеш,male
Отто,male
Оумажв,male
Оурыскан,male
Оурышв,male
Оуэн,male
Офицер,male
Охолав,male
Охсек,male
Оцав,male
Оцилав,male
Оцлан,male
Оцмагома,male
Оцмагомед,male
Оцодадагаджияв,male
Оцок,male
Оцолав,male
Оцохма,male
Оцухума,male
Очара,male
Очара-Хаджи,male
Очи,male
Оши,male
Ошит,male
Пабло,male
Павла,male
Павле,male
Павлик,male
Павлин,male
Павло,male
Паг,male
Пагиас,male
Пагу,male
Пагуа,male
Падарав,male
Падди,male
Падыгу,male
Пажв,male
Пажин,male
Пажина,male
Паз,male
Паза,male
Пазад,male
Пазид,male
Пазил,male
Пазу,male
Пазулав,male
Паик,male
Паисий,male
Пайда,male
Пайзрахман,male
Пайзу,male
Пайзудин,male
Пайзула,male
Пайзулла,male
Пайзутдин,male
Пак,male
Пакала,male
Пакиа,male
Пакиасит,male
Пакир,male
Пакы,male
Палаган,male
Паланиа,male
Палаша,male
Палашв,male
Палган,male
Палум,male
Палуша,male
Памец,male
Панах,male
Панджа,male
Панджаса,male
Паника,male
Паниса,male
Панкрат,male
Панкратий,male
Пано,male
Пантелеимон,male
Пантелей,male
Пантелеймон,male
Паоло,male
Пап,male
Папа,male
Папалав,male
Папалаш,male
Папх,male
Папы,male
Папын,male
Парадж,male
Парамон,male
Паранг,male
Парвиз,male
Парзали,male
Паридалав,male
Парика,male
Парилав,male
Париоз,male
Парис,male
Пармен,male
Парна,male
Парпалык,male
Парса,male
Парси,male
Парсили,male
Парсо,male
Партен,male
Партон,male
Парук,male
Паруша,male
Парфений,male
Парфён,male
Пархад,male
Пархадан,male
Парху,male
Парчах,male
Паршеван,male
Пас,male
Паса,male
Пасагу,male
Пасарба,male
Пасарбей,male
Пасарби,male
Пасиль,male
Паскач,male
Паскиала,male
Паско,male
Пасса,male
Пат,male
Пата,male
Паталав,male
Патали,male
Патап,male
Патархан,male
Патас,male
Патата,male
Патах,male
Паташ,male
Патащ,male
Патей,male
Пати,male
Патий,male
Патикуа,male
Патилав,male
Патиналав,male
Патих,male
Патонка,male
Патраз,male
Патрик,male
Патрис,male
Патти,male
Патуща,male
Патх,male
Патху,male
Патхуа,male
Патхудин,male
Патыгу,male
Патыху,male
Патыхуа,male
Паула,male
Пауло,male
Пауль,male
Паф,male
Пафнутий,male
Пах,male
Паха,male
Пахарудди,male
Пахин,male
Пахла,male
Пахлаван,male
Пахомий,male
Пахриа,male
Пахру,male
Пахрудин,male
Пахрула,male
Пахрутдин,male
Паху,male
Пахуала,male
Пахуриа,male
Пахута,male
Пац,male
Паца,male
Пацагуымжиацв,male
Пацакиала,male
Пацала,male
Пацх,male
Пач,male
Пача,male
Пачана,male
Паччах,male
Пачыл,male
Паш,male
Паша,male
Пашабек,male
Пашв,male
Пашвду,male
Пашвыр,male
Пашвышв,male
Пашка,male
Пашко,male
Педи,male
Педро,male
Педру,male
Пезилби,male
Пеигуагу,male
Пеилеи,male
Пеитыгу,male
Пеку,male
Пела,male
Пелуан,male
Пемба,male
Пено,male
Пеп,male
Пера,male
Персеваль,male
Петер,male
Петка,male
Петкка,male
Петра,male
Петре,male
Петри,male
Петро,male
Петрос,male
Петька,male
Петя,male
Пеху,male
Пи,male
Пианца,male
Пидо,male
Пидури,male
Пилаку,male
Пилис,male
Пиллай,male
Пимба,male
Пимен,male
Пина,male
Пинагу,male
Пинж,male
Пиннажвадин,male
Пинтльмагомед,male
Пип,male
Пипа,male
Пипу,male
Пир,male
Пирав,male
Пирали,male
Пирбудаг,male
Пирвели,male
Пирверди,male
Пиргасан,male
Пиргусейн,male
Пирдузилав,male
Пирдус,male
Пирецци,male
Пирзда,male
Пирим,male
Пирисмаил,male
Пиркули,male
Пирмагомед,male
Пирмамед,male
Пирмет,male
Пирмурад,male
Пиро,male
Пирсаид,male
Пирсет,male
Пирсмяли,male
Пирсултан,male
Пиртузилав,male
Пирус,male
Писарь,male
Писка,male
Писута,male
Писхан,male
Питер,male
Питирим,male
Питу,male
Питулав,male
Пиц,male
Пица,male
Пици,male
Пицшахуар,male
Пиши,male
Пкан,male
Плат,male
Платаку,male
Платон,male
Пленка,male
Плутарх,male
Плыгу,male
Пойзулла,male
Пол,male
Полиграф,male
Поликарп,male
Поликуа,male
Полка,male
Полко,male
Полон,male
Полонмагомед,male
Поль,male
Понтус,male
Пончик,male
Поня,male
Пора,male
Порей,male
Порфир,male
Порфирий,male
Порча,male
Посыр,male
Пота,male
Потап,male
Пото,male
Пох,male
Поцо,male
Поча,male
Прахуап,male
Пре,male
Приам,male
Принс,male
Пров,male
Прокоп,male
Прокопий,male
Прокофий,male
Прокруст,male
Протагор,male
Прохор,male
Псабыда,male
Пси,male
Псоу,male
Пстаху,male
Псыма,male
Псымахуа,male
Псырдз,male
Псыуа,male
Птолемей,male
Пуадбей,male
Пуд,male
Пузули,male
Пулат,male
Пулен,male
Пута,male
Путгумма,male
Путо,male
Пучамагомед,male
Пучумагомед,male
Пхарказ,male
Пцу,male
Пшалахуы,male
Пшгуаз,male
Пшиби,male
Пшизаби,male
Пшикан,male
Пшикуй,male
Пшикур,male
Пшикура,male
Пшимаф,male
Пшимахо,male
Пшимида,male
Пшипий,male
Пшкан,male
Пшкара,male
Пшкиач,male
Пшмаку,male
Пшмакуа,male
Пштат,male
Пшыц,male
Пщикан,male
Пщимар,male
Пыжв,male
Пыжиаж,male
Пыка,male
Пылтыку,male
Пынцакуара,male
Пынын,male
Пыр,male
Пырыс,male
Пыс,male
Пыт,male
Пыта,male
Пыху,male
Пыц,male
Пыч,male
Пыча,male
Пычкул,male
Пычха,male
Пычхиа,male
Пыш,male
Пышв,male
Пьер,male
Пьетро,male
Пэдди,male
Пэт,male
Пэтти,male
Пяпяй,male
Пяцанали,male
Рааиз,male
Раас,male
Рабадан,male
Рабаджа,male
Рабани,male
Рабат,male
Раби,male
Работай,male
Рабун,male
Рабыдж,male
Рабым,male
Раван,male
Равзан,male
Равсадж,male
Равусгаджи,male
Равшан,male
Рагиб,male
Рагим,male
Рагуа,male
Рад,male
Радамель,male
Раджаб,male
Раджабдибир,male
Раджабилав,male
Раджап,male
Раджахма,male
Раджидин,male
Раджыб,male
Радик,male
Радим,male
Радима,male
Радион,male
Радмир,male
Радха,male
Ражаб,male
Ражабази,male
Ражап,male
Ражбадин,male
Ражден,male
Ражидин,male
Ражикуа,male
Ражихан,male
Разаа,male
Разак,male
Разан,male
Разахан,male
Разден,male
Разма,male
Разу,male
Разумник,male
Раидин,male
Раим,male
Райан,male
Райнер,male
Раким,male
Ракма,male
Ральф,male
Рамадан,male
Рамаз,male
Рамазан,male
Рамалдан,male
Рамберди,male
Рамбин,male
Рамез,male
Рамза,male
Рамзан,male
Рамзес,male
Рамзи,male
Рамидин,male
Рамиз,male
Рамил,male
Рамиль,male
Рамин,male
Рамис,male
Рамон,male
Рамхут,male
Рамхуы,male
Рамшыху,male
Ран,male
Рапаил,male
Рапи,male
Рапиль,male
Рапка,male
Рапстан,male
Рапстанбей,male
Раптана,male
Рапш,male
Рапыс,male
Расадин,male
Расен,male
Расил,male
Расим,male
Раска,male
Раскелди,male
Рассел,male
Раста,male
Растанбей,male
Расу,male
Расул,male
Расулбек,male
Расулдибир,male
Расухан,male
Рат,male
Ратко,male
Ратмир,male
Рауз,male
Раулик,male
Рауль,male
Рауп,male
Рауф,male
Рафа,male
Рафаель,male
Рафаил,male
Рафаэл,male
Рафет,male
Рафи,male
Рафидин,male
Рафик,male
Рафинья,male
Рафком,male
Рахаима,male
Рахим,male
Рахмали,male
Рахман,male
Рахмат,male
Рахматулла,male
Рахмет,male
Рахметуллах,male
Рахмидин,male
Рахмон,male
Рачаб,male
Рачис,male
Раш,male
Рашад,male
Рашвтам,male
Рашвтан,male
Рашвында,male
Рашид,male
Рашидбек,male
Рашидхан,male
Рашит,male
Рашку,male
Рашты,male
Ращид,male
Ращитхан,male
Раюдин,male
Рдали,male
Реваз,male
Ревмира,male
Ревшан,male
Регенат,male
Реджеб,male
Резак,male
Резикуа,male
Резо,male
Резуан,male
Рейганат,male
Рейдо,male
Рейзудин,male
Рейнгольд,male
Рейсудин,male
Рем,male
Рема,male
Ремзик,male
Реми,male
Ремихан,male
Ренато,male
Ресма,male
Рефад,male
Рефихан,male
Реч,male
Реш,male
Решед,male
Реши,male
Решид,male
Решыт,male
Рзаабей,male
Рзак,male
Рзахан,male
Риад,male
Риджалула,male
Ридли,male
Риз,male
Ризабег,male
Ризанбей,male
Ризахан,male
Ризван,male
Ризванула,male
Ризон,male
Рикардо,male
Риккардо,male
Рикуа,male
Римихан,male
Рихард,male
Ричард,male
Ришат,male
Рияз,male
Риязудин,male
Робер,male
Роберт,male
Робертино,male
Роберто,male
Робин,male
Роджен,male
Родион,male
Родолфу,male
Родриго,male
Розабей,male
Розилав,male
Ролан,male
Роланд,male
Роланда,male
Ролик,male
Рома,male
Роман,male
Романбек,male
Романхан,male
Ромео,male
Ромик,male
Роналду,male
Рональд,male
Ронан,male
Ронни,male
Рори,male
Росин,male
Рослан,male
Росланбек,male
Ростаниа,male
Ростислав,male
Ростом,male
Роф,male
Рохо,male
Рошна,male
Рубен,male
Руди,male
Рудик,male
Рудней,male
Рудольф,male
Рузбан,male
Руй,male
Рукман,male
Рурухма,male
Руслан,male
Русланбек,male
Рустам,male
Рустамбак,male
Рустамбей,male
Рустамбек,male
Рустамхан,male
Рустан,male
Рустем,male
Рутен,male
Руф,male
Руфа,male
Руфбей,male
Руфет,male
Руха,male
Рухулав,male
Руша,male
Рушбей,male
Рушни,male
Рушта,male
Рушыт,male
Рыбыдж,male
Рыжко,male
Рыкуа,male
Рымца,male
Рыч,male
Рэй,male
Рэндольф,male
Саа,male
Саад,male
Саадин,male
Сааду,male
Саадул,male
Саадула,male
Саадулла,male
Саадун,male
Сааид,male
Саакут,male
Саат,male
Сааткери,male
Сабаз,male
Сабазгери,male
Сабакай,male
Сабакей,male
Сабан,male
Сабанай,male
Сабанали,male
Сабанчы,male
Сабат,male
Сабата,male
Сабге,male
Сабе,male
Сабет,male
Саби,male
Сабигула,male
Сабу,male
Сабур,male
Сабыда,male
Саварбек,male
Савастей,male
Саваш,male
Савва,male
Савелий,male
Савзихан,male
Сави,male
Савкат,male
Савкудз,male
Савкуй,male
Савлак,male
Сага,male
Сагадат,male
Саге,male
Сагиаса,male
Сагид,male
Сагидали,male
Сагидбатал,male
Сагим,male
Сагин,male
Сагир,male
Сагит,male
Сагитав,male
Сагу,male
Сагум,male
Сагут,male
Сагындык,male
Сада,male
Садедин,male
Саджа,male
Сади,male
Садик,male
Садико,male
Садил,male
Садилах,male
Садир,male
Садифа,male
Садла,male
Садлан,male
Садо,male
Садрудин,male
Садрулазим,male
Садрутдин,male
Саду,male
Садувакас,male
Садудин,male
Садул,male
Садула,male
Садулах,male
Садулла,male
Садунид,male
Садык,male
Садыки,male
Сажваргиала,male
Сажид,male
Сажидин,male
Саиб,male
Саид,male
Саид-Али,male
Саидали,male
Саидамин,male
Саидахмат,male
Саидахмед,male
Саидбатал,male
Саидбег,male
Саидбек,male
Саидби,male
Саидбуба,male
Саидгаджи,male
Саидгаджияв,male
Саидгасан,male
Саидин,male
Саидмагомед,male
Саидмет,male
Саидрусул,male
Саидсалам,male
Саидула,male
Саидхамзат,male
Саидхан,male
Саилым,male
Саип,male
Саипилав,male
Саитбей,male
Сайгид,male
Сайгидахмед,male
Сайгидгусейн,male
Сайгидин,male
Сайгиднур,male
Сайгидсалим,male
Сайгидулбатал,male
Сайгидулиман,male
Сайд,male
Сайд-Али,male
Сайд-Ахмад,male
Сайд-Мухмад,male
Сайд-Паша,male
Сайд-Рашид,male
Сайд-Решид,male
Сайд-Селим,male
Сайд-Солта,male
Сайд-Хамзат,male
Сайд-Хасан,male
Сайд-Хусайн,male
Сайд-Хусейн,male
Сайд-Эми,male
Сайда,male
Сайдархан,male
Сайдахмад,male
Сайди,male
Сайдибели,male
Сайдилав,male
Сайдулла,male
Сайдум,male
Сайдун,male
Сайид,male
Сайити,male
Саймон,male
Сайпудди,male
Сайпуддин,male
Сайпудин,male
Сайпула,male
Сайпулла,male
Сайпулмулук,male
Сайпун,male
Сайпутдин,male
Сайтали,male
Сайту,male
Сайфудин,male
Сайхан,male
Сайыд,male
Сака,male
Сакадла,male
Саки,male
Сакиакиа,male
Саким,male
Сакин,male
Сакит,male
Сакка,male
Сакрат,male
Сакуа,male
Сакуп,male
Сакуриа,male
Сакут,male
Сала,male
Салавди,male
Салавутдин,male
Саладин,male
Салаика,male
Салак,male
Салам,male
Салама,male
Саламакуа,male
Саламан,male
Саламбак,male
Саламбек,male
Саламгери,male
Саламгирей,male
Саламджери,male
Саламо,male
Саламон,male
Саламсултан,male
Саламу,male
Саламудин,male
Саламхан,male
Салангирей,male
Салат,male
Салатгерей,male
Салатхан,male
Салаудди,male
Салауди,male
Салаудин,male
Салах,male
Салахбай,male
Салахбег,male
Салахбек,male
Салахудин,male
Салгерей,male
Салгирей,male
Салгири,male
Салев,male
Салевдин,male
Салеман,male
Сали,male
Салибий,male
Салиг,male
Салигаджи,male
Салигерей,male
Салим,male
Салимгерей,male
Салимгирей,male
Салимсолтан,male
Салимсултан,male
Салимхан,male
Салимырза,male
Салингерей,male
Салих,male
Салихилав,male
Саллай,male
Саллыбай,male
Салм,male
Салмакуа,male
Салман,male
Салмангаджи,male
Салмирза,male
Салтана,male
Салуман,male
Салумане,male
Салус,male
Салусан,male
Салцыку,male
Салы,male
Салыбей,male
Салым,male
Салымбак,male
Салырбей,male
Салыфбей,male
Сальбий,male
Сальвадор,male
Сальман,male
Самагу,male
Самад,male
Самадин,male
Самажв,male
Самаза,male
Самакуа,male
Самарди,male
Самаудин,male
Самаф,male
Самахуа,male
Самби,male
Самбур,male
Самвел,male
Самед,male
Самел,male
Самели,male
Самил,male
Самилбек,male
Самир,male
Самкианыкиа,male
Саммат,male
Сампал,male
Самсадин,male
Самсо,male
Самурбег,male
Самурхан,male
Самыл,male
Сана,male
Санарали,male
Санард,male
Санарда,male
Санасар,male
Санатрел,male
Сангира,male
Сангиши,male
Санглыбай,male
Санджалей,male
Сандир,male
Сандра,male
Сандро,male
Сандур,male
Сани,male
Санур,male
Саныкуа,male
Санька,male
Саня,male
Санёк,male
Сапади,male
Сапана,male
Сапар,male
Сапарбег,male
Сапарбек,male
Сапарби,male
Сапарча,male
Сапарчалав,male
Сапигула,male
Сапир,male
Сапирхан,male
Сапиула,male
Сапиюлла,male
Сапра,male
Сапсико,male
Сапу,male
Сапура,male
Сараби,male
Сарадин,male
Сараждин,male
Сарайдар,male
Саракцау,male
Сарал,male
Саралав,male
Сарали,male
Сараль,male
Сарапион,male
Саратдин,male
Сарати,male
Сарбача,male
Сардал,male
Сардар,male
Сардархан,male
Сарден,male
Сарди,male
Сардион,male
Сардо,male
Саридж,male
Сарик,male
Сарикав,male
Сарион,male
Саритилав,male
Саркар,male
Сармат,male
Сарсанай,male
Сарсей,male
Сарсемби,male
Сарси,male
Сару,male
Саруглан,male
Сарудин,male
Сарумет,male
Сарухан,male
Сархуш,male
Сарыбас,male
Сарыкуа,male
Сарытай,male
Сас,male
Сасран,male
Сасрыква,male
Сасрыкуа,male
Састынгаз,male
Сата,male
Сатаважи,male
Сатай,male
Сатархан,male
Сатбе,male
Сатбей,male
Сатби,male
Сатемир,male
Сатий,male
Саткиа,male
Саткиам,male
Сатнап,male
Сату,male
Сатухан,male
Сатыр,male
Сау,male
Сауакей,male
Сауакиа,male
Сауджын,male
Сауи,male
Саукей,male
Саукудз,male
Саулох,male
Саусарук,male
Сауфан,male
Сафаз,male
Сафакули,male
Сафар,male
Сафарали,male
Сафарбей,male
Сафарбек,male
Сафарби,male
Сафарбий,male
Сафидин,male
Сафонка,male
Сафра,male
Сафраил,male
Сафудин,male
Сафыдж,male
Саха,male
Сахават,male
Сахадат,male
Сахан,male
Сахангирей,male
Саханджери,male
Сахат,male
Сахатгери,male
Сахаткери,male
Сахи,male
Сахиб,male
Сахибуд,male
Сахид,male
Сахим,male
Сахман,male
Сахмат,male
Сахрат,male
Сахратула,male
Сахрудин,male
Сахсаган,male
Сахсаганыху,male
Саху,male
Сахутачкун,male
Сахуч,male
Сациал,male
Сачи,male
Сачино,male
Сачка,male
Саша,male
Сашикуа,male
Саян,male
Свелебан,male
Свен,male
Сверхат,male
Светик,male
Святослав,male
Себа,male
Себастьян,male
Себзи,male
Себзяли,male
Сева,male
Северьян,male
Северян,male
Севзыко,male
Сед,male
Седред,male
Седредин,male
Седри,male
Седрик,male
Седым,male
Сезар,male
Сеигоу,male
Сеид,male
Сеидык,male
Сеилах,male
Сеилыку,male
Сеилым,male
Сеилымхан,male
Сеилых,male
Сеилыху,male
Сеит,male
Сейдахмет,male
Сейдуллах,male
Сейидали,male
Сейидхан,male
Сейит,male
Сейишали,male
Сейпидин,male
Сейпит,male
Сейпьшла,male
Сейруллах,male
Сейфедни,male
Сейфел,male
Сейфудин,male
Сейфулах,male
Сейфуллах,male
Сека,male
Секст,male
Селана,male
Селим,male
Селим-Солта,male
Селимхан,male
Селмаханым,male
Селха,male
Селык,male
Селыку,male
Селым,male
Сельмурза,male
Сельчук,male
Селях,male
Сем,male
Семах,male
Семед,male
Семзяли,male
Семран,male
Семён,male
Сенат,male
Сенька,male
Сепихан,male
Сепуа,male
Серажди,male
Сераждин,male
Серапион,male
Серафим,male
Серби,male
Сервет,male
Сергис,male
Серго,male
Сердер,male
Серджио,male
Сержик,male
Серкер,male
Серки,male
Серкилмагома,male
Серку,male
Серман,male
Серменд,male
Серхет,male
Серхио,male
Серёга,male
Серёжа,male
Сесар,male
Сеск,male
Сети,male
Сетихан,male
Сетлыгу,male
Сеуарна,male
Сеф,male
Сефедин,male
Сефер,male
Сеферали,male
Сефербек,male
Сефи,male
Сефикули,male
Сефихан,male
Сефиян,male
Сефулах,male
Сефуллах,male
Сиад,male
Сибир,male
Сибирбек,male
Сибирхан,male
Сибирь-Бахмуд,male
Сибо,male
Сив,male
Сиварна,male
Сида,male
Сиджих,male
Сидик,male
Сидор,male
Сидредин,male
Сиз,male
Сизиф,male
Сиидбуба,male
Сийидахмед,male
Сикана,male
Сикуа,male
Сикуач,male
Сила,male
Силате,male
Силах,male
Сильвестр,male
Сильвио,male
Сима,male
Симон,male
Синан,male
Синат,male
Синаха,male
Синдзи,male
Синдзо,male
Сипана,male
Сира,male
Сирадж,male
Сиражди,male
Сиражудин,male
Сиражутдин,male
Сирдион,male
Сирдон,male
Сирил,male
Сиркилав,male
Сирку,male
Сирмик,male
Сируж,male
Сирхав,male
Сирхай,male
Сиса,male
Сисика,male
Сит,male
Ситбей,male
Ситтин,male
Ситу,male
Сиуарна,male
Сихбетунла,male
Сихуар,male
Сия,male
Скиапарна,male
Скиртиб,male
Скотт,male
Скуарбей,male
Слава,male
Славик,male
Сламбак,male
Слан,male
Сланбек,male
Слангери,male
Слангерий,male
Сланджерей,male
Сланико,male
Слеха,male
Слободан,male
Смаил,male
Смахил,male
Смеал,male
Смеил,male
Смел,male
Смил,male
Собар,male
Собги,male
Соби,male
Собур,male
Сограт,male
Согум,male
Сода,male
Соза,male
Созан,male
Созон,male
Созонт,male
Созруко,male
Созур,male
Созыр,male
Соип,male
Сойпа,male
Сократ,male
Солжа,male
Солжи,male
Соли,male
Соло,male
Соломан,male
Солса,male
Солсабек,male
Солта,male
Солта-Ахмад,male
Солта-Мурад,male
Солта-Мурат,male
Солта-Хаджи,male
Солтагири,male
Солтамби,male
Солтан,male
Солтанбек,male
Солтангерей,male
Солтанмирза,male
Солтанмурад,male
Солтанмурат,male
Солтанмут,male
Солтанхан,male
Солтахан,male
Солтик,male
Сольман,male
Сомо,male
Соник,male
Сонко,male
Сооронбай,male
Соса,male
Сосак,male
Сосарко,male
Сосе,male
Соси,male
Соско,male
Сослам-бек,male
Сослан,male
Сосланбек,male
Сосо,male
Сосого,male
Сосолав,male
Сосран,male
Сосруко,male
Сота,male
Соу,male
Соузар,male
Соукар,male
Соулах,male
Соулаху,male
Соуриа,male
Соуф,male
Софан,male
Софи,male
Софрон,male
Софыдж,male
Союн,male
Союп,male
Спардан,male
Спартак,male
Спирдон,male
Спиридон,male
Ставрос,male
Сталберг,male
Сталин,male
Стамбылхан,male
Станислав,male
Стас,male
Стася,male
Стаффан,male
Степана,male
Стефан,male
Стив,male
Стил,male
Стипана,male
Стоффель,male
Стычкуа,male
Стэн,male
Стэнли,male
Стёпа,male
Суайнмолла,male
Суайп,male
Суайп-Хаджи,male
Суанбек,male
Субалци,male
Субиа,male
Субильтан,male
Субхан,male
Субханали,male
Сугайп,male
Сугар,male
Сугурбег,male
Сугури,male
Сузар,male
Сузу,male
Суй,male
Суйиндик,male
Суйначхан,male
Сукадла,male
Сукар,male
Сулага,male
Сулагай,male
Сулайман,male
Сулаху,male
Сулги,male
Суле,male
Сулейм,male
Сулейман,male
Сулеймангаджи,male
Сулеймен,male
Сулжи,male
Сулико,male
Суликуа,male
Сулим,male
Сулима,male
Сулиман,male
Суллалав,male
Султали,male
Султан,male
Султан-Али,male
Султан-Меджид,male
Султан-Саид,male
Султанав,male
Султанахмед,male
Султанбег,male
Султанбек,male
Султанбилал,male
Султанбут,male
Султангерей,male
Султангирей,male
Султангусейн,male
Султанмагомед,male
Султанмеджид,male
Султанмурад,male
Султанпаша,male
Султанхамид,male
Султанчубан,male
Султахан,male
Сулукуй,male
Сулхан,male
Суль,male
Сум,male
Сумай,male
Сумалав,male
Суман,male
Сумана,male
Сумахуа,male
Сунар,male
Сунгур,male
Сунгуркади,male
Сункал,male
Сункар,male
Сунко,male
Сунталав,male
Супадж,male
Супарганат,male
Супи,male
Супияв,male
Супиян,male
Супьян,male
Сур,male
Суракат,male
Сурам,male
Суратхан,male
Сурен,male
Сури,male
Суриа,male
Сурук,male
Сурукав,male
Сурух,male
Сурхай,male
Сурхайлав,male
Сурхайхан,male
Сурхан,male
Сурхо,male
Суса,male
Сусан,male
Сусо,male
Сустан,male
Сустар,male
Сусу,male
Сусул,male
Сута,male
Сутабег,male
Сутай,male
Сутако,male
Суталхати,male
Суту,male
Сутулав,male
Суфа,male
Суфи,male
Суфьян,male
Суха,male
Сухан,male
Суюн,male
Сфи,male
Сфибуба,male
Схагуан,male
Схазуан,male
Схандыр,male
Схати,male
Сыба,male
Сыбы,male
Сыдыйык,male
Сыкатыуа,male
Сыку,male
Сыкун,male
Сыкурина,male
Сылашара,male
Сылман,male
Сылцыку,male
Сылыку,male
Сыма,male
Сымси,male
Сынта,male
Сыпадз,male
Сырбей,male
Сыркуа,male
Сыс,male
Сыт,male
Сыу,male
Сыуа,male
Сыфра,male
Сыха,male
Сэм,male
Сэмми,male
Сюйли,male
Сююнч,male
Сююнчгерей,male
Сююнчгирей,male
Сяби,male
Сёма,male
Таабат,male
Таагаджи,male
Таамыш,male
Таантыкуа,male
Таариф,male
Таасим,male
Таасин,male
Таати,male
Таафык,male
Табаа,male
Табак,male
Табаш,male
Табег,male
Табиша,male
Табрел,male
Табси,male
Табта,male
Табтух,male
Табук,male
Тавак,male
Тавбулат,male
Тавгири,male
Таве,male
Тавка,male
Тавпик,male
Тавсолтан,male
Тавсукилав,male
Тавсултан,male
Тавус,male
Тага,male
Тагзир,male
Таги,male
Тагибек,male
Тагидж,male
Тагир,male
Тагирбек,male
Тагирмирзе,male
Тагич,male
Тагиюп,male
Тагу,male
Тагуа,male
Тагуадж,male
Тагудж,male
Тагуджа,male
Тагуз,male
Тагуя,male
Тада,male
Тадала,male
Тадара,male
Тадарей,male
Тадари,male
Тадгуагуа,male
Тадгуз,male
Тадеуш,male
Тадж,male
Таджгугу,male
Таджи,male
Таджиб,male
Таджудин,male
Таджы,male
Тадри,male
Таж,male
Тажбудин,male
Тажвидин,male
Тажера,male
Тажи,male
Тажиб,male
Тажидин,male
Тажир,male
Тажира,male
Тажих,male
Тажора,male
Тажу,male
Тажудин,male
Тажутдин,male
Таза,male
Тазарет,male
Тазе,male
Тазрат,male
Тазрет,male
Таиб,male
Таиди,male
Таил,male
Таила,male
Таиль,male
Таин,male
Таиф,male
Таич,male
Таия,male
Тай,male
Тайб,male
Тайбулат,male
Тайгиб,male
Тайгун,male
Тайдурав,male
Тайзу,male
Тайиб,male
Тайип,male
Таймаз,male
Таймас,male
Таймаскан,male
Таймасха,male
Таймасхан,male
Таймудар,male
Таймураз,male
Тайсау,male
Тайсолта,male
Тайсултан,male
Тайсум,male
Така,male
Такабудин,male
Такай,male
Такала,male
Такалав,male
Такапсыкуа,male
Такаудин,male
Такиала,male
Такидин,male
Такижудин,male
Такижулла,male
Тако,male
Таку,male
Такуа,male
Такуарбей,male
Такуафат,male
Такуахеи,male
Такуач,male
Такуаш,male
Такуи,male
Такутаней,male
Такучич,male
Такуша,male
Такушва,male
Такчич,male
Тала,male
Талабагама,male
Талан,male
Талах,male
Талбаз,male
Талбей,male
Талгат,male
Талиб,male
Талип,male
Талкак,male
Талкан,male
Талкасоу,male
Талхан,male
Талхат,male
Талхиг,male
Тальбий,male
Таля,male
Тама,male
Тамагу,male
Тамада,male
Тамаджар,male
Тамаз,male
Тамай,male
Таман,male
Таманта,male
Тамарилав,male
Тамаса,male
Тамасхан,male
Тамахуач,male
Тамахулав,male
Тамаш,male
Тамаша,male
Тамашка,male
Тамащ,male
Тамби,male
Тамел,male
Тамерлан,male
Тамжиж,male
Тамзек,male
Тами,male
Тамик,male
Тамкуач,male
Тамкуч,male
Тамосугиар,male
Тампа,male
Тамрысхуа,male
Тамсагу,male
Тамсыр,male
Тамудар,male
Тамурав,male
Тамхуху,male
Тамчыку,male
Тамчыч,male
Тамшагу,male
Тамшагуа,male
Тамшигу,male
Тамшигуа,male
Тамщиг,male
Тан,male
Тана,male
Танагу,male
Танас,male
Танат,male
Тангагаджи,male
Тангатар,male
Тангиз,male
Тандел,male
Танеиз,male
Танел,male
Танимурад,male
Танка,male
Танку,male
Танна,male
Тантал,male
Тантан,male
Танхалав,male
Тап,male
Тапагу,male
Тапагуа,male
Тапала,male
Тапар,male
Тапара,male
Тапач,male
Тапе,male
Тапор,male
Тапс,male
Тапсирико,male
Тапста,male
Тапш,male
Тапш-ипа,male
Тапыч,male
Тарам,male
Тарас,male
Тарасхан,male
Тарахман,male
Тараш,male
Тарги,male
Таргыл,male
Тареоз,male
Тарзан,male
Тари,male
Тариал,male
Тариверди,male
Тарикули,male
Тариф,male
Тариэл,male
Тариэль,male
Таркан,male
Тарко,male
Таркуку,male
Тарлан,male
Тармач,male
Тарсхан,male
Тарха,male
Тархан,male
Тархана,male
Тархиа,male
Тархун,male
Тархуна,male
Тархундж,male
Тархуху,male
Тарчхиа,male
Тарш,male
Таршв,male
Тарыф,male
Тас,male
Тасаго,male
Таскала,male
Таскуан,male
Таслым,male
Тасмак,male
Тасмат,male
Тасо,male
Тасолтан,male
Таспап,male
Тасрип,male
Тасрыкуа,male
Тасу,male
Тасуха,male
Тасухан,male
Тасылтан,male
Тат,male
Тата,male
Татала,male
Татам,male
Татанбей,male
Татапш,male
Татар,male
Татарбей,male
Татари,male
Татаркан,male
Татархан,male
Татары,male
Татауаз,male
Татах,male
Татач,male
Таташ,male
Тате,male
Татейку,male
Тател,male
Татело,male
Татиангукуа,male
Татка,male
Татлан,male
Татластан,male
Татлустен,male
Татлыху,male
Татлю,male
Татмас,male
Тато,male
Татон,male
Татраш,male
Татре,male
Татрикуа,male
Тату,male
Татули,male
Татуша,male
Татща,male
Татыгу,male
Татын,male
Татыныжвга,male
Татыркан,male
Тау,male
Тауакиа,male
Тауанс,male
Тауз,male
Таукан,male
Таумиз,male
Таус,male
Таусултан,male
Тауча,male
Тафиж,male
Тафык,male
Таха,male
Тахав,male
Тахака,male
Тахала,male
Тахан,male
Тахар,male
Тахачы,male
Тахбисар,male
Тахир,male
Тахман,male
Тахна,male
Тахо,male
Тахо-Годи,male
Тахсин,male
Тахсинбек,male
Тахсоу,male
Тахсурман,male
Тахту,male
Тахув,male
Тахун,male
Тахуна,male
Тахуц,male
Тахучыч,male
Тач,male
Тача,male
Тачер,male
Тачкум,male
Тачхина,male
Тачыч,male
Таш,male
Таша,male
Ташбек,male
Ташв,male
Ташвагу,male
Таших,male
Ташкуаку,male
Ташлук,male
Таштемир,male
Таштимир,male
Ташу,male
Ташу-Хаджи,male
Таюна,male
Твираз,male
Твытв,male
Твыц,male
Твыцхуламшва,male
Тгасыгу,male
Тгуагу,male
Тгуадж,male
Тгуз,male
Тгуыгу,male
Тгыдж,male
Теб,male
Теба,male
Тебо,male
Тебро,male
Тевекуллах,male
Тевли,male
Теги,male
Тего,male
Тегура,male
Тед,male
Теда,male
Тедж,male
Тедо,male
Тедора,male
Тедра,male
Теимыр,male
Тейлор,male
Теймезхан,male
Теймур,male
Теймураз,male
Тека,male
Теки,male
Тела,male
Телаакай,male
Телей,male
Телекай,male
Телмач,male
Телу,male
Тельман,male
Тема,male
Тембо,male
Тембол,male
Темболат,male
Тембора,male
Тембот,male
Тембулат,male
Темез,male
Теменлан,male
Темз,male
Темир,male
Темирбег,male
Темирбек,male
Темирбий,male
Темирболат,male
Темирбулат,male
Темиржан,male
Темиркан,male
Темирлан,male
Темирсолта,male
Темирсолтан,male
Темирсултан,male
Темирхан,male
Темиш,male
Темиша,male
Темо,male
Темраз,male
Темруко,male
Темрыкуа,male
Темсыр,male
Темур,male
Темурбек,male
Темурболат,male
Темурбулат,male
Темуркан,male
Темурко,male
Темурсултан,male
Темурта,male
Темурчи,male
Темыр,male
Темыркан,male
Темырхан,male
Темырчи,male
Тенали,male
Тенгиз,male
Тео,male
Тепа,male
Тепса,male
Тепсарко,male
Тепсруко,male
Тера,male
Теренали,male
Терентий,male
Терко,male
Термит,male
Тернаби,male
Терренс,male
Терчуко,male
Тесмапра,male
Тесултан,male
Тесылтан,male
Тетекай,male
Тетелав,male
Теуа,male
Теуаз,male
Теуваж,male
Теучеж,male
Тефа,male
Техулав,male
Тештимир,male
Теэму,male
Тиарбей,male
Тибо,male
Тигран,male
Тигуа,male
Тидулав,male
Тидур,male
Тидурилав,male
Тика,male
Тикуа,male
Тиль,male
Тима,male
Тимар,male
Тимар-Солта,male
Тимарби,male
Тимарбулат,male
Тимиг,male
Тимир,male
Тимми,male
Тимо,male
Тимоти,male
Тимур,male
Тимур-Солта,male
Тимурлан,male
Тимц,male
Тимчи,male
Тинав,male
Тинавага,male
Тинавас,male
Тинавчи,male
Тинагу,male
Тинал,male
Тинамагомед,male
Тинезкуа,male
Тинку,male
Тинтинав,male
Тинчав,male
Тио,male
Тип,male
Тира,male
Тиресий,male
Тири,male
Тиричилав,male
Тиркубий,male
Тирмит,male
Тиру,male
Тирулав,male
Тирулахмед,male
Тиску,male
Тит,male
Тита,male
Титалав,male
Титу,male
Титух,male
Тиуаз,male
Тиха,male
Тихав,male
Ткуагу,male
Ткуажвна,male
Ткуашиа,male
Ткуку,male
Ткун,male
Ткур,male
Ткучы,male
Тлабган,male
Тлабджин,male
Тлабзан,male
Тлакуа,male
Тлапка,male
Тлапс,male
Тлапсыкуа,male
Тлебеласулав,male
Тлепш,male
Тлеустен,male
Тликалав,male
Тлимахо,male
Тлиф,male
Тлихилав,male
Тлостан,male
Тлостанаш,male
Тлостанбек,male
Тлостанби,male
Тлышикуа,male
Тлюрилабазан,male
Тлюручан,male
Тляраав,male
Тмиза,male
Тмища,male
Тобиас,male
Тобыз,male
Товгирей,male
Товсалта,male
Товсултан,male
Товчилали,male
Тог,male
Тогиа,male
Тогун,male
Тодара,male
Тодор,male
Тозо,male
Тозурка,male
Тока,male
Токан,male
Токболат,male
Токбулат,male
Токтамыс,male
Токтар,male
Токтархан,male
Току,male
Толбо,male
Толеген,male
Толемис,male
Толкан,male
Толукар,male
Тольби,male
Тольстан,male
Толя,male
Толян,male
Том,male
Томас,male
Томаш,male
Томми,male
Тонай,male
Тонто,male
Тонуа,male
Торик,male
Торкан,male
Торондж,male
Торхо,male
Тосим,male
Тоташ,male
Тотган,male
Тоти,male
Тотирадз,male
Тотирбек,male
Тотлас,male
Тотлястан,male
Тото,male
Тотреш,male
Тотурбий,male
Тотхан,male
Тотыр,male
Тоукан,male
Тоулах,male
Тоуныс,male
Тоупана,male
Тоуфык,male
Тофик,male
Тох,male
Тоха,male
Тохар,male
Тохтар,male
Тохтархан,male
Точна,male
Тоша,male
Трам,male
Трандж,male
Трахман,male
Трифон,male
Трофим,male
Трукби,male
Трыгу,male
Трыс,male
Тсушван,male
Туана,male
Тугайлав,male
Тугак,male
Туган,male
Туганби,male
Туда,male
Тудар,male
Тужа,male
Тузар,male
Тузилав,male
Тука,male
Тукан,male
Туканай,male
Тукка,male
Туклу,male
Туку,male
Тукугаджи,male
Тукунай,male
Тулабек,male
Тулат,male
Тулик,male
Тулпар,male
Тулпархан,male
Туля,male
Тума,male
Тумав,male
Тумала,male
Тумен,male
Туна,male
Тунав,male
Туназбан,male
Тунгузби,male
Тунеш,male
Тунзилав,male
Тункатар,male
Тунуз,male
Тунузмагомед,male
Тунусмагомед,male
Тупанчи,male
Тур,male
Тураб,male
Туралав,male
Туранчи,male
Турарав,male
Турач,male
Турбек,male
Тургаз,male
Турги,male
Тури,male
Туркбан,male
Туркбий,male
Туркестан,male
Турки,male
Туркман,male
Турко,male
Турла,male
Турпал,male
Турпалали,male
Турсун,male
Турулав,male
Туруч,male
Туручилав,male
Туруш,male
Туска,male
Тут,male
Тута,male
Тутар,male
Тутеш,male
Тути,male
Тутилав,male
Туткуа,male
Тутоб,male
Туту,male
Туха,male
Туханай,male
Туча,male
Тучалав,male
Тучбей,male
Тучу,male
Туш,male
Туша,male
Туши,male
Тхаишау,male
Тхасоу,male
Тхасыгу,male
Тхасыку,male
Тхост,male
Тхуап,male
Тхуна,male
Тхуху,male
Тхухуа,male
Тхуш,male
Тхыш,male
Тыба,male
Тыбыр,male
Тыв,male
Тыгу,male
Тыгуа,male
Тыгура,male
Тыджгуагу,male
Тыдзв,male
Тыжв,male
Тызымбей,male
Тыка,male
Тыкадж,male
Тыку,male
Тыкуа,male
Тыкуч,male
Тыкучы,male
Тыма,male
Тымрыкуа,male
Тып,male
Тыпс,male
Тыпыгу,male
Тыпыж,male
Тырбей,male
Тыргу,male
Тыркуа,male
Тырсагу,male
Тырхыч,male
Тыт,male
Тыта,male
Тытын,male
Тытыш,male
Тыуфон,male
Тыху,male
Тычка,male
Тычней,male
Тыш,male
Тышв,male
Тышва,male
Тышкуа,male
Тюменбек,male
Уада,male
Уадабын,male
Уаджби,male
Уадыжа,male
Уазамат,male
Уазамыхуа,male
Уазбак,male
Уазбар,male
Уазбыр,male
Уаздамыр,male
Уака,male
Уалам,male
Уалымбей,male
Уамар,male
Уамарлашв,male
Уамкуа,male
Уаника,male
Уанчка,male
Уапыжв,male
Уаразмаг,male
Уарда,male
Уардасоу,male
Уари,male
Уаркуа,male
Уармат,male
Уарта,male
Уартак,male
Уартан,male
Уартын,male
Уархан,male
Уарчхан,male
Уасиат,male
Уасикуа,male
Уасил,male
Уаска,male
Уасман,male
Уастанда,male
Уатар,male
Уатела,male
Уахаид,male
Уахсит,male
Уахта,male
Уачцвырцва,male
Уашатар,male
Уашвамат,male
Уаштанг,male
Уая,male
Уба,male
Убазг,male
Убайдалав,male
Убайдулла,male
Убайс,male
Убара,male
Убилав,male
Увадзыго,male
Уваис,male
Увай,male
Увайс,male
Увжуко,male
Угак,male
Угалак,male
Угалук,male
Угбей,male
Угнан,male
Угуз,male
Угурли,male
Угусилав,male
Уд,male
Удада,male
Удаман,male
Уддин,male
Уджу,male
Уджух,male
Удзи,male
Удзыка,male
Уека,male
Уерчка,male
Ужа,male
Узаир,male
Узайри,male
Узалав,male
Узархан,male
Узбек,male
Узбыр,male
Узден,male
Узейпа,male
Узер,male
Узи,male
Узигаджи,male
Узулав,male
Узум,male
Узум-Хаджи,male
Узумхайр,male
Узумхайри,male
Узун,male
Узун-Хаджи,male
Узунгаджи,male
Уилл,male
Уильям,male
Укалав,male
Укархан,male
Укмас,male
Уктам,male
Улади,male
Улакай,male
Улангерек,male
Уллубий,male
Уллухан,male
Уллыбий,male
Улсар,male
Улу,male
Улубек,male
Улубий,male
Улуми,male
Улухан,male
Ульрих,male
Ума,male
Умав,male
Умага,male
Умайлав,male
Умак,male
Умакай,male
Умалав,male
Умалавмагомед,male
Умалат,male
Умалатхан,male
Умалт,male
Умалхан,male
Умалхат,male
Умар,male
Умарали,male
Умарата,male
Умарбек,male
Умаргазы,male
Умари,male
Умарпаша,male
Умархан,male
Умарша,male
Умат,male
Уматай,male
Уматгира,male
Уматгирей,male
Умахажа,male
Умахан,male
Умахма,male
Умачо,male
Умел,male
Умет,male
Умма,male
Уммануцал,male
Умматали,male
Умуд,male
Умудин,male
Умук,male
Умха,male
Уна,male
Унаи,male
Унафхан,male
Унч,male
Унчав,male
Унчамагомед,male
Уоллас,male
Уоллес,male
Уоразмаг,male
Урай,male
Уранбек,male
Ураскан,male
Урач,male
Урбан,male
Ургана,male
Ургу,male
Ургуали,male
Ургубута,male
Урдаш,male
Урдихан,male
Уржури,male
Уриза,male
Урметав,male
Уртах,male
Урудж,male
Уруж,male
Урузмаг,male
Урус,male
Урусби,male
Урусилав,male
Урусхан,male
Уруч,male
Урхунчи,male
Урчыкуа,male
Урши,male
Уршибек,male
Урыс,male
Урысбей,male
Урысбий,male
Урыскан,male
Урыч,male
Урышв,male
Урядник,male
Усав,male
Усамад,male
Усамат,male
Усани,male
Усар,male
Усах,male
Усбан,male
Усилав,male
Усмаит,male
Усман,male
Усманкади,male
Уснедин,male
Устаали,male
Устабала,male
Устабуба,male
Устабута,male
Устад,male
Устаз,male
Устар,male
Устарбег,male
Устархан,male
Устин,male
Устирхан,male
Усу,male
Ута,male
Утарбий,male
Утата,male
Утыт,male
Ухар,male
Ухас,male
Ухнаали,male
Ухсек,male
Ухулду,male
Ухулдулав,male
Ухума,male
Ухумаали,male
Ухумагази,male
Ухумасултан,male
Ухуч,male
Уцаг,male
Уцма,male
Уцум,male
Уцумби,male
Уцуми,male
Уцумилав,male
Уцумирнур,male
Уцуму,male
Уццав,male
Уцци,male
Уча,male
Учаду,male
Учан,male
Учана,male
Учар,male
Учардиа,male
Учужук,male
Учын,male
Уша,male
Ушан,male
Ушанг,male
Ушаша,male
Ушитгаджи,male
Ушкандара,male
Ушле,male
Уэйд,male
Уэсли,male
Фааткери,male
Фабиан,male
Фабиньо,male
Фабио,male
Фаго,male
Фаддей,male
Фадей,male
Фадиль,male
Фадина,male
Фадрудин,male
Фажрудин,male
Фазгери,male
Фазидин,male
Фазил,male
Фазилбек,male
Фазиль,male
Фазирулман,male
Фазлудин,male
Фазмет,male
Фаид,male
Фаиз,male
Фаик,male
Фаин,male
Фако,male
Фалвара,male
Фама,male
Фамилбек,male
Фамиль,male
Фамца,male
Фанай,male
Фанца,male
Фарбей,male
Фарид,male
Фариз,male
Фарих,male
Фарман,male
Фарн,male
Фарнам,male
Фарсоу,male
Фарух,male
Фат,male
Фатали,male
Фатах,male
Фатаха,male
Фатгира,male
Фатих,male
Фаткиари,male
Фатмас,male
Фатулла,male
Фатуллах,male
Фатыгу,male
Фатыш,male
Фаудин,male
Фаф,male
Фафронки,male
Фахри,male
Фахрудин,male
Фахти,male
Фацбай,male
Федар,male
Федерико,male
Федка,male
Федосей,male
Федосий,male
Федот,male
Федредин,male
Фезли,male
Фезылбей,male
Фейдык,male
Фейзи,male
Фейзилах,male
Фейзимир,male
Фейзу,male
Фейзудин,male
Фейзула,male
Фейзуллах,male
Фейзурахман,male
Фейрудин,male
Феликс,male
Фелипе,male
Фенда,male
Феодор,male
Феодосий,male
Феодосия,male
Феоктист,male
Феофан,male
Феофил,male
Фереж,male
Ференц,male
Ферза,male
Ферзали,male
Ферзи,male
Ферзилах,male
Ферзиллах,male
Ферзяли,male
Фериг,male
Ферид,male
Фермаз,male
Фернандиньо,male
Фернандо,male
Фернанду,male
Ферон,male
Феруз,male
Ферхад,male
Фетали,male
Фетилах,male
Фетуласа,male
Фетуллах,male
Фетяли,male
Фетях,male
Фидар,male
Фидарико,male
Фидель,male
Фидон,male
Физа,male
Физули,male
Фикрет,male
Филат,male
Филимон,male
Филип,male
Филипе,male
Филиппос,male
Финеес,male
Финист,male
Фират,male
Фирдауыз,male
Фирдин,male
Фиридин,male
Фирмино,male
Фирон,male
Фирона,male
Фируза,male
Фихредин,male
Фица,male
Флавиан,male
Флорентино,male
Фока,male
Фоко,male
Фокс,male
Форд,male
Фосса,male
Франкил,male
Франко,male
Франс,male
Франсеск,male
Франсиско,male
Франц,male
Франциа,male
Франциск,male
Франциско,male
Францыз,male
Франческо,male
Фрач,male
Фред,male
Фредди,male
Фредерик,male
Фреипс,male
Фридерик,male
Фридон,male
Фридрих,male
Фридун,male
Фрикан,male
Фриц,male
Фрол,male
Фромзон,male
Фрэнк,male
Фрэнсис,male
Фуад,male
Фуза,male
Фука,male
Фурка,male
Фурман,male
Фуртамбек,male
Фыдж,male
Фыжв,male
Фыка,male
Фыкиа,male
Фына,male
Фыр,male
Фыра,male
Фырджан,male
Фырна,male
Фырфыр,male
Фыта,male
Фыф,male
Фыфка,male
Фыфна,male
Фыч,male
Фычкуа,male
Хаадзара,male
Хаазгери,male
Хаангери,male
Хаба,male
Хабаба,male
Хабабуля,male
Хабад,male
Хабаджа,male
Хабай,male
Хабала,male
Хабали,male
Хабарак,male
Хабари,male
Хабас,male
Хабаху,male
Хабаш,male
Хабаша,male
Хабащ,male
Хабгаш,male
Хабгу,male
Хабдин,male
Хабек,male
Хабжин,male
Хабжкут,male
Хабжноу,male
Хабза,male
Хаби,male
Хабиб,male
Хабиба,male
Хабибула,male
Хабибулла,male
Хабибуллах,male
Хабид,male
Хабиж,male
Хабику,male
Хабил,male
Хабиль,male
Хабир,male
Хабич,male
Хабос,male
Хабот,male
Хабох,male
Хабраджа,male
Хабрак,male
Хабраку,male
Хабрах,male
Хабраху,male
Хабу,male
Хабула,male
Хабчаб,male
Хабчи,male
Хабчу,male
Хабши,male
Хабыгу,male
Хабыдж,male
Хабыр,male
Хабыху,male
Хаваж,male
Хаважбагаудин,male
Хавазрабазан,male
Хавалав,male
Хавза,male
Хави,male
Хавьер,male
Хагиар,male
Хагуа,male
Хагуда,male
Хагуида,male
Хагулав,male
Хагундок,male
Хагура,male
Хагуцыра,male
Хагуч,male
Хада,male
Хадалав,male
Хадаш,male
Хадел,male
Хадж,male
Хаджабаху,male
Хаджадлы,male
Хаджакул,male
Хаджалий,male
Хаджанды,male
Хаджаран,male
Хаджарат,male
Хаджаш,male
Хаджашаз,male
Хаджбакир,male
Хаджбей,male
Хаджбекир,male
Хаджби,male
Хаджвикуа,male
Хаджгуа,male
Хаджгуат,male
Хаджгут,male
Хаджи,male
Хаджи-Мурад,male
Хаджибар,male
Хаджибатыр,male
Хаджибей,male
Хаджибекар,male
Хаджибекир,male
Хаджибикар,male
Хаджиджа,male
Хаджим,male
Хаджимет,male
Хаджимирза,male
Хаджимос,male
Хаджимурад,male
Хаджимурат,male
Хаджимусса,male
Хаджимырза,male
Хаджиомар,male
Хаджир,male
Хаджира,male
Хаджислам,male
Хаджисмел,male
Хаджитач,male
Хаджиумар,male
Хаджихучи,male
Хаджлоубей,male
Хаджмат,male
Хаджмет,male
Хаджмурат,male
Хаджрет,male
Хаджу,male
Хаджумар,male
Хаджур,male
Хаджут,male
Хаджухан,male
Хаджы,male
Хадзарет,male
Хадзи,male
Хадзибатар,male
Хадзибекир,male
Хадзимурза,male
Хадзимусса,male
Хадзиомар,male
Хадзират,male
Хадзыбатыр,male
Хадзыбечир,male
Хадзымарат,male
Хадзысмел,male
Хади,male
Хадижалав,male
Хадижв,male
Хадимет,male
Хадир,male
Хадис,male
Хадисилав,male
Хадихан,male
Хадиюлла,male
Хадо,male
Хаду,male
Хадулав,male
Хадурав,male
Хажа,male
Хажав,male
Хажар,male
Хажардибир,male
Хажбара,male
Хажбат,male
Хажбек,male
Хажбекир,male
Хажби,male
Хажв,male
Хажвлат,male
Хажгери,male
Хаждаут,male
Хажислам,male
Хажисмель,male
Хажкара,male
Хажкасим,male
Хажмудар,male
Хажмурад,male
Хажмуса,male
Хажмухамед,male
Хажо,male
Хажпаго,male
Хажраб,male
Хажсет,male
Хажсуф,male
Хажумар,male
Хаз,male
Хазам,male
Хазанбей,male
Хазар,male
Хазарат,male
Хазарын,male
Хазач,male
Хазача,male
Хазбекир,male
Хазби,male
Хазбулат,male
Хазгери,male
Хазгиатлы,male
Хазджери,male
Хазеша,male
Хазиз,male
Хазмат,male
Хазмурат,male
Хазмурза,male
Хазмусса,male
Хазраиль,male
Хазран,male
Хазрат,male
Хазратали,male
Хазрет,male
Хазретали,male
Хазри,male
Хазрит,male
Хазум,male
Хазына,male
Хазыр,male
Хаид,male
Хаидыгу,male
Хаим,male
Хаир,male
Хаирбег,male
Хаирбек,male
Хаит,male
Хаитбей,male
Хаитыху,male
Хайбай,male
Хайбула,male
Хайбулла,male
Хайд,male
Хайдар,male
Хайдарбек,male
Хайдархан,male
Хайзутдин,male
Хайир,male
Хайирбег,male
Хайл,male
Хайм,male
Хайма,male
Хайман,male
Хайнц,male
Хайрсултан,male
Хайрудди,male
Хайрудин,male
Хайрула,male
Хайрулах,male
Хайрулла,male
Хайруллах,male
Хайрутдин,male
Хайсулав,male
Хайыр,male
Хакав,male
Хакаракиа,male
Хакахма,male
Хаки,male
Хакиа,male
Хаким,male
Хаклач,male
Хакура,male
Хакуцв,male
Хакуцо,male
Хакуч,male
Хакы,male
Хакыбей,male
Хакычаба,male
Хакяша,male
Хал,male
Хала,male
Халав,male
Халада,male
Халадж,male
Халадзи,male
Халакав,male
Халакиа,male
Халал,male
Халаладзи,male
Халалбагомед,male
Халалгаджи,male
Халалмагомед,male
Халам,male
Халата,male
Халатав,male
Халаткирей,male
Халда,male
Халеф,male
Халибек,male
Халигаджи,male
Халид,male
Халидин,male
Халик,male
Халил,male
Халилав,male
Халилбек,male
Халилгаджи,male
Халилугаг,male
Халиль,male
Халим,male
Халималав,male
Халимахма,male
Халимбек,male
Халипа,male
Халис,male
Халисилав,male
Халитбег,male
Халиф,male
Халифа,male
Халичи,male
Халияв,male
Халмирза,male
Халсоу,male
Халсултан,male
Халти,male
Халунилав,male
Халхо,male
Халхосулейман,male
Халыбей,male
Халыл,male
Халылбек,male
Хама,male
Хамадза,male
Хамаза,male
Хамаймамма,male
Хамакав,male
Хамал,male
Хамамед,male
Хамарза,male
Хамат,male
Хамата,male
Хаматай,male
Хаматкан,male
Хаматхан,male
Хамау,male
Хамац,male
Хамаш,male
Хамаша,male
Хамби,male
Хамдула,male
Хаме,male
Хамед,male
Хамеет,male
Хамело,male
Хамерза,male
Хамет,male
Хамза,male
Хамзалат,male
Хамзат,male
Хамзатбек,male
Хамзатхан,male
Хамзет,male
Хамид,male
Хамиз,male
Хамил,male
Хамим,male
Хамирза,male
Хамисилав,male
Хамисурилахмед,male
Хамит,male
Хамита,male
Хамиц,male
Хамло,male
Хаммада,male
Хаммаку,male
Хаммалмамма,male
Хаммыт,male
Хамос,male
Хамсаса,male
Хамсина,male
Хамсыс,male
Хамту,male
Хамуда,male
Хамурад,male
Хамурд,male
Хамурза,male
Хамутбей,male
Хамчыкуа,male
Хамшакуа,male
Хамшвакуа,male
Хамшикуа,male
Хамыжв,male
Хамыжги,male
Хамыза,male
Хамырбей,male
Хамырза,male
Хамытбей,male
Хан,male
Хана,male
Ханажв,male
Ханажва,male
Ханакай,male
Ханали,male
Ханаммат,male
Ханапи,male
Ханапилав,male
Ханарслан,male
Ханахачи,male
Ханахмед,male
Ханахо,male
Ханаху,male
Ханацв,male
Ханаш,male
Ханаша,male
Ханашв,male
Ханашхо,male
Ханбала,male
Ханбей,male
Ханби,male
Ханбий,male
Ханбике,male
Ханбуба,male
Ханбудай,male
Ханбута,male
Ханге,male
Хангерей,male
Хангери,male
Хангирей,male
Хангиши,male
Хангуг,male
Хандав,male
Хандак,male
Хандакиа,male
Ханджар,male
Ханджери,male
Ханджерий,male
Хандза,male
Ханду,male
Хандук,male
Хандула,male
Хандулав,male
Хандыгу,male
Ханза,male
Ханзаали,male
Ханзахма,male
Хани,male
Ханиа,male
Ханиза,male
Ханила,male
Ханипа,male
Ханифа,male
Ханиц,male
Ханкалав,male
Ханкиш,male
Ханкиши,male
Ханку,male
Ханлар,male
Ханмагома,male
Ханмагомед,male
Ханмирза,male
Ханмурза,male
Ханналав,male
Хано,male
Ханпаша,male
Хансолтан,male
Хантав,male
Хантилав,male
Ханту,male
Хантук,male
Ханума,male
Ханустран,male
Ханцарабадан,male
Ханци,male
Ханцик,male
Ханцу,male
Ханцуй,male
Ханцыку,male
Ханчу,male
Ханыкуа,male
Ханым,male
Ханыш,male
Ханышв,male
Хапа,male
Хапажв,male
Хапака,male
Хапалав,male
Хапан,male
Хапара,male
Хапат,male
Хапач,male
Хапача,male
Хапаш,male
Хапашв,male
Хапиз,male
Хапот,male
Хапса,male
Хаптина,male
Хаптыт,male
Хапш,male
Хапы,male
Хапыжв,male
Хапыц,male
Хапыш,male
Хараз,male
Харам,male
Харате,male
Харби,male
Харбил,male
Харви,male
Харда,male
Хардан,male
Харзаман,male
Харзуг,male
Харзун,male
Хари,male
Харира,male
Харис,male
Харитон,male
Харламп,male
Харлампий,male
Харлан,male
Хармхат,male
Харольд,male
Харон,male
Харрис,male
Хартлы,male
Харуан,male
Харум,male
Харун,male
Хархар,male
Харцав,male
Хас,male
Хаса,male
Хасав,male
Хасай,male
Хасаймирза,male
Хасалав,male
Хасамасир,male
Хасамбек,male
Хасамби,male
Хасан,male
Хасана,male
Хасанбей,male
Хасанбек,male
Хасанби,male
Хасанбий,male
Хасангилав,male
Хасанш,male
Хасарби,male
Хасахиа,male
Хасби,male
Хасболат,male
Хасбулат,male
Хасдзау,male
Хасен,male
Хасет,male
Хаси,male
Хасила,male
Хасильбег,male
Хаскиль,male
Хасмагомед,male
Хасмет,male
Хасми,male
Хасмухмад,male
Хасолта,male
Хасрат,male
Хассан,male
Хастакуа,male
Хасу,male
Хасуби,male
Хасулбег,male
Хасуха,male
Хасухан,male
Хат,male
Хата,male
Хатажвыкуа,male
Хатажуко,male
Хатакуа,male
Хатали,male
Хаталлабачи,male
Хаталь,male
Хатам,male
Хатан,male
Хатау,male
Хатахцко,male
Хаташ,male
Хатгери,male
Хатилав,male
Хатит,male
Хаткуа,male
Хато,male
Хатохшуко,male
Хату,male
Хатуджа,male
Хатуко,male
Хатулав,male
Хатута,male
Хатхуа,male
Хатхуажв,male
Хатхуат,male
Хатхуз,male
Хатхуху,male
Хатшуко,male
Хатыгу,male
Хатыджа,male
Хатыза,male
Хатыка,male
Хатыс,male
Хау,male
Хауа,male
Хауд,male
Хауда,male
Хаул,male
Хаут,male
Хаути,male
Хафза,male
Хафизан,male
Хаффа,male
Хах,male
Хаха,male
Хаха-Чаха,male
Хахалав,male
Хахиасса,male
Хаху,male
Хахулав,male
Хахулача,male
Хахулачы,male
Хахурате,male
Хаца,male
Хацакиач,male
Хацакур,male
Хацалажв,male
Хацвакутаг,male
Хаци,male
Хацу,male
Хацуко,male
Хацыка,male
Хача,male
Хачалав,male
Хачамаф,male
Хачатур,male
Хачача,male
Хачилав,male
Хачим,male
Хачкуаку,male
Хачкыз,male
Хаша,male
Хашамахо,male
Хашан,male
Хашао,male
Хашид,male
Хашил,male
Хашим,male
Хашир,male
Хашит,male
Хашкур,male
Хашора,male
Хаштих,male
Хашум,male
Хашым,male
Хаюа,male
Хбыб,male
Хважа,male
Хванагури,male
Хвар,male
Хварав,male
Хвацаали,male
Хвелав,male
Хджадж,male
Хджиадж,male
Хджыдж,male
Хдзан,male
Хдзиж,male
Хдзыр,male
Хдоу,male
Хевга,male
Хедалав,male
Хежкур,male
Хейбулах,male
Хейвуд,male
Хейрудин,male
Хейруллах,male
Хелеф,male
Хелил,male
Хелим,male
Хельмут,male
Хеляс,male
Хемучи,male
Хенджел,male
Хентор,male
Хенц,male
Хепа,male
Хепш,male
Херасима,male
Херби,male
Херочихма,male
Херсон,male
Херчи,male
Хесус,male
Хетаг,male
Хетур,male
Хехехма,male
Хецав,male
Хеш,male
Хзан,male
Хзана,male
Хиабач,male
Хиазан,male
Хианчкут,male
Хиапш,male
Хиаст,male
Хиат,male
Хиатул,male
Хиахир,male
Хиахурын,male
Хиац,male
Хиби,male
Хибо,male
Хибра,male
Хида,male
Хидалти,male
Хидгуа,male
Хиджадж,male
Хиджгуа,male
Хидинаби,male
Хидир,male
Хидирата,male
Хидирнаби,male
Хидирнеби,male
Хидри,male
Хижв,male
Хизан,male
Хизар,male
Хизбудин,male
Хизбула,male
Хизир,male
Хизир-Паша,male
Хизихума,male
Хизма,male
Хизри,male
Хизрибег,male
Хизригаджи,male
Хизудин,male
Хийир,male
Хийирбег,male
Хика,male
Хику,male
Хилал,male
Хилари,male
Хилда,male
Хилеав,male
Хилкан,male
Хиллиард,male
Хилт,male
Хилта,male
Хилуан,male
Химара,male
Химбей,male
Химиш,male
Химкац,male
Химкуараса,male
Химор,male
Химса,male
Химсакул,male
Химца,male
Химчан,male
Химш,male
Химыш,male
Хина,male
Хингугу,male
Хинда,male
Хиндалав,male
Хиндач,male
Хиндыгу,male
Хинкуарса,male
Хинкур,male
Хинкурс,male
Хинтрыгу,male
Хинчашв,male
Хинчкум,male
Хипа,male
Хирама,male
Хирамагомед,male
Хирасулав,male
Хирач,male
Хирачи,male
Хирба,male
Хирбей,male
Хиргугу,male
Хири,male
Хирихма,male
Хирич,male
Хирияв,male
Хириясулав,male
Хиркубча,male
Хиро,male
Хирпыгу,male
Хирсон,male
Хирун,male
Хируша,male
Хирца,male
Хирцвацва,male
Хиса,male
Хисиали,male
Хисра,male
Хису,male
Хисулав,male
Хисха,male
Хит,male
Хита,male
Хиту,male
Хиуа,male
Хиудар,male
Хифа,male
Хихдан,male
Хихи,male
Хихик,male
Хихилав,male
Хиху,male
Хицкуа,male
Хицкуыр,male
Хич,male
Хича,male
Хичпапыр,male
Хичул,male
Хишата,male
Хишатар,male
Хишаташва,male
Хияс,male
Хлан,male
Хмаджир,male
Хмажир,male
Хмачир,male
Хмыжв,male
Хмыч,male
Хмыш,male
Хноу,male
Хны,male
Хныш,male
Хоакин,male
Хобан,male
Ховард,male
Ховди,male
Ходжа,male
Ходжабек,male
Ходжанду,male
Хож-Али,male
Хож-Ахмад,male
Хож-Эми,male
Хож-Эмин,male
Хожа,male
Хожахмат,male
Хожо,male
Хожок,male
Хожолиса,male
Хози,male
Хойман,male
Хоко,male
Холатда,male
Хомгот,male
Хонел,male
Хопи,male
Хопотар,male
Хора,male
Хоролав,male
Хорхе,male
Хосбот,male
Хосе,male
Хосен,male
Хосенилав,male
Хосоп,male
Хосу,male
Хосухан,male
Хот,male
Хота,male
Хото,male
Хоток,male
Хоуп,male
Хох,male
Хоха,male
Хочбар,male
Хочо,male
Хпап,male
Хпач,male
Хпыпын,male
Хпыт,male
Хпыч,male
Хпыш,male
Хрисанф,male
Христофор,male
Хрыпс,male
Хсаган,male
Хсар,male
Хсарбек,male
Хсартаг,male
Хсат,male
Хсаут,male
Хсен,male
Хсоуст,male
Хсырху,male
Хсыс,male
Хтыжв,male
Хуаджа,male
Хуаджа-Шардын,male
Хуадза,male
Хуадикан,male
Хуажв,male
Хуажварпыс,male
Хуажвы,male
Хуазкыр,male
Хуака,male
Хуакиа,male
Хуакуала,male
Хуалика,male
Хуама,male
Хуамаса,male
Хуамдзалык,male
Хуамел,male
Хуампа,male
Хуампал,male
Хуамс,male
Хуан,male
Хуанакиа,male
Хуаней,male
Хуанта,male
Хуап,male
Хуапица,male
Хуар,male
Хуарс,male
Хуархуар,male
Хуарцыжв,male
Хуас,male
Хуасика,male
Хуат,male
Хуата,male
Хуатхуат,male
Хуатын,male
Хуахуал,male
Хуац,male
Хуача,male
Хуачара,male
Хуачача,male
Хуачис,male
Хуачман,male
Хуашыт,male
Хубача,male
Хубачка,male
Хуби,male
Хуго,male
Худ,male
Худа,male
Худаверди,male
Худай,male
Худайверди,male
Худайна,male
Худанат,male
Худар,male
Худач,male
Худжадж,male
Худжан,male
Худзга,male
Худзыс,male
Худыдж,male
Хуж,male
Хужа,male
Хужан,male
Хужбар,male
Хужв,male
Хужы,male
Хузаймат,male
Хуитыжв,male
Хуйлу,male
Хукмет,male
Хукун,male
Хула,male
Хулада,male
Хуладта,male
Хуладти,male
Хулал,male
Хулалази,male
Хулалмагомед,male
Хуларабадан,male
Хулатта,male
Хулатутеш,male
Хулио,male
Хулмад,male
Хума,male
Хумайд,male
Хумас,male
Хумаскиа,male
Хумата,male
Хуми,male
Хумид,male
Хумп,male
Хумпа,male
Хумпала,male
Хумпалы,male
Хумпыл,male
Хумса,male
Хумсыс,male
Хумын,male
Хуна,male
Хунажв,male
Хунап,male
Хунапы,male
Хундра,male
Хундыгу,male
Хункар,male
Хункиа,male
Хунма,male
Хунт,male
Хунч,male
Хунча,male
Хунчар,male
Хуп,male
Хупажв,male
Хупси,male
Хупына,male
Хупыш,male
Хура,male
Хурандза,male
Хураш,male
Хурбыц,male
Хурда,male
Хурджан,male
Хуриялав,male
Хурта,male
Хуртулав,male
Хуру,male
Хурух,male
Хурцаку,male
Хуршид,male
Хуршит,male
Хуса,male
Хусаин,male
Хусайн,male
Хусам,male
Хусамудин,male
Хусан,male
Хусас,male
Хусбудин,male
Хусен,male
Хуси,male
Хусин,male
Хусина,male
Хусит,male
Хусихан,male
Хускиа,male
Хусраб,male
Хусрав,male
Хут,male
Хута,male
Хутап,male
Хутарав,male
Хутат,male
Хутина,male
Хутрыжв,male
Хуттамагомед,male
Хутту,male
Хутхуат,male
Хутыж,male
Хутыжв,male
Хутын,male
Хутыш,male
Хуха,male
Хуху,male
Хухут,male
Хуц,male
Хуца,male
Хуцма,male
Хуцу,male
Хуцхуламшва,male
Хуч,male
Хуча,male
Хучбар,male
Хучи,male
Хучибар,male
Хучибер,male
Хучина,male
Хучияр,male
Хучрыуа,male
Хучы,male
Хучыка,male
Хучыч,male
Хушит,male
Хушла,male
Хушназ,male
Хушула,male
Хуыба,male
Хуыгу,male
Хфар,male
Хфаф,male
Хцыс,male
Хшы,male
Хыбаракиат,male
Хыбжир,male
Хыгу,male
Хыгугу,male
Хыдж,male
Хыджгуа,male
Хыжв,male
Хыза,male
Хылпажв,male
Хылпацвгиа,male
Хылпежижв,male
Хым,male
Хымбей,male
Хымжва,male
Хымжважв,male
Хымсада,male
Хына,male
Хынаа,male
Хындыгу,male
Хынтв,male
Хынтрыгу,male
Хынтыжв,male
Хынцыху,male
Хып,male
Хыптын,male
Хырзаман,male
Хыркуи,male
Хыса,male
Хыт,male
Хыта,male
Хытры,male
Хытыжв,male
Хытын,male
Хыхча,male
Хыцв,male
Хычача,male
Хычкуаку,male
Хыш,male
Хышаташва,male
Хышв,male
Хыясбек,male
Хью,male
Хяйду,male
Хялхя,male
Хямат,male
Хярк,male
Хясми,male
Цаба,male
Цабал,male
Цагтыр,male
Цагуц,male
Цадо,male
Цаиб,male
Цай,male
Цака,male
Цакав,male
Цакуа,male
Цакул,male
Цакура,male
Цакуыра,male
Цаллай,male
Цамина,male
Цамук,male
Цан,male
Цана,male
Цандалай,male
Цапа,male
Цаппо,male
Цаппу,male
Цар,male
Цара,male
Цараан,male
Царазон,male
Царай,male
Царакаали,male
Царател,male
Царбей,male
Царгас,male
Царгуин,male
Царикуа,male
Царка,male
Цартлик,male
Цару,male
Царухан,male
Царухва,male
Царцоу,male
Цатталаг,male
Цах,male
Цахай,male
Цахил,male
Цахилав,male
Цахильчи,male
Цаху,male
Цахуа,male
Цахулав,male
Цахур,male
Цац,male
Цаца,male
Цацка,male
Цацко,male
Цацо,male
Цацу,male
Цбыр,male
Цвабахиа,male
Цвадыгу,male
Цвапш,male
Цвауш,male
Цвацва,male
Цвгиамш,male
Цвгиапсыкуа,male
Цвгин,male
Цвит,male
Цвху,male
Цвымза,male
Цвымкуаку,male
Цвыр,male
Цгун,male
Цгуна,male
Цгуы,male
Цевехан,male
Цега,male
Цеиха,male
Цекав,male
Цеку,male
Целестин,male
Цепка,male
Церетел,male
Цзиньпин,male
Циаку,male
Циба,male
Цибит,male
Цизо,male
Цика,male
Цикира,male
Цику,male
Цилих,male
Цим,male
Ципир,male
Ципка,male
Ципо,male
Цирагаджи,male
Циру,male
Цис,male
Циса,male
Цита,male
Цих,male
Цихарав,male
Цихилав,male
Цихиль,male
Цихлабула,male
Циц,male
Цицек,male
Цицеу,male
Цици,male
Цициашу,male
Цицикав,male
Цицо,male
Цкур,male
Цкуцкуа,male
Цлама,male
Цларкуку,male
Цми,male
Цмихан,male
Цныгу,male
Цодор,male
Цодорав,male
Цодоро,male
Цокалав,male
Цола,male
Цомак,male
Цомел,male
Цора,male
Цоска,male
Цотал,male
Цох,male
Цохолав,male
Цоци,male
Цоцко,male
Црым,male
Цу,male
Цуг,male
Цугур,male
Цуна,male
Цуц,male
Цуца,male
Цуци,male
Цуцка,male
Цуцу,male
Цхаб,male
Цхин,male
Цхон,male
Цыб,male
Цыба,male
Цыбр,male
Цыбра,male
Цыбыр,male
Цыгтыр,male
Цыгу,male
Цык,male
Цыку,male
Цыкуа,male
Цыкурина,male
Цым,male
Цына,male
Цырац,male
Цыркина,male
Цыркут,male
Цырцыр,male
Цых,male
Цыху,male
Цыц,male
Цыца,male
Цыцыл,male
Цышв,male
Цыю,male
Чаабан,male
Чаабей,male
Чаадат,male
Чааимаф,male
Чаамажв,male
Чаамаф,male
Чаб,male
Чабак,male
Чабан,male
Чабахуа,male
Чабка,male
Чабрак,male
Чабтал,male
Чабына,male
Чабырхан,male
Чавагаджи,male
Чавамагомед,male
Чавдар,male
Чавтара,male
Чаг,male
Чага,male
Чагбан,male
Чагиа,male
Чагиам,male
Чагиар,male
Чагиб,male
Чагиц,male
Чагу,male
Чагуа,male
Чагуал,male
Чагула,male
Чагулали,male
Чагума,male
Чагуна,male
Чагурилав,male
Чагута,male
Чагыр,male
Чада,male
Чадело,male
Чадиль,male
Чажв,male
Чаз,male
Чазим,male
Чазуахуа,male
Чазыр,male
Чак,male
Чака,male
Чакабур,male
Чакалав,male
Чакаласулав,male
Чакана,male
Чакарав,male
Чакарилав,male
Чаква,male
Чаквачо,male
Чакиана,male
Чакиар,male
Чакиара,male
Чакуа,male
Чакуажвиа,male
Чакуитыжв,male
Чакур,male
Чакута,male
Чакыгу,male
Чала,male
Чалабеймагомед,male
Чалаби,male
Чалави,male
Чалаг,male
Чаламат,male
Чаландар,male
Чалимат,male
Чалла,male
Чало,male
Чалух,male
Чалыбей,male
Чалыш,male
Чама,male
Чамаар,male
Чамагу,male
Чамаз,male
Чамак,male
Чамакулав,male
Чамал,male
Чамалисов,male
Чаманыкуа,male
Чамашв,male
Чаме,male
Чамкуку,male
Чампаз,male
Чамси,male
Чамситдин,male
Чамхуз,male
Чамыгу,male
Чан,male
Чана,male
Чанагу,male
Чанахан,male
Чангу,male
Чангуй,male
Чангурилав,male
Чандага,male
Чандагай,male
Чандар,male
Чандз,male
Чани,male
Чанка,male
Чанкала,male
Чанкалав,male
Чанкилав,male
Чанко,male
Чанку,male
Чанкур,male
Чанкура,male
Чаннан,male
Чанта,male
Чантала,male
Чантахмыр,male
Чантилав,male
Чанту,male
Чанча,male
Чанчалав,male
Чанчор,male
Чанчоу,male
Чанчур,male
Чаныгу,male
Чаныкиа,male
Чап,male
Чапа,male
Чапаг,male
Чапагу,male
Чапагуа,male
Чапакади,male
Чапаныкуа,male
Чапас,male
Чапащ,male
Чапдагай,male
Чапиак,male
Чаплаз,male
Чапти,male
Чарабура,male
Чарав,male
Чарагикуа,male
Чарак,male
Чаранав,male
Чаранда,male
Чарандалав,male
Чарап,male
Чарахан,male
Чаргас,male
Чари,male
Чарин,male
Чаркиаз,male
Чарко,male
Чарльз,male
Чарта,male
Чарталав,male
Чаруал,male
Чарухалав,male
Чархал,male
Чарым,male
Часа,male
Чат,male
Чата,male
Чатала,male
Чатла,male
Чатхуа,male
Чаус,male
Чафлен,male
Чах,male
Чаха,male
Чахиа,male
Чахмат,male
Чахмаф,male
Чахмыжв,male
Чахсат,male
Чаху,male
Чахуназ,male
Чахурбей,male
Чахусиа,male
Чахусна,male
Чахуху,male
Чахучи,male
Чахчабег,male
Чач,male
Чача,male
Чачаг,male
Чачалоу,male
Чачан,male
Чачанав,male
Чачу,male
Чачула,male
Чачута,male
Чачхан,male
Чачырбей,male
Чаша,male
Чашв,male
Чварихма,male
Чгиц,male
Чгуагу,male
Чгуц,male
Чебан,male
Чегулав,male
Чежга,male
Чекабур,male
Челеб,male
Челемет,male
Челеш,male
Челешбий,male
Челя,male
Челяни,male
Чемену,male
Ченгел,male
Чензин,male
Чепиак,male
Чергес,male
Чергесбий,male
Черди,male
Черек,male
Черим,male
Черкаси,male
Черкес,male
Чермен,male
Черн,male
Черсе,male
Чеслав,male
Четегеж,male
Чето,male
Чех,male
Чечера,male
Чечильбий,male
Чеэрав,male
Чеэрчи,male
Чи,male
Чибут,male
Чивимамма,male
Чижв,male
Чилялав,male
Чиляхерав,male
Чимагомед,male
Чими,male
Чимирза,male
Чимчилав,male
Чиназ,male
Чиназир,male
Чингис,male
Чиник,male
Чинк,male
Чинкомагома,male
Чинтилав,male
Чинтир,male
Чинтисулав,male
Чинчор,male
Чипса,male
Чираган,male
Чирган,male
Чиркалав,male
Чито,male
Чиф,male
Чич,male
Чичал,male
Чичалав,male
Чичи,male
Чичу,male
Чичыкуа,male
Чичын,male
Чичыра,male
Чкоп,male
Чкуат,male
Чкук,male
Чкул,male
Чкуычкуа,male
Чкыт,male
Чмаку,male
Чмыт,male
Чнагу,male
Чнаку,male
Чог,male
Чога,male
Чодо,male
Чока,male
Чокиа,male
Чолдар,male
Чонг,male
Чондалав,male
Чонти,male
Чонтмар,male
Чонча,male
Чончалав,male
Чончолав,male
Чоп,male
Чопалав,male
Чопан,male
Чопи,male
Чопра,male
Чора,male
Чорали,male
Чоулыху,male
Чоуша,male
Чохили,male
Чохо,male
Чоча,male
Чоче,male
Чочо,male
Чочон,male
Чоша,male
Чпыжв,male
Чрын,male
Чсып,male
Чтониа,male
Чу,male
Чуба,male
Чубан,male
Чужик,male
Чуиб,male
Чук,male
Чукалав,male
Чуканали,male
Чулак,male
Чулуки,male
Чумак,male
Чумчалав,male
Чунды,male
Чунк,male
Чункмагома,male
Чунти,male
Чунчи,male
Чунчигаджи,male
Чунчулав,male
Чупалав,male
Чупан,male
Чупанилав,male
Чупли,male
Чура,male
Чуралав,male
Чурбей,male
Чурлан,male
Чурух,male
Чуса,male
Чусулав,male
Чут,male
Чута,male
Чутала,male
Чуталав,male
Чути,male
Чутк,male
Чуф,male
Чуха,male
Чухарав,male
Чухилав,male
Чуч,male
Чучика,male
Чучу,male
Чучул,male
Чучурбей,male
Чуш,male
Чхамыжв,male
Чхит,male
Чхуна,male
Чхуына,male
Чхы,male
Чыг,male
Чыгин,male
Чыгиц,male
Чыгу,male
Чыгур,male
Чыгута,male
Чыд,male
Чыжв,male
Чыз,male
Чык,male
Чыка,male
Чыкмыжв,male
Чыку,male
Чыкуа,male
Чыкурышт,male
Чылтыхуса,male
Чым,male
Чыма,male
Чымка,male
Чымпыжв,male
Чымса,male
Чымтыт,male
Чымх,male
Чымхит,male
Чын,male
Чына,male
Чыназ,male
Чындыжв,male
Чынча,male
Чынчикуа,male
Чынчор,male
Чыпа,male
Чыр,male
Чыра,male
Чыри,male
Чыт,male
Чыта,male
Чыу,male
Чыф,male
Чыха,male
Чыхиа,male
Чыхман,male
Чыхмырза,male
Чыху,male
Чыхуна,male
Чыхути,male
Чыч,male
Чыча,male
Чычиа,male
Чычка,male
Чычкуа,male
Чычу,male
Чыш,male
Чыша,male
Чёрна,male
Шааб,male
Шааба,male
Шаабаз,male
Шаабан,male
Шаабат,male
Шааби,male
Шаабу,male
Шаагуан,male
Шаадат,male
Шааиб,male
Шааиза,male
Шаакиат,male
Шаакир,male
Шаандат,male
Шаарани,male
Шабадин,male
Шабазгирей,male
Шабай,male
Шабан,male
Шабат,male
Шабатуко,male
Шабкат,male
Шаблук,male
Шабу,male
Шабхо,male
Шабыста,male
Шаваав,male
Шавдаг,male
Шавдир,male
Шавел,male
Шавела,male
Шавкат,male
Шагабудин,male
Шагабутдин,male
Шагав,male
Шагвелет,male
Шагзада,male
Шагид,male
Шагидав,male
Шагидин,male
Шагир,male
Шагирби,male
Шагман,male
Шагмар,male
Шагу,male
Шагумалав,male
Шагутыл,male
Шад,male
Шадан,male
Шадгуа,male
Шадид,male
Шаид,male
Шаидин,male
Шаип,male
Шаит,male
Шаиф,male
Шайахмет,male
Шайб,male
Шайда,male
Шайдабег,male
Шайдали,male
Шайдула,male
Шайма,male
Шайт,male
Шайтанабдулла,male
Шайх-Ахмад,male
Шайх-Мухмад,male
Шайхалав,male
Шайхали,male
Шайхахмед,male
Шайхи,male
Шайхилав,male
Шайхулав,male
Шака,male
Шакар,male
Шакеслам,male
Шакиат,male
Шакман,male
Шакро,male
Шакрыл,male
Шакуатала,male
Шакуатыл,male
Шакут,male
Шакыж,male
Шакын,male
Шалават,male
Шалап,male
Шалбуз,male
Шалва,male
Шалда,male
Шали,male
Шалико,male
Шаликуа,male
Шалих,male
Шалласу,male
Шалодя,male
Шалуа,male
Шалыбей,male
Шалымбей,male
Шалыш,male
Шам,male
Шама,male
Шамади,male
Шамай,male
Шамардар,male
Шамасур,male
Шамат,male
Шаматав,male
Шаматилав,male
Шамах,male
Шамбакуа,male
Шамди,male
Шамел,male
Шаметей,male
Шамилхан,male
Шамиль,male
Шамильгаджи,male
Шамир,male
Шамирза,male
Шамисат,male
Шамкыз,male
Шамкыр,male
Шаммагомед,male
Шамна,male
Шамоч,male
Шамс,male
Шамса,male
Шамсад,male
Шамсадин,male
Шамси,male
Шамсу,male
Шамсувара,male
Шамсуд,male
Шамсудди,male
Шамсудин,male
Шамсулвара,male
Шамсуллах,male
Шамсун,male
Шамсутдин,male
Шамта,male
Шамхал,male
Шамхан,male
Шамхныкуа,male
Шамша,male
Шамшит,male
Шамырныкуа,male
Шанаваз,male
Шанбагомед,male
Шангар,male
Шангирай,male
Шандан,male
Шаниа,male
Шансоу,male
Шантик,male
Шантур,male
Шануа,male
Шанука,male
Шанша,male
Шаншир,male
Шаныуа,male
Шаой,male
Шап,male
Шапа,male
Шапагуа,male
Шапай,male
Шапалав,male
Шапан,male
Шапи,male
Шапиа,male
Шапига,male
Шапигаджи,male
Шапигула,male
Шапилав,male
Шапиула,male
Шапиулла,male
Шапс,male
Шаптука,male
Шапур,male
Шапхицв,male
Шарабин,male
Шарабкикав,male
Шарабудин,male
Шарабутдин,male
Шарав,male
Шаравутдин,male
Шарадын,male
Шарам,male
Шарамлыку,male
Шарап,male
Шарапилав,male
Шарапутдин,male
Шаратхуа,male
Шараф,male
Шарафудин,male
Шарах,male
Шарахмат,male
Шарбей,male
Шарвили,male
Шаргаш,male
Шарда,male
Шардын,male
Шариат,male
Шарибо,male
Шарип,male
Шарипилав,male
Шариф,male
Шарих,male
Шарль,male
Шарон,male
Шарпица,male
Шарпудди,male
Шарпудин,male
Шарпы,male
Шару,male
Шаруан,male
Шарубазан,male
Шарудди,male
Шарудин,male
Шарустан,male
Шарухан,male
Шарытхуа,male
Шасиня,male
Шасоу,male
Шат,male
Шатажв,male
Шатбей,male
Шаткуа,male
Шатхуц,male
Шатыгу,male
Шауа,male
Шауазбак,male
Шауарбей,male
Шауардын,male
Шаут,male
Шаухал,male
Шафи,male
Шафиг,male
Шафидин,male
Шафика,male
Шафка,male
Шафудин,male
Шах,male
Шах-Булат,male
Шахаб,male
Шахабудин,male
Шахал,male
Шахамби,male
Шахан,male
Шаханбей,male
Шахангирей,male
Шахапа,male
Шахар,male
Шахарани,male
Шахарбей,male
Шахас,male
Шахахмед,male
Шахбаба,male
Шахбаз,male
Шахбала,male
Шахбан,male
Шахбангажи,male
Шахби,male
Шахбот,male
Шахбулат,male
Шахбур,male
Шахвелед,male
Шахвели,male
Шахверди,male
Шахгусейн,male
Шахдада,male
Шахид,male
Шахидалав,male
Шахизар,male
Шахилав,male
Шахим,male
Шахимардан,male
Шахимби,male
Шахимчир,male
Шахисмаил,male
Шахламаз,male
Шахлар,male
Шахма,male
Шахмагомед,male
Шахман,male
Шахмандар,male
Шахмандара,male
Шахмардан,male
Шахмердан,male
Шахмил,male
Шахмилав,male
Шахмир,male
Шахмирза,male
Шахмирзе,male
Шахмурад,male
Шахнаваз,male
Шахназар,male
Шахназарав,male
Шахпаз,male
Шахрамазан,male
Шахрани,male
Шахру,male
Шахрудди,male
Шахрудин,male
Шахруз,male
Шахрулав,male
Шахруман,male
Шахрурамазан,male
Шахрураман,male
Шахрутдин,male
Шахрухан,male
Шахсен,male
Шахсолтан,male
Шахсултан,male
Шахтаман,male
Шаху,male
Шахуали,male
Шахуида,male
Шахук,male
Шахуш,male
Шаххиа,male
Шахша,male
Шахшабег,male
Шахым,male
Шахэмир,male
Шач,male
Шаче,male
Шаш,male
Шаша,male
Шашаку,male
Шашал,male
Шашахуна,male
Шашу,male
Шваилав,male
Швашв,male
Шверник,male
Швишка,male
Шгуат,male
Шгут,male
Шебатнук,male
Шебедин,male
Шевген,male
Шеверд,male
Шевкет,male
Шедед,male
Шедид,male
Шейх,male
Шейхали,male
Шейхамир,male
Шейхахмед,male
Шейхахмет,male
Шейхбута,male
Шейхи,male
Шейхмагома,male
Шейхмагомед,male
Шейхмурад,male
Шейху,male
Шейхудин,male
Шейхулав,male
Шейхулислам,male
Шекерали,male
Шелако,male
Шелли,male
Шемседин,male
Шендан,male
Шениа,male
Шеннон,male
Шепи,male
Шератил,male
Шергаси,male
Шеретлоко,male
Шерип,male
Шериф,male
Шерифали,male
Шерифэфенди,male
Шерли,male
Шерпу,male
Шерыф,male
Шехо,male
Шибга,male
Шибиа,male
Шигу,male
Шидгуа,male
Шиди,male
Шидибег,male
Шика,male
Шикиа,male
Шикир,male
Шико,male
Шику,male
Шикуа,male
Шикур,male
Шила,male
Шилалав,male
Шили,male
Шима,male
Шимагома,male
Шималав,male
Шимшар,male
Шин,male
Шинас,male
Шингар,male
Шингил,male
Шипа,male
Шир,male
Ширав,male
Ширазад,male
Ширахмет,male
Ширван,male
Ширванбег,male
Ширвани,male
Шириалу,male
Ширибек,male
Ширимамма,male
Ширин,male
Ширинбег,male
Ширли,male
Ширпа,male
Ширын,male
Шис,male
Шита,male
Шитхан,male
Шихаахмед,male
Шихабдуллах,male
Шихабид,male
Шихабудин,male
Шихав,male
Шихали,male
Шихамбий,male
Шихамир,male
Шихамирз,male
Шихарби,male
Шихасан,male
Шихахмад,male
Шихахмед,male
Шихбуба,male
Шихбулат,male
Шихгасан,male
Шихдемир,male
Шихджамал,male
Шихзада,male
Шихзда,male
Шихим,male
Шихимгери,male
Шихимерден,male
Шихирман,male
Шихисмаил,male
Шихмагомед,male
Шихмирза,male
Шихмирзе,male
Шихмурад,male
Шихмурза,male
Шихнаби,male
Шихнеби,male
Шихнесир,male
Шихрагим,male
Шихсаид,male
Шихсефи,male
Шиху,male
Шихулав,male
Шихун,male
Шихша,male
Шихэмир,male
Шишил,male
Шишо,male
Шкиат,male
Шкуаку,male
Шкуакуа,male
Шкуб,male
Шкурбей,male
Шкутка,male
Шкыт,male
Шлиман,male
Шмак,male
Шмат,male
Шматан,male
Шмаф,male
Шнагу,male
Шназ,male
Шобыка,male
Шовкатбей,male
Шовхал,male
Шоип,male
Шокав,male
Шокай,male
Шолох,male
Шома,male
Шомат,male
Шон,male
Шонилав,male
Шора,male
Шоратай,male
Шорах,male
Шораш,male
Шорих,male
Шота,male
Шоу,male
Шоуа,male
Шоудыд,male
Шоуха,male
Шохали,male
Шохаль,male
Шохолав,male
Шошка,male
Шпагу,male
Шпапка,male
Шрымбей,male
Шрын,male
Шрына,male
Шрынбей,male
Шрыни,male
Шрыф,male
Штат,male
Штефан,male
Штеффен,male
Штибек,male
Штын,male
Шу,male
Шуа,male
Шуадта,male
Шуай,male
Шуайб,male
Шуайби,male
Шуайиб,male
Шуата,male
Шугаиб,male
Шугай,male
Шугиан,male
Шугян,male
Шудди,male
Шуди,male
Шуду,male
Шукри,male
Шукук,male
Шукурби,male
Шумаф,male
Шумафа,male
Шумахо,male
Шумет,male
Шумихан,male
Шунгар,male
Шуой,male
Шупаго,male
Шупаша,male
Шупилав,male
Шура,male
Шурет,male
Шута,male
Шутиа,male
Шухбай,male
Шухбайли,male
Шухиб,male
Шхамчерий,male
Шхангери,male
Шханыкуа,male
Шхум,male
Шына,male
Шып,male
Шыпа,male
Шыра,male
Шыц,male
Шышху,male
Щабагилав,male
Щамса,male
Щамсудин,male
Ыдрыс,male
Ындырали,male
Ындырбай,male
Эбетула,male
Эбил,male
Эбу,male
Эведуллах,male
Эвелин,male
Эвертон,male
Эврик,male
Эгар,male
Эгед,male
Эд,male
Эдал,male
Эдал-Гира,male
Эдал-Гири,male
Эдал-Солта,male
Эдал-Хаджи,male
Эдалбек,male
Эдалби,male
Эдалгирей,male
Эдалсултан,male
Эдалхан,male
Эдгар,male
Эдгард,male
Эден,male
Эдиге,male
Эдий,male
Эдик,male
Эдил,male
Эдил-Солта,male
Эдил-Хаджи,male
Эдилбек,male
Эдилбий,male
Эдилхан,male
Эдман,male
Эдмунд,male
Эдриан,male
Эдриен,male
Эдуард,male
Эдхам,male
Эдык,male
Эжен,male
Эжи,male
Эза,male
Эзарби,male
Эзарпаша,male
Эзархан,male
Эзедин,male
Эзерхан,male
Эзирбей,male
Эзмед,male
Эзмет,male
Эзоп,male
Эйден,male
Эйзедин,male
Эйзудин,male
Экате,male
Экбер,male
Экби,male
Экпер,male
Эктор,male
Эла,male
Эла-Солта,male
Эла-Хаджи,male
Элабек,male
Элаберд,male
Элаберт,male
Элаби,male
Эламбай,male
Эламби,male
Элампаша,male
Эламсолта,male
Эламурза,male
Элбазар,male
Элбазко,male
Элберд,male
Элболды,male
Элвис,male
Элвуд,male
Элгайтар,male
Элдар,male
Элдархан,male
Элдерхан,male
Элджарко,male
Элжарка,male
Эли,male
Эли-Солта,male
Эли-Хаджи,male
Элиан,male
Элибек,male
Элиберд,male
Элиз,male
Элизбар,male
Элик,male
Элимпаша,male
Элимсолта,male
Элисафа,male
Элисиф,male
Элиф,male
Элишбей,male
Эллиот,male
Элмирза,male
Элмурза,male
Элом,male
Элти,male
Элтимар,male
Элтимир,male
Элтон,male
Элтувган,male
Эльбо,male
Эльбуздуко,male
Эльдар,male
Эльдарилав,male
Эльдер,male
Эльджеруко,male
Эльмар,male
Эльмес,male
Эльмудин,male
Эльмурза,male
Эльнар,male
Эмав,male
Эмалхан,male
Эмануэль,male
Эмаули,male
Эмбер,male
Эме,male
Эмелав,male
Эмемав,male
Эмеч,male
Эми,male
Эми-Солта,male
Эмил,male
Эмилиано,male
Эмилхан,male
Эмиль,male
Эмильхан,male
Эмим,male
Эмин,male
Эмир,male
Эмирали,male
Эмираслан,male
Эмирбек,male
Эмиргамза,male
Эмиргасан,male
Эмируллах,male
Эмирусбан,male
Эмирхан,male
Эмирчубан,male
Эммануэль,male
Эмманюэль,male
Эмпедокл,male
Эмрах,male
Энвер,male
Энвербей,male
Энвербек,male
Энди,male
Эндрю,male
Энрике,male
Энрико,male
Энтони,male
Эпенди,male
Эр-Таргыл,male
Эрадил,male
Эрали,male
Эраст,male
Эрболат,male
Эрбулат,male
Эргали,male
Эрдни,male
Эрежеп,male
Эреш,male
Эржиб,male
Эрзиман,male
Эрзихан,male
Эрик,male
Эрика,male
Эристав,male
Эрих,male
Эркек,male
Эркеч,male
Эркечали,male
Эрнесто,male
Эрнст,male
Эрпели,male
Эрпели-Кади,male
Эрси,male
Эртилав,male
Эртувган,male
Эртувгангаджи,male
Эрустам,male
Эрцалав,male
Эс,male
Эсберген,male
Эсгербек,male
Эсед,male
Эседулах,male
Эседуллах,male
Эсенболат,male
Эсенбулат,male
Эсенгелди,male
Эсет,male
Эска,male
Эскархан,male
Эскендер,male
Эскер,male
Эски,male
Эскирхан,male
Эсманбет,male
Эсмирза,male
Эсмурза,male
Эснедин,male
Эспет,male
Эстебан,male
Эстер,male
Эстимур,male
Эстувган,male
Эсурка,male
Эсхедин,male
Эсхил,male
Этек,male
Этилали,male
Этиль,male
Эусебио,male
Эфенди,male
Эфер,male
Эцалав,male
Эшли,male
Эшреф,male
Эшурка,male
Юджин,male
Юзбек,male
Юзик,male
Юлиан,male
Юмагелди,male
Юмагиси,male
Юмагул,male
Юмадув,male
Юмай,male
Юмандык,male
Юманияз,male
Юмарт,male
Юмейби,male
Юна,male
Юнади,male
Юни,male
Юнуз,male
Юнус,male
Юнусилав,male
Юпп,male
Юра,male
Юрген,male
Юрец,male
Юрик,male
Юрки,male
Юрыскан,male
Юса,male
Юси,male
Юстине,male
Юсуп,male
Юсупбег,male
Юсупбек,male
Юсупбий,male
Юсупгаджи,male
Юсупилав,male
Юсупкади,male
Юсуф,male
Юсуфхан,male
Юудах,male
Юурыс,male
Юха,male
Юхаран,male
Юша,male
Юшай,male
Юши,male
Яаш,male
Ябат,male
Ябга,male
Ябгиа,male
Ябин,male
Ябырхам,male
Ябырхан,male
Явгайтар,male
Явер,male
Явмурза,male
Явмырза,male
Явчабар,male
Ягадин,male
Яганилав,male
Ягапир,male
Ягибек,male
Ягизар,male
Яго,male
Ягор,male
Ягуза,male
Ягур,male
Яда,male
Ядгар,male
Ядгиа,male
Ядгиац,male
Ядгуа,male
Яджа,male
Яджга,male
Ядрат,male
Ядрыс,male
Ядыг,male
Яжа,male
Яжга,male
Яжгиа,male
Язамша,male
Язат,male
Язбе,male
Язбей,male
Язид,male
Язлыбай,male
Язмша,male
Языгу,male
Яка,male
Якар,male
Яким,male
Якоб,male
Якуа,male
Якуаба,male
Якуб,male
Якубилав,male
Якубхан,male
Якут,male
Ял,male
Ялам,male
Яллар,male
Ямагомед,male
Ямдеж,male
Ямет,male
Яметей,male
Ямеш,male
Ямин,male
Ямудин,male
Ян,male
Янарко,male
Янарса,male
Янарсахан,male
Яната,male
Янбай,male
Янболат,male
Янболган,male
Январбек,male
Январби,male
Янгазы,male
Янги,male
Янгулбей,male
Яндар,male
Яндарбай,male
Яндархан,male
Янду,male
Янибек,male
Янис,male
Янко,male
Янкуа,male
Янкуат,male
Янмурза,male
Янош,male
Янса,male
Янтак,male
Януарий,male
Япанас,male
Япо,male
Японц,male
Япу,male
Ярабак,male
Яраги,male
Ярагияв,male
Яраки,male
Ярали,male
Ярамат,male
Ярахмат,male
Ярахмед,male
Ярахмет,male
Яраш,male
Ярашув,male
Ярбилав,male
Ярг,male
Ярдана,male
Ярдар,male
Ярдыр,male
Яркан,male
Ярмагомед,male
Ярмет,male
Яромир,male
Ярополк,male
Ярослав,male
Ярыж,male
Ярыф,male
Яса,male
Ясаба,male
Ясай,male
Ясак,male
Ясен,male
Яслам,male
Ясон,male
Ястата,male
Ясу,male
Ясудара,male
Ясупи,male
Ясхак,male
Ясыф,male
Ятма,male
Яту,male
Ятыр,male
Яуа,male
Яуана,male
Яха,male
Яхиа,male
Яхия,male
Яхрам,male
Яхья,male
Ячемир,male
Яшбатакуа,male
Ёдзора,female
Ёко,female
Ёнэ,female
Ёрико,female
Ёриэ,female
Ёсико,female
Ёсими,female
Ёсиэ,female
Ааиса,female
Ааиша,female
Абаба,female
Абабай,female
Абазай,female
Абази,female
Абай,female
Абакиз,female
Абалай,female
Абахамис,female
Абба,female
Абгенаша,female
Абгианаш,female
Аби,female
Абибат,female
Абигайль,female
Абигейл,female
Абидат,female
Абизай,female
Абийбе,female
Абион,female
Абир,female
Абис,female
Абисаба,female
Абихан,female
Абля,female
Абсират,female
Абтыш,female
Абуграй,female
Абутай,female
Абха,female
Абчара,female
Абшарай,female
Авани,female
Авархан,female
Авасхан,female
Августа,female
Августина,female
Авдан,female
Авдинка,female
Авдотья,female
Авелина,female
Аверьяна,female
Авива,female
Авигея,female
Авизат,female
Авис,female
Авлаз,female
Авраби,female
Аврея,female
Авриль,female
Агабажи,female
Агава,female
Агавни,female
Агалай,female
Агалмани,female
Аганаз,female
Агапа,female
Агапери,female
Агапея,female
Агапия,female
Агарь,female
Агас,female
Агаста,female
Агастан,female
Агасултан,female
Агати,female
Агатиа,female
Агаханун,female
Агахатун,female
Агжакиз,female
Агиля,female
Агипа,female
Агкур,female
Аглес,female
Агнес,female
Агнесе,female
Агнесса,female
Агнета,female
Агнеш,female
Агнися,female
Агница,female
Агния,female
Агостина,female
Агра,female
Аграфена,female
Аграфин,female
Аграфина,female
Аграфинья,female
Аграфья,female
Агриппина,female
Агуминиа,female
Агунда,female
Агури,female
Агуша,female
Агуштина,female
Ада,female
Адаби,female
Адавият,female
Ададай,female
Адай,female
Адайханум,female
Адакат,female
Адгианаш,female
Адгианыш,female
Адгиашан,female
Адгуа,female
Аделаида,female
Аделайн,female
Аделейд,female
Аделина,female
Аделла,female
Адель,female
Адельхейд,female
Аделя,female
Адеми,female
Адеса,female
Адзига,female
Адзуса,female
Адиан,female
Адиба,female
Адигуза,female
Адикат,female
Адила,female
Адина,female
Адинай,female
Адинат,female
Адица,female
Адич,female
Адиширин,female
Адиюх,female
Адия,female
Адкиа,female
Адлия,female
Адолат,female
Адолия,female
Адриана,female
Аду,female
Адуха,female
Адуца,female
Адуша,female
Адушка,female
Адша,female
Адыу,female
Ажа,female
Ажаба,female
Ажабат,female
Ажабика,female
Ажай,female
Ажайбика,female
Ажайбике,female
Ажар,female
Ажари,female
Ажбика,female
Аждаха,female
Ажеб,female
Ажер,female
Ажерхалум,female
Ажи,female
Ажибийке,female
Ажимислим,female
Ажихалум,female
Ажихан,female
Ажми,female
Ажу,female
Ажуаба,female
Ажуба,female
Ажужат,female
Аза,female
Азадат,female
Азай,female
Азаймат,female
Азакодо,female
Азала,female
Азалия,female
Азалхат,female
Азан,female
Азанай,female
Азани,female
Азарат,female
Азарбика,female
Азархан,female
Азата,female
Азау,female
Азаухан,female
Азаха,female
Азахат,female
Азбика,female
Азбилат,female
Азе,female
Азейрижат,female
Азейфат,female
Азелла,female
Азель,female
Ази,female
Азида,female
Азидат,female
Азиза,female
Азинат,female
Азипат,female
Азират,female
Азихат,female
Азкир,female
Азкирхан,female
Азма,female
Азман,female
Азмина,female
Азмна,female
Азни,female
Азра,female
Азу,female
Азуми,female
Аи,female
Аибмеседу,female
Аида,female
Аими,female
Аира,female
Аисат,female
Аисиа,female
Аиста,female
Аиша,female
Аишат,female
Ай,female
Айан,female
Айбала,female
Айбалай,female
Айбану,female
Айбарша,female
Айбат,female
Айбиби,female
Айбийке,female
Айбика,female
Айбике,female
Айболек,female
Айвори,female
Айга,female
Айганат,female
Айганша,female
Айганым,female
Айгапу,female
Айгерим,female
Айгозель,female
Айгул,female
Айгуль,female
Айгюль,female
Айда,female
Айдай,female
Айдан,female
Айдана,female
Айдара,female
Айдария,female
Айдат,female
Айджамал,female
Айдхан,female
Айелет,female
Айеша,female
Айжайна,female
Айжамал,female
Айжан,female
Айжана,female
Айжанар,female
Айжания,female
Айжаркын,female
Айжарык,female
Айза,female
Айзад,female
Айзай,female
Айзан,female
Айзана,female
Айзанат,female
Айзани,female
Айзант,female
Айзара,female
Айзат,female
Айзере,female
Айзи,female
Айзиба,female
Айзу,female
Айзук,female
Айисат,female
Айисхан,female
Айиша,female
Айишат,female
Айка,female
Айкал,female
Айкант,female
Айкодо,female
Айла,female
Айма,female
Айман,female
Айманат,female
Аймани,female
Аймаржан,female
Аймат,female
Аймелев,female
Аймесед,female
Аймеседо,female
Аймесей,female
Айми,female
Аймисай,female
Аймисей,female
Айна,female
Айнагул,female
Айнагуль,female
Айнажан,female
Айнат,female
Айнати,female
Айнахалум,female
Айнаханум,female
Айнаш,female
Айнек,female
Айнека,female
Айнет,female
Айни,female
Айно,female
Айнулхайбат,female
Айнулхаят,female
Айнур,female
Айнура,female
Айнургаят,female
Айнури,female
Айнурия,female
Айпара,female
Айпату,female
Айперим,female
Айри,female
Айрин,female
Айрухалум,female
Айса,female
Айсалкын,female
Айсана,female
Айсанат,female
Айсара,female
Айсарат,female
Айсари,female
Айсат,female
Айсауле,female
Айсе,female
Айсель,female
Айсет,female
Айсехан,female
Айсулу,female
Айсун,female
Айсурат,female
Айсылу,female
Айсылы,female
Айсылыв,female
Айтак,female
Айтала,female
Айтувган,female
Айтувлы,female
Айтула,female
Айтхан,female
Айхали,female
Айхалим,female
Айхалум,female
Айхан,female
Айхант,female
Айханум,female
Айчурок,female
Айша,female
Айшабава,female
Айшабика,female
Айшагуль,female
Айшазай,female
Айшала,female
Айшан,female
Айшат,female
Айшвария,female
Айшет,female
Айшот,female
Айшуак,female
Айым,female
Айымгуль,female
Акайша,female
Акалтын,female
Акане,female
Аканша,female
Аканэ,female
Акари,female
Акбану,female
Акбаян,female
Акбет,female
Акбиби,female
Акбийке,female
Акбике,female
Акбопе,female
Акбота,female
Акгулим,female
Акгуль,female
Акдаана,female
Акдана,female
Акджа,female
Акеми,female
Акжамал,female
Акжаркын,female
Акжибек,female
Акзер,female
Акзере,female
Акзия,female
Акидат,female
Акико,female
Акими,female
Акина,female
Акира,female
Акиё,female
Аклиме,female
Акоз,female
Акпатув,female
Акпатыв,female
Аксана,female
Аксарат,female
Аксарт,female
Аксида,female
Аксиния,female
Аксинья,female
Аксият,female
Актамак,female
Актатув,female
Акуанда,female
Акулина,female
Акуш,female
Алаколай,female
Алана,female
Албина,female
Алвера,female
Алгина,female
Алджанат,female
Алди,female
Алейхалум,female
Александрина,female
Алексина,female
Алена,female
Алепат,female
Алеся,female
Алет,female
Алета,female
Алефтина,female
Алечка,female
Алза,female
Алзан,female
Алзана,female
Алижа,female
Ализа,female
Алийша,female
Алика,female
Алилай,female
Алима,female
Алимарин,female
Алимат,female
Алиме,female
Алимет,female
Алимхан,female
Алина,female
Алипат,female
Алипатима,female
Алиса,female
Алисб,female
Алисия,female
Алисон,female
Алита,female
Алихадижа,female
Алиэйша,female
Алия,female
Алият,female
Алла,female
Аллиш,female
Алма,female
Алмагюль,female
Алмакиз,female
Алманья,female
Алмаса,female
Алмата,female
Алмахалум,female
Алмаханум,female
Алмашах,female
Алмира,female
Алмурият,female
Алоиза,female
Алпасанат,female
Алпат,female
Алпату,female
Алпигат,female
Алпият,female
Алпулейла,female
Алсабед,female
Алсабет,female
Алсед,female
Алсет,female
Алсеф,female
Алсу,female
Алтанчач,female
Алтениа,female
Алтубика,female
Алтынай,female
Алтынчач,female
Алу,female
Алфея,female
Алфиз,female
Алханат,female
Алчка,female
Альберта,female
Альбертина,female
Альбика,female
Альвина,female
Альдона,female
Альжан,female
Альма,female
Альмина,female
Альмира,female
Альпият,female
Альфия,female
Альханият,female
Алэнат,female
Аля,female
Ама,female
Амай,female
Амала,female
Амалант,female
Амалия,female
Амалт,female
Амалта,female
Аманат,female
Аманда,female
Амани,female
Амансылув,female
Амант,female
Аманта,female
Аманту,female
Амару,female
Амат,female
Амата,female
Аматалай,female
Амату,female
Аматула,female
Аматулла,female
Амач,female
Амаш,female
Амаша,female
Амбика,female
Амбинай,female
Амбия,female
Амдахан,female
Амели,female
Амесед,female
Амета,female
Амжа,female
Амжан,female
Амза,female
Амида,female
Амика,female
Амилат,female
Амина,female
Аминат,female
Аминет,female
Амира,female
Амит,female
Амичулай,female
Амият,female
Амнат,female
Ампарай,female
Амсинат,female
Амсият,female
Аму,female
Амуят,female
Ана,female
Анабажи,female
Анабель,female
Анав,female
Анай,female
Анам,female
Анамажай,female
Анар,female
Анарат,female
Анархалум,female
Анарханум,female
Анат,female
Анатолия,female
Анахалум,female
Анаханум,female
Анбия,female
Ангела,female
Ангелика,female
Ангелина,female
Англо,female
Анджелина,female
Андила,female
Андреа,female
Андрея,female
Андрона,female
Андроника,female
Андышкуа,female
Анелиа,female
Анет,female
Анета,female
Анетта,female
Анжела,female
Анжелика,female
Анжелина,female
Анзират,female
Аника,female
Анико,female
Анимаиса,female
Аниса,female
Анисат,female
Анисия,female
Анисса,female
Анисья,female
Анита,female
Анитат,female
Анифа,female
Анифат,female
Аница,female
Ания,female
Аният,female
Анка,female
Анн,female
Анна,female
Аннаба,female
Аннабел,female
Аннабель,female
Анналена,female
Аннализа,female
Аннетта,female
Анни,female
Аннуска,female
Анов,female
Анофа,female
Анседо,female
Ансият,female
Антанина,female
Анти,female
Антика,female
Антица,female
Антия,female
Антонида,female
Антонина,female
Антония,female
Антуанет,female
Антуанетта,female
Ану,female
Анука,female
Анурхаят,female
Ануси,female
Ануши,female
Анушка,female
Анфиза,female
Анфима,female
Анфиса,female
Анфия,female
Анчиялай,female
Анчка,female
Анчу,female
Аньета,female
Анюта,female
Анюшка,female
Апа,female
Апав,female
Апай,female
Апам,female
Апи,female
Апинат,female
Апия,female
Аполлинария,female
Аполлония,female
Апраксия,female
Апрелия,female
Аптыш,female
Апу,female
Апувзар,female
Апфия,female
Апхузба,female
Апщдза,female
Арабат,female
Арабелла,female
Арадалай,female
Арапа,female
Арапай,female
Арапат,female
Арац,female
Арацай,female
Арацилай,female
Арва,female
Арван,female
Арвани,female
Аргентея,female
Ардица,female
Ардмасиа,female
Ардучка,female
Ардушна,female
Ардышна,female
Арзеня,female
Арзи,female
Арзыг,female
Ариа,female
Ариана,female
Ариважай,female
Аривай,female
Ариват,female
Аривбет,female
Аривжан,female
Аривзат,female
Аривкыз,female
Ариза,female
Арика,female
Аримсада,female
Арина,female
Арифа,female
Арихан,female
Ариэль,female
Аркадия,female
Армида,female
Арнелла,female
Аров,female
Аровбика,female
Аровжа,female
Аровха,female
Арпат,female
Арсения,female
Артемия,female
Ару,female
Арубика,female
Арувхан,female
Аругиз,female
Аружа,female
Аружан,female
Арузат,female
Арукия,female
Арусат,female
Аруха,female
Арухан,female
Аруша,female
Арфят,female
Арцилай,female
Арцулай,female
Аршна,female
Асай,female
Асбат,female
Асват,female
Асеба,female
Асенефа,female
Асет,female
Аси,female
Асиат,female
Асида,female
Асиет,female
Асилбийке,female
Асилбике,female
Асилзат,female
Асили,female
Асиль,female
Асима,female
Асират,female
Асирей,female
Асирет,female
Асият,female
Аскерхан,female
Аскланкоз,female
Аслабет,female
Аслампатима,female
Асланхан,female
Асли,female
Аслижа,female
Аслижан,female
Аслихат,female
Аслубика,female
Аслуханум,female
Аслы-ханум,female
Аслынхан,female
Аслыхан,female
Асма,female
Асмалика,female
Асман,female
Асмара,female
Асмарат,female
Асмарт,female
Асмат,female
Асният,female
Аспира,female
Асра,female
Астан,female
Астанда,female
Астархан,female
Астик,female
Астра,female
Астрид,female
Асу,female
Асылбийке,female
Ася,female
Асят,female
Ата,female
Атааба,female
Атаба,female
Атази,female
Атата,female
Атев,female
Атери,female
Атзай,female
Атиа,female
Атий,female
Атикат,female
Аттика,female
Ату,female
Ауархан,female
Аугианаш,female
Ауикка,female
Аулиян,female
Аулият,female
Аурика,female
Афанасия,female
Афасса,female
Афелдыш,female
Афират,female
Афисат,female
Афият,female
Афросия,female
Афсина,female
Афужан,female
Ахбика,female
Ахкуажв,female
Ахраж,female
Ахража,female
Ахражи,female
Ахрижа,female
Ахсарат,female
Ахсина,female
Ахча,female
Ахып,female
Ацирухс,female
Ача,female
Ачура,female
Ачурай,female
Аша,female
Ашабаба,female
Ашав,female
Ашакатун,female
Ашакодо,female
Ашарат,female
Ашат,female
Ашахалум,female
Ашахат,female
Ашаэбель,female
Аший,female
Ашикат,female
Ашкуа,female
Ашна,female
Ашу,female
Ашувхан,female
Ашура,female
Ашурааба,female
Аэлита,female
Аэлла,female
Аят,female
Аятхалум,female
Аяханум,female
Баа,female
Баармесед,female
Бабаж,female
Бабаку,female
Бабала,female
Бабале,female
Бабалиа,female
Бабалина,female
Бабаци,female
Бабаша,female
Баби,female
Баби-ханум,female
Бабика,female
Бабила,female
Бабилина,female
Бабина,female
Бабкай,female
Бабли,female
Баблина,female
Бабу,female
Бабулиа,female
Бабух,female
Бабуца,female
Бабуша,female
Бабшка,female
Бабыз,female
Бабына,female
Бабыца,female
Бабыша,female
Бабыщ,female
Бава,female
Багахалум,female
Багаят,female
Багги,female
Багдагул,female
Багдагюл,female
Багдасер,female
Багдат,female
Багду,female
Багдулай,female
Багжат,female
Багзадай,female
Баги,female
Багидат,female
Багират,female
Багистан,female
Багисултан,female
Багичу,female
Багужилай,female
Багул,female
Багун,female
Багчат,female
Бадай,female
Бадам,female
Бадан,female
Бадах,female
Баде,female
Баделина,female
Баджгуала,female
Бадзархан,female
Бадзи,female
Бади,female
Бадида,female
Бадима,female
Бадимат,female
Бадина,female
Бадинат,female
Бадиол-Джамал,female
Бадира,female
Бадирниса,female
Бадиулжамал,female
Бадихат,female
Бадия,female
Бадри,female
Бадрижат,female
Бадружамал,female
Бадружикар,female
Бадружихан,female
Бажи,female
Бажив,female
Бажикиз,female
Бажисултан,female
Бажихалум,female
Бажихан,female
Базар,female
Базарбийке,female
Базархан,female
Баинат,female
Байбике,female
Байгаз,female
Байгинат,female
Байдымат,female
Байза,female
Байзан,female
Байзанат,female
Байзант,female
Байзари,female
Байзат,female
Байрам,female
Байрамбийке,female
Байрамкиз,female
Байрамкыз,female
Байрамхан,female
Байраш,female
Байсари,female
Байсарт,female
Байсат,female
Байсет,female
Байси,female
Бака,female
Бакай,female
Бакала,female
Бакалаказиба,female
Бакани,female
Бакар,female
Бакарбика,female
Бакату,female
Бакаху,female
Бакача,female
Бакаш,female
Бакиа,female
Бакис,female
Бакият,female
Бакуш,female
Бакуша,female
Бакыят,female
Бала,female
Балааба,female
Балакыз,female
Баланша,female
Балахалум,female
Балахалун,female
Балаханум,female
Балаханым,female
Балаша,female
Балбийке,female
Балбика,female
Бале,female
Бали,female
Балита,female
Балка,female
Балкан,female
Балкиз,female
Балкис,female
Балла,female
Балсекер,female
Балтату,female
Балтерек,female
Балшекар,female
Балшекер,female
Баляца,female
Бамискер,female
Бана,female
Банавар,female
Банавша,female
Банажи,female
Банакуслу,female
Баната,female
Банати,female
Банату,female
Бани,female
Банув,female
Бапу,female
Бараат,female
Барбала,female
Барбара,female
Барби,female
Барбика,female
Бардуша,female
Барет,female
Баржай,female
Бариба,female
Баригат,female
Барижат,female
Барин,female
Барина,female
Барисат,female
Бариян,female
Барият,female
Барияэбель,female
Баркалай,female
Баркатай,female
Баркулай,female
Барфынка,female
Басарбика,female
Басилхаз,female
Басира,female
Басират,female
Басият,female
Басрат,female
Басти,female
Бат,female
Бата,female
Батазай,female
Баташ,female
Баташа,female
Батель,female
Бати,female
Батиаба,female
Батий,female
Батимат,female
Батисай,female
Баток,female
Батош,female
Бату,female
Батук,female
Батул,female
Батулай,female
Батули,female
Батури,female
Батух,female
Батуч,female
Батуш,female
Баха,female
Бахадат,female
Бахади,female
Бахажи,female
Бахар,female
Бахарай,female
Бахдино,female
Бахжат,female
Бахинди,female
Бахтай,female
Бахтанги,female
Бахтика,female
Бахтикай,female
Бахтумага,female
Бахтун,female
Бахтунша,female
Баху,female
Бахумеседу,female
Бахчат,female
Бацу,female
Бачат,female
Башакар,female
Башарат,female
Башат,female
Башека,female
Башеха,female
Башил,female
Башпиа,female
Баянат,female
Баянт,female
Бгагуса,female
Бгат,female
Бгианаш,female
Беата,female
Беатрикс,female
Беатрис,female
Беатриса,female
Беатриче,female
Бебус,female
Беверли,female
Бевулай,female
Беги,female
Бегис,female
Бегистан,female
Бегихан,female
Бегичу,female
Бедах,female
Бедла,female
Бедуха,female
Бедшау,female
Бейсет,female
Бек,female
Бекбийке,female
Бекев,female
Бекинат,female
Бекке,female
Бекки,female
Бекс,female
Бел,female
Белехан,female
Белижа,female
Белита,female
Белкиз,female
Белкис,female
Белл,female
Белла,female
Белохан,female
Беляхан,female
Беневша,female
Бенедикта,female
Бердаус,female
Берица,female
Берлант,female
Берта,female
Берубика,female
Берцинай,female
Бес,female
Бесбачи,female
Бесен,female
Бесер,female
Бесирт,female
Бесме,female
Бесмехалум,female
Бесс,female
Бесси,female
Бесхалум,female
Бесханум,female
Бет,female
Бетси,female
Бетти,female
Бжац,female
Бжо,female
Бзиа,female
Бзиу,female
Би,female
Бианка,female
Биба,female
Биби-ханум,female
Бивай,female
Бигай,female
Бигда,female
Биги,female
Бигим,female
Бигимага,female
Бидаят,female
Бидди,female
Биди,female
Бидиржахан,female
Бидихан,female
Бидрат,female
Бизай,female
Бизайнат,female
Бийинат,female
Бийке,female
Бийкебай,female
Бика,female
Бикаба,female
Бикагиз,female
Биканат,female
Бикатув,female
Бике,female
Бикей,female
Бикехалум,female
Бикеханум,female
Била,female
Биличо,female
Билкис,female
Билкисай,female
Бимала,female
Биндза,female
Бирамхан,female
Бират,female
Биржан,female
Бирлант,female
Бисен,female
Бисер,female
Биси,female
Бисимгуащ,female
Бислер,female
Бита,female
Бица,female
Бици,female
Бицируш,female
Бицки,female
Бича,female
Биче,female
Блага,female
Бландина,female
Бланш,female
Блая,female
Блочка,female
Богдана,female
Богумила,female
Божена,female
Болды,female
Болеслава,female
Боли,female
Болиска,female
Боранбийке,female
Борати,female
Борахан,female
Борена,female
Борислава,female
Боркизга,female
Борок,female
Борокмариам,female
Борсый,female
Боряна,female
Боташ,female
Боччо,female
Бояна,female
Бренда,female
Бриджет,female
Бриджит,female
Бримхан,female
Бриттани,female
Бронислава,female
Буба,female
Бубочка,female
Бубу,female
Бугумага,female
Буда,female
Буду,female
Будул,female
Бука,female
Булбул,female
Булгур,female
Булжанат,female
Булисат,female
Булка,female
Булум,female
Бунхара,female
Бурди,female
Бурдилай,female
Бурлият,female
Бурчизг,female
Бусы,female
Бутлкур,female
Буттахадижа,female
Бутули,female
Буха,female
Буца,female
Бушлима,female
Быки,female
Бырлаш,female
Бырфын,female
Бырфынка,female
Быца,female
Бьянка,female
Бэб,female
Бэла,female
Бэлла,female
Бюльбюль,female
Бябу,female
Вава,female
Вагабат,female
Вагидат,female
Вазипат,female
Вазира,female
Вазифат,female
Ваидат,female
Вайдат,female
Вайолет,female
Валена,female
Валерина,female
Валерия,female
Валиа,female
Валида,female
Валикиз,female
Валимарин,female
Валина,female
Валия,female
Вальша,female
Валя,female
Ванда,female
Ванесса,female
Вара,female
Варвара,female
Вардз,female
Вардо,female
Вардушка,female
Вардшка,female
Варе,female
Варз,female
Варсонофия,female
Варцалай,female
Варя,female
Василида,female
Василина,female
Василия,female
Васкат,female
Васса,female
Васёна,female
Вату,female
Вахаш,female
Вахидат,female
Вацлава,female
Веленика,female
Велимира,female
Велислава,female
Велона,female
Венди,female
Венедикта,female
Вениа,female
Венка,female
Венцеслава,female
Веня,female
Вера,female
Веричка,female
Вероника,female
Верония,female
Веруза,female
Веруся,female
Верчка,female
Веселина,female
Весмира,female
Виалетта,female
Вивиан,female
Вивьен,female
Виграле,female
Виено,female
Вика,female
Викторина,female
Виктория,female
Вилена,female
Виленина,female
Вилора,female
Вильгельмина,female
Виола,female
Виолета,female
Виолетта,female
Виоллета,female
Вирсавия,female
Висахат,female
Вита,female
Виталика,female
Виталина,female
Виталия,female
Влада,female
Владилена,female
Владислава,female
Владлена,female
Власта,female
Врузя,female
Всеслава,female
Вялета,female
Габибат,female
Габидат,female
Габриэла,female
Габриэлла,female
Гавизат,female
Гавриила,female
Гавхар,female
Гавхарат,female
Гага,female
Гаган,female
Гагуа,female
Гагуна,female
Гада,female
Гадау,female
Гаджа,female
Гаджер,female
Гаджи,female
Гаджиадай,female
Гаджихалум,female
Гадизат,female
Гадият,female
Гадо,female
Гадти,female
Гажаба,female
Гажар,female
Гажарай,female
Гажерхалум,female
Гажерханум,female
Гажи,female
Гажимислим,female
Гажихалум,female
Газират,female
Газу,female
Гаир,female
Гайана,female
Гайбат,female
Гайга,female
Гайжа,female
Гайтуку,female
Гала,female
Галат,female
Галата,female
Галатея,female
Галея,female
Галиана,female
Галиба,female
Галиля,female
Галима,female
Галимат,female
Галина,female
Галинка,female
Галия,female
Галка,female
Галла,female
Галя,female
Гамаса,female
Гамеди,female
Гамзар,female
Гамида,female
Гамият,female
Ганзай,female
Ганипат,female
Ганифат,female
Гано,female
Гану,female
Ганя,female
Гапа,female
Гапи,female
Гаписат,female
Гасанпати,female
Гатерина,female
Гатимат,female
Гатина,female
Гауаша,female
Гаухар,female
Гафа,female
Гафе,female
Гафи,female
Гафизат,female
Гафисат,female
Гахан,female
Гачи,female
Гачу,female
Гашка,female
Гаща,female
Гащамида,female
Гащамила,female
Гащанаго,female
Гащанахо,female
Гащнах,female
Гащхан,female
Гащцук,female
Гаянэ,female
Гаят,female
Гварша,female
Гвахар,female
Гвен,female
Гвендолин,female
Гвинет,female
Геверстан,female
Гевхер,female
Геге,female
Гедеван,female
Гезиг,female
Гезират,female
Гейбат,female
Гела,female
Геласия,female
Гелин,female
Геля,female
Гендже,female
Генже,female
Гени,female
Гения,female
Геннадия,female
Генриет,female
Генриетта,female
Геня,female
Георгина,female
Гера,female
Герген,female
Герда,female
Герекмаз,female
Герка,female
Германа,female
Гермиона,female
Герта,female
Герти,female
Гертруда,female
Гесса,female
Гехвер,female
Гзуна,female
Гиагиа,female
Гиагианас,female
Гиагиаша,female
Гиаргуала,female
Гиги,female
Гигили,female
Гида,female
Гиданна,female
Гидаят,female
Гидзало,female
Гижадай,female
Гижан,female
Гиза,female
Гизга,female
Гиздун,female
Гизел,female
Гизель,female
Гизи,female
Гизилай,female
Гикка,female
Гилан,female
Гилебатун,female
Гилин,female
Гиличилай,female
Гима,female
Гимавудин,female
Гимиш,female
Гина,female
Гинда,female
Гинди,female
Гира,female
Гирай,female
Гираят,female
Гиргич,female
Гистам,female
Гистаман,female
Гита,female
Гитинай,female
Гихили,female
Гихим,female
Гиччикиз,female
Гишу,female
Глэдис,female
Гогло,female
Гого,female
Гогола,female
Гозага,female
Гойси,female
Гока,female
Гонголи,female
Горислава,female
Госа,female
Госагаз,female
Госада,female
Госама,female
Госанага,female
Госанайхо,female
Госка,female
Гоцо,female
Гочка,female
Гошамида,female
Гошархан,female
Гоши,female
Гошляп,female
Гошмоха,female
Гошнаг,female
Гошнеф,female
Гошпак,female
Гошрхан,female
Гошта,female
Гошхан,female
Гошхурай,female
Гощхан,female
Градислава,female
Грара,female
Грета,female
Гретта,female
Груша,female
Гуагуа,female
Гуаджа,female
Гуадзага,female
Гуаза,female
Гуазаза,female
Гуакана,female
Гуакиа,female
Гуамас,female
Гуапханаш,female
Гуаргуала,female
Гуарша,female
Гуасагуз,female
Гуасамида,female
Гуасанага,female
Гуасанагуа,female
Гуасахан,female
Гуасса,female
Гуаша,female
Гуашагаг,female
Гуашамача,female
Гуашана,female
Гуашанах,female
Гуашапаго,female
Гуашхана,female
Губа,female
Губата,female
Губати,female
Гувайригет,female
Гуварша,female
Гуваршат,female
Гуганна,female
Гугарша,female
Гугу,female
Гугуа,female
Гугуз,female
Гугуил,female
Гугул,female
Гугуца,female
Гугуша,female
Гугушка,female
Гуда,female
Гуданай,female
Гуджи,female
Гудза,female
Гудзи,female
Гудзин,female
Гуди,female
Гудихан,female
Гудына,female
Гудыса,female
Гужин,female
Гуза,female
Гузал,female
Гузалай,female
Гузалхан,female
Гуздун,female
Гузелага,female
Гузелхан,female
Гузель,female
Гузет,female
Гузунай,female
Гуил,female
Гуилиа,female
Гуке,female
Гуланага,female
Гуланбар,female
Гуланбиги,female
Гулангерек,female
Гуланди,female
Гулара,female
Гулвава,female
Гулез,female
Гулеймат,female
Гулерхан,female
Гулжанат,female
Гулжи,female
Гули,female
Гулиза,female
Гулизар,female
Гулизат,female
Гулико,female
Гулина,female
Гулинка,female
Гулиса,female
Гулисат,female
Гулиша,female
Гулишат,female
Гулли,female
Гулназ,female
Гулнара,female
Гуло,female
Гулхаят,female
Гулчи,female
Гулчичек,female
Гулшахан,female
Гулыша,female
Гулышка,female
Гуль,female
Гульбара,female
Гульджахан,female
Гульзара,female
Гульназ,female
Гульнар,female
Гульнара,female
Гульсара,female
Гульханум,female
Гульчемек,female
Гульяр,female
Гуля,female
Гуляра,female
Гумай,female
Гумайзат,female
Гумайран,female
Гумайстан,female
Гумаржат,female
Гумизат,female
Гуминиа,female
Гумси,female
Гуна,female
Гунас,female
Гунда,female
Гунда-пшдза,female
Гундыш,female
Гунзари,female
Гуни,female
Гунна,female
Гуннат,female
Гуосалака,female
Гупи,female
Гупханаш,female
Гур,female
Гурамча,female
Гуранда,female
Гурандыху,female
Гурандыхута,female
Гурануша,female
Гургинай,female
Гурдзи,female
Гурдлаша,female
Гуржанат,female
Гуржихан,female
Гурзи,female
Гури,female
Гурижат,female
Гуризат,female
Гурипензер,female
Гурипенкер,female
Гурихан,female
Гурия,female
Гурият,female
Гурмача,female
Гурсалан,female
Гурубича,female
Гурун,female
Густан,female
Гусунуй,female
Гуту,female
Гухар,female
Гухарша,female
Гушка,female
Гуырдзихан,female
Гынды,female
Гюзель,female
Гюл,female
Гюлай,female
Гюлайбат,female
Гюлар,female
Гюлаят,female
Гюлбагдат,female
Гюлбахар,female
Гюлбахча,female
Гюлбес,female
Гюлбике,female
Гюлбият,female
Гюлгайбат,female
Гюлдесде,female
Гюлджамина,female
Гюлебатун,female
Гюлеймат,female
Гюлерей,female
Гюлесбет,female
Гюлесер,female
Гюлжанат,female
Гюлжев,female
Гюлзагра,female
Гюлзада,female
Гюлзаман,female
Гюлзар,female
Гюлзарат,female
Гюлзухра,female
Гюлизар,female
Гюлим,female
Гюлимага,female
Гюлимат,female
Гюлисим,female
Гюлистан,female
Гюлишан,female
Гюлишат,female
Гюллер,female
Гюлли,female
Гюлмесей,female
Гюлмира,female
Гюлмират,female
Гюлнадият,female
Гюлназ,female
Гюлназият,female
Гюлнара,female
Гюлнарат,female
Гюлнашират,female
Гюлниса,female
Гюлнисе,female
Гюлпатимат,female
Гюлпери,female
Гюлпиче,female
Гюлрейхан,female
Гюлсар,female
Гюлсара,female
Гюлселем,female
Гюлтаман,female
Гюлузар,female
Гюлхан,female
Гюлханат,female
Гюлхар,female
Гюлхасибат,female
Гюлчечек,female
Гюлшарап,female
Гюль,female
Гюльага,female
Гюльбажи,female
Гюльбарият,female
Гюльбасар,female
Гюльбахар,female
Гюльбес,female
Гюльбет,female
Гюльбике,female
Гюльбиче,female
Гюльгезер,female
Гюльдесте,female
Гюльджамал,female
Гюльджан,female
Гюльджахан,female
Гюльджахра,female
Гюльджахри,female
Гюльджегра,female
Гюльдженнет,female
Гюльжаган,female
Гюльжамал,female
Гюльжанет,female
Гюльжахан,female
Гюльженнет,female
Гюльжинет,female
Гюльзада,female
Гюльзаман,female
Гюльзарият,female
Гюльзахра,female
Гюльзда,female
Гюлькиз,female
Гюльминат,female
Гюльмира,female
Гюльмиян,female
Гюльнабат,female
Гюльназ,female
Гюльнара,female
Гюльнигер,female
Гюльнисед,female
Гюльпери,female
Гюльпиче,female
Гюльселем,female
Гюльсенем,female
Гюльузар,female
Гюльхалум,female
Гюльхан,female
Гюльханум,female
Гюльчатай,female
Гюльчемен,female
Гюльчичек,female
Гюльчхра,female
Гюльша,female
Гюльшат,female
Гюлюм,female
Гюлюфе,female
Гюлюшан,female
Гюлязим,female
Гюляйбат,female
Гюнарив,female
Гюнибай,female
Гюрижахан,female
Гюризат,female
Гюрчек,female
Даадаи,female
Даветтей,female
Давлетхан,female
Даг,female
Дагират,female
Дагмара,female
Дагуча,female
Дадах,female
Дадач,female
Дади,female
Дадиа,female
Дадига,female
Дадин,female
Дадинка,female
Дадис,female
Дадиш,female
Дадка,female
Даду,female
Дадуки,female
Дадух,female
Дадыу,female
Даи,female
Даимат,female
Даиса,female
Даисиа,female
Дайан,female
Дайана,female
Дайбат,female
Дайган,female
Дайганат,female
Дайху,female
Дайхуа,female
Дакиа,female
Дали,female
Далида,female
Далила,female
Далу,female
Далухан,female
Дама,female
Дамани,female
Дамашна,female
Дамекей,female
Дамесхан,female
Дана,female
Данашка,female
Данизат,female
Данит,female
Даниэла,female
Даня,female
Дара,female
Даражат,female
Дарай,female
Дарджа,female
Дарет,female
Дари,female
Дариджан,female
Дарико,female
Дарикуа,female
Дарина,female
Даринка,female
Дарис,female
Дарихан,female
Даричка,female
Дария,female
Даро,female
Дархана,female
Даря,female
Дата,female
Дати,female
Дато,female
Дауашка,female
Даувс,female
Даудушхан,female
Дауказ,female
Даулаша,female
Даус,female
Даухан,female
Дафна,female
Даха,female
Дахагуаш,female
Даханагу,female
Дахаос,female
Дахауб,female
Дач,female
Дача,female
Дачка,female
Даччи,female
Даша,female
Дашанбика,female
Дашна,female
Дашо,female
Дашобака,female
Дашу,female
Дашубика,female
Дгишан,female
Дебархан,female
Дебахан,female
Дебора,female
Девлет,female
Деда,female
Дедига,female
Дедика,female
Декабрина,female
Дельмира,female
Демона,female
Дениз,female
Дербен,female
Дерестхан,female
Дес,female
Деса,female
Деспин,female
Деспина,female
Десте,female
Дестегюль,female
Дестехалум,female
Дестеханум,female
Дети,female
Деуашка,female
Деши,female
Дешихат,female
Джаваги,female
Джавагир,female
Джавахи,female
Джавахир,female
Джавгарат,female
Джавзанат,female
Джавзат,female
Джавизат,female
Джавпарат,female
Джавханат,female
Джавхарат,female
Джага,female
Джагират,female
Джагуа,female
Джагуагу,female
Джаджа,female
Джажа,female
Джаина,female
Джайран,female
Джалалдин,female
Джалдуз,female
Джалина,female
Джалубика,female
Джалык,female
Джалюв,female
Джамила,female
Джамилат,female
Джамиля,female
Джаминат,female
Джамият,female
Джан,female
Джана,female
Джанагиз,female
Джананыз,female
Джанару,female
Джанат,female
Джанати,female
Джанбика,female
Джанбике,female
Джанета,female
Джанисат,female
Джанна,female
Джаннат,female
Джаннатай,female
Джаннах,female
Джанпагу,female
Джансарай,female
Джансари,female
Джансур,female
Джансурат,female
Джану,female
Джанфиж,female
Джанхыз,female
Джанцук,female
Джаппат,female
Джарадат,female
Джарат,female
Джарият,female
Джарымхан,female
Джастуман,female
Джафарат,female
Джахан,female
Джахана,female
Джаханхалум,female
Джахар,female
Джахбат,female
Джахванат,female
Джахвар,female
Джахварат,female
Джгуат,female
Джгуаша,female
Джгугу,female
Джежей,female
Джейми,female
Джейн,female
Джейран,female
Джейранхалум,female
Джейранханум,female
Джема,female
Джемат,female
Джемилат,female
Дженет,female
Дженетхалум,female
Дженнет,female
Дженнетханум,female
Дженнифер,female
Джесс,female
Джесси,female
Джессика,female
Джета,female
Джетагаз,female
Джетесса,female
Джеферат,female
Дживерат,female
Джигерхалум,female
Джигою,female
Джигу,female
Джид,female
Джимшал,female
Джин,female
Джинджалаф,female
Джирейхалум,female
Джирият,female
Джихан,female
Джихуажв,female
Джмгугу,female
Джоанна,female
Джовхарат,female
Джозефин,female
Джози,female
Джорджина,female
Джорджия,female
Джуаз,female
Джувайрат,female
Джугайзат,female
Джугайрат,female
Джудж,female
Джуджа,female
Джуди,female
Джудит,female
Джука,female
Джулиана,female
Джулия,female
Джульетта,female
Джульята,female
Джума,female
Джумай,female
Джумайнат,female
Джуманеш,female
Джуна,female
Джура,female
Джухар,female
Дзаб,female
Дзаба,female
Дзабет,female
Дзабита,female
Дзабу,female
Дзабули,female
Дзабуля,female
Дзадзала,female
Дзадзуна,female
Дзаза,female
Дзазу,female
Дзазуна,female
Дзаимя,female
Дзака,female
Дзаку,female
Дзакуала,female
Дзалимат,female
Дзан,female
Дзанат,female
Дзанатхан,female
Дзанбат,female
Дзандзирак,female
Дзарахан,female
Дзариффа,female
Дзах,female
Дзахала,female
Дзахдзеу,female
Дзахи,female
Дзахират,female
Дзахсумелон,female
Дзачала,female
Дзачуна,female
Дзбина,female
Дзгабина,female
Дзгабниа,female
Дзги,female
Дзгулла,female
Дзебон,female
Дзега,female
Дзегдо,female
Дзегин,female
Дзегка,female
Дзерасса,female
Дзехан,female
Дзехын,female
Дзиба,female
Дзилла,female
Дзима,female
Дзинно,female
Дзиппо,female
Дзират,female
Дзитциу,female
Дзифира,female
Дзлота,female
Дзлоу,female
Дзмо,female
Дзовка,female
Дзониа,female
Дзоу,female
Дзугуни,female
Дзукули,female
Дзуле,female
Дзыдза,female
Дзыку,female
Дзыкут,female
Дзыллат,female
Дзыркуа,female
Дзыркуи,female
Дзыркун,female
Дзыса,female
Диана,female
Диба,female
Дибахан,female
Дибирмарин,female
Дивай,female
Диви,female
Дигиза,female
Дигна,female
Дигорхан,female
Дидан,female
Дидекиз,female
Дидехалум,female
Дидеханум,female
Дика,female
Дико,female
Дилан,female
Дилбар,female
Дилноза,female
Дильбар,female
Дильбер,female
Дильшат,female
Диляра,female
Димона,female
Дина,female
Динара,female
Динаханум,female
Динаша,female
Диниан,female
Динка,female
Динора,female
Динэра,female
Диодора,female
Дионина,female
Дирван,female
Диса,female
Дисахан,female
Диуана,female
Дифа,female
Дица,female
Дияна,female
Доброгнева,female
Добромила,female
Добромира,female
Доброслава,female
Догмара,female
Догу,female
Дода,female
Додав,female
Доде,female
Додинка,female
Додта,female
Додый,female
Дои,female
Долатхан,female
Долл,female
Долли,female
Долорес,female
Дома,female
Доманика,female
Доминика,female
Домна,female
Домхан,female
Дона,female
Донара,female
Дония,female
Дорис,female
Дорота,female
Дороти,female
Дорофея,female
Досир,female
Доска,female
Досыр,female
Доу,female
Дофка,female
Дрю,female
Дубура,female
Дувша,female
Дугру,female
Дугурхан,female
Дугус,female
Дуда,female
Дуду,female
Дудуна,female
Дудуч,female
Дука,female
Дуку,female
Дуне,female
Дунетхан,female
Дуниялзадай,female
Дуньяханым,female
Дуня,female
Дурданай,female
Дуриша,female
Дурия,female
Дурмишхан,female
Дурсун,female
Дуси,female
Дусиа,female
Дуся,female
Духират,female
Дучка,female
Душа,female
Душинка,female
Душна,female
Душта,female
Дыд,female
Дыспина,female
Дыхма,female
Дыч,female
Дыча,female
Дыша,female
Дюльбер,female
Еаади,female
Ева,female
Едита,female
Едлаханым,female
Еза,female
Езадарий,female
Езаханым,female
Езахат,female
Езде,female
Езета,female
Езетхан,female
Езидат,female
Езира,female
Езита,female
Езфа,female
Екатерина,female
Екка,female
Елана,female
Елбике,female
Елда,female
Еленя,female
Елита,female
Еллетхан,female
Елмусхан,female
Елсабет,female
Елыф,female
Елыфа,female
Ельмисхан,female
Ембийке,female
Емис,female
Емисхан,female
Енгрес,female
Енджа,female
Енджаханым,female
Ениса,female
Енсылув,female
Енуца,female
Ерна,female
Ерухан,female
Ерына,female
Еса,female
Есайта,female
Есама,female
Есана,female
Есанбика,female
Есения,female
Еси,female
Есилат,female
Есимат,female
Есира,female
Есита,female
Есихат,female
Ефена,female
Ефросиния,female
Еша,female
Жаа,female
Жаби,female
Жаваждат,female
Жавахиль,female
Жавгар,female
Жавгарият,female
Жавхарият,female
Жага,female
Жагбат,female
Жагират,female
Жаго,female
Жажа,female
Жажав,female
Жайнимат,female
Жаклин,female
Жалинца,female
Жалихан,female
Жами,female
Жамият,female
Жанарив,female
Жанбике,female
Жанет,female
Жанета,female
Жанетта,female
Жанзиля,female
Жани,female
Жанна,female
Жаннет,female
Жанос,female
Жанпаго,female
Жансият,female
Жансурат,female
Жануся,female
Жанхуж,female
Жаншир,female
Жасмин,female
Жасмина,female
Жата,female
Жважва,female
Жважвна,female
Жвыкиа,female
Жежей,female
Жейранхалум,female
Жейранханум,female
Жема,female
Женнетхан,female
Женька,female
Женя,female
Жериба,female
Жиагуа,female
Жиакуа,female
Жиарна,female
Живерза,female
Жозефин,female
Жозефина,female
Жубаржат,female
Жувайрат,female
Жужана,female
Жужу,female
Жужула,female
Жужуна,female
Жуйду,female
Жуйдух,female
Жуля,female
Жумайсат,female
Жумакиз,female
Жуна,female
Журат,female
Журя,female
Заадат,female
Заанда,female
Заба,female
Забайнат,female
Забанта,female
Забар,female
Забарай,female
Забарджат,female
Забаржа,female
Забари,female
Забиат,female
Забида,female
Забидат,female
Забират,female
Забитей,female
Забитхан,female
Забия,female
Забият,female
Забра,female
Забрат,female
Забура,female
Забюв,female
Завалина,female
Завбика,female
Завджанат,female
Завджат,female
Завжан,female
Завпарат,female
Завра,female
Заврани,female
Заврат,female
Заврет,female
Зага,female
Загалон,female
Загеба,female
Загидат,female
Загират,female
Загра,female
Заграбаджат,female
Заграбика,female
Заграбула,female
Заградай,female
Заграджат,female
Загралла,female
Заграт,female
Загратбика,female
Загратгаджи,female
Загратгаджияй,female
Заграти,female
Заграула,female
Заграулла,female
Загру,female
Загуаш,female
Загужат,female
Зада,female
Задабика,female
Задай,female
Задала,female
Заза,female
Зазаба,female
Зазабика,female
Зазабике,female
Зазав,female
Зазай,female
Зазак,female
Зази,female
Зазу,female
Зазубика,female
Зазюк,female
Заида,female
Заидат,female
Заиджат,female
Заина,female
Заинат,female
Заира,female
Заират,female
Зайбат,female
Зайдат,female
Зайкат,female
Займа,female
Займан,female
Займани,female
Займу,female
Зайна,female
Зайнаб,female
Зайнаба,female
Зайнаби,female
Зайнап,female
Зайнапи,female
Зайра,female
Зайрат,female
Зайтун,female
Зайтунат,female
Закарика,female
Закиа,female
Закират,female
Закият,female
Закуа,female
Залбика,female
Залбикей,female
Залда,female
Залдуз,female
Залдузхан,female
Зали,female
Залика,female
Залико,female
Залима,female
Залимат,female
Залимин,female
Залина,female
Залинка,female
Залиха,female
Залихан,female
Залихат,female
Залму,female
Залмукодо,female
Залмунат,female
Зална,female
Заловбан,female
Залпа,female
Залпату,female
Залу,female
Залхай,female
Залымхан,female
Зама,female
Замана,female
Замза,female
Замзамат,female
Замиля,female
Замина,female
Замир,female
Замира,female
Замират,female
Замирка,female
Замият,female
Зана,female
Занати,female
Занатхан,female
Занет,female
Занка,female
Занни,female
Занти,female
Зану,female
Зара,female
Зарбаилай,female
Зарбат,female
Зарбаф,female
Зарга,female
Зарган,female
Зарги,female
Зардирухс,female
Зарема,female
Зарета,female
Заржанат,female
Зарзанат,female
Зари,female
Зарибика,female
Зарижат,female
Зариля,female
Заримхан,female
Зарина,female
Заринка,female
Зарипат,female
Зарифат,female
Зариффа,female
Зарият,female
Зарияхалум,female
Зарка,female
Заружат,female
Зархалум,female
Заря,female
Зарят,female
Зату,female
Заура,female
Зафида,female
Захид,female
Захида,female
Захидат,female
Захира,female
Захират,female
Захра,female
Захрат,female
Захрет,female
Заху,female
Збедат,female
Збеихан,female
Звенисе,female
Зеба,female
Зебила,female
Зебия,female
Зебов,female
Зегеба,female
Зеза,female
Зезаг,female
Зезибика,female
Зезиг,female
Зеинаб,female
Зеинат,female
Зейнаб,female
Зейнап,female
Зейпа,female
Зекий,female
Зекият,female
Зел,female
Зели,female
Зелимат,female
Зелина,female
Зелиха,female
Зелха,female
Зелымхан,female
Зельма,female
Зема,female
Земилен,female
Земинар,female
Земфира,female
Зена,female
Зениа,female
Зену,female
Зепюр,female
Зера,female
Зерафина,female
Зери,female
Зерибат,female
Зеринат,female
Зерифа,female
Зернат,female
Зеса,female
Зета,female
Зехеба,female
Зехидат,female
Зибейда,female
Зибейдат,female
Зида,female
Зиджгуа,female
Зидра,female
Зиза,female
Зизи,female
Зикир,female
Зилейха,female
Зилфи,female
Зилфижат,female
Зилфиназ,female
Зилфинат,female
Зилфихалум,female
Зильфинат,female
Зильфира,female
Зималета,female
Зимфира,female
Зина,female
Зинаб,female
Зинад,female
Зинат,female
Зиничка,female
Зиният,female
Зино,female
Зиновия,female
Зиночка,female
Зинфира,female
Зинят,female
Зира,female
Зираба,female
Зират,female
Зираят,female
Зирифа,female
Зита,female
Зифира,female
Зиябат,female
Зиягат,female
Зиядат,female
Зиярат,female
Зияфат,female
Злата,female
Зогу,female
Зозу,female
Зои,female
Золдусхан,female
Золотина,female
Золотхан,female
Зоня,female
Зора,female
Зорган,female
Зофья,female
Зоя,female
Зрита,female
Зубай,female
Зубайда,female
Зубайдат,female
Зубайджат,female
Зубарджат,female
Зубаржат,female
Зубария,female
Зубарият,female
Зубеда,female
Зубедат,female
Зубейда,female
Зубейдат,female
Зубейлат,female
Зубейри,female
Зубейрижат,female
Зубират,female
Зугун,female
Зуза,female
Зузу,female
Зула,female
Зулай,female
Зулайка,female
Зулайнат,female
Зулайпат,female
Зулайха,female
Зулайхат,female
Зуламат,female
Зулбика,female
Зулейха,female
Зулейхат,female
Зулехан,female
Зулзулат,female
Зули,female
Зулижан,female
Зулима,female
Зулипат,female
Зулиха,female
Зулихан,female
Зулкайдат,female
Зулкият,female
Зулпа,female
Зулпат,female
Зулпату,female
Зулухан,female
Зулфат,female
Зулфия,female
Зулхиджат,female
Зулхижат,female
Зулхимар,female
Зулху,female
Зульмира,female
Зульпар,female
Зульпат,female
Зульхижат,female
Зуля,female
Зума,female
Зумай,female
Зумайрат,female
Зумаржат,female
Зумарт,female
Зумзул,female
Зумзум,female
Зуммарият,female
Зумрат,female
Зумрижат,female
Зумрият,female
Зумриятхалум,female
Зумруд,female
Зумрут,female
Зумурат,female
Зумурут,female
Зунзул,female
Зура,female
Зуран,female
Зурани,female
Зурат,female
Зурахан,female
Зурга,female
Зурет,female
Зурета,female
Зурзилат,female
Зурзулат,female
Зури,female
Зурижат,female
Зуринеш,female
Зурият,female
Зурка,female
Зурма,female
Зурмахан,female
Зурмилат,female
Зурмут,female
Зурхан,female
Зуура,female
Зуханат,female
Зухара,female
Зухбат,female
Зухи,female
Зухра,female
Зухран,female
Зухрани,female
Зухрат,female
Зухрехалум,female
Зуху,female
Зыза,female
Зыку-Зылха,female
Зылха,female
Зылыйка,female
Зыфида,female
Иайнат,female
Ибадалах,female
Ибадат,female
Ибризат,female
Ибрисат,female
Ива,female
Иванка,female
Иванна,female
Ивета,female
Иветта,female
Ивлин,female
Ивонн,female
Ивонна,female
Игистан,female
Ида,female
Идаят,female
Ижажа,female
Ижан,female
Ижев,female
Иза,female
Изабел,female
Изабелла,female
Изабель,female
Изага,female
Изагет,female
Изаги,female
Изагу,female
Изагул,female
Изагура,female
Изадги,female
Изажа,female
Изамат,female
Изана,female
Изант,female
Изафат,female
Изахат,female
Изгад,female
Изгобати,female
Издаг,female
Издага,female
Издагай,female
Издаги,female
Издагюл,female
Издахат,female
Издек,female
Изета,female
Изефат,female
Изида,female
Измина,female
Изнифат,female
Изольда,female
Изоят,female
Изра,female
Изумруд,female
Ийман,female
Иймани,female
Ийсим,female
Ийсимхан,female
Ийсиндик,female
Ийсув,female
Икрайман,female
Илана,female
Илапариза,female
Илико,female
Илита,female
Илитай,female
Илона,female
Илфа,female
Ильбизат,female
Ильвира,female
Ильмият,female
Ильмугат,female
Ильмуханым,female
Ильмухаят,female
Ильмуят,female
Ильсияр,female
Има,female
Имамат,female
Иман,female
Иманат,female
Имани,female
Имара,female
Имарат,female
Имаржан,female
Имахат,female
Ими,female
Иминат,female
Имираслан,female
Империят,female
Имсынай,female
Инадо,female
Инала,female
Инара,female
Инасат,female
Инаят,female
Инга,female
Инда,female
Инджа,female
Индиана,female
Индика,female
Индира,female
Индирина,female
Индият,female
Инесса,female
Инжи,female
Инжибек,female
Инжикиз,female
Инжили,female
Инжихалум,female
Инжихан,female
Инна,female
Иннаанта,female
Иннакунту,female
Инни,female
Инночка,female
Инсабат,female
Инсанат,female
Инсаният,female
Интизар,female
Инчехалум,female
Иоанна,female
Иоланта,female
Иохаведа,female
Ира,female
Ирабу,female
Ирада,female
Ирадибат,female
Ираида,female
Ирайбат,female
Ирайганат,female
Ирайсанат,female
Ирайсат,female
Ирайханат,female
Ирайхант,female
Ирана,female
Ирахмат,female
Ираят,female
Ирен,female
Ирена,female
Ирив,female
Ирка,female
Ирма,female
Ироза,female
Ирэн,female
Исайпат,female
Исамбика,female
Исамирай,female
Исанбика,female
Исанетта,female
Исанка,female
Исану,female
Исар,female
Исбаги,female
Исбат,female
Исбижат,female
Иси,female
Исида,female
Исидат,female
Исидора,female
Исиргиз,female
Исли,female
Исманат,female
Исмер,female
Испаният,female
Испахи,female
Испет,female
Исрат,female
Истак,female
Истара,female
Истемаз,female
Итабат,female
Итаркой,female
Итней,female
Ифразат,female
Ифресат,female
Ифриз,female
Ифризат,female
Ифрис,female
Ифрисхалум,female
Ифрозат,female
Ихлипат,female
Ихсанат,female
Ица,female
Ишарилат,female
Ишиба,female
Ишира,female
Иштара,female
Иябат,female
Йибек,female
Йисита,female
Йита,female
Йиша,female
Йиши,female
Йоханна,female
Йохарай,female
Кабав,female
Кабахан,female
Кабаш,female
Кабза,female
Каби,female
Кабират,female
Кабиха,female
Кабихан,female
Кавкаба,female
Кавса,female
Кавсарат,female
Кавсари,female
Кадиа,female
Кадиса,female
Кадифа,female
Кадихан,female
Каду,female
Кадын,female
Кадырбийке,female
Кадырхан,female
Кажа,female
Кажар,female
Казала,female
Казархан,female
Казбан,female
Казета,female
Кази,female
Казиба,female
Казибат,female
Казилат,female
Казима,female
Казимира,female
Казират,female
Казман,female
Казырхан,female
Каибханум,female
Каимытхан,female
Каимыххан,female
Каинат,female
Кайбаши,female
Кайпа,female
Кайсари,female
Кака,female
Какадж,female
Какала,female
Какач,female
Какаш,female
Какаша,female
Каламшат,female
Калимат,female
Калина,female
Калипаханум,female
Калиса,female
Калла,female
Каллиста,female
Калумшат,female
Камател,female
Камаца,female
Камачыч,female
Камбийке,female
Камета,female
Ками,female
Камид,female
Камидан,female
Камила,female
Камилат,female
Камилла,female
Каминат,female
Камиса,female
Камисат,female
Камсари,female
Камсир,female
Камуша,female
Камфыф,female
Камчача,female
Камы,female
Кана,female
Канай,female
Канайпатима,female
Канах,female
Кандаза,female
Канив,female
Канида,female
Каний,female
Канина,female
Канипет,female
Канитат,female
Канича,female
Кантат,female
Канто,female
Канфо,female
Канхуа,female
Канхэа,female
Каншок,female
Каным,female
Каня,female
Капи,female
Капив,female
Капитолина,female
Капият,female
Капха,female
Кара,female
Карагёз,female
Каражан,female
Каралхан,female
Каральжан,female
Каральхан,female
Карапаго,female
Карачач,female
Карашаш,female
Каращищ,female
Кардаг,female
Кардалай,female
Карибат,female
Каримат,female
Карина,female
Карихац,female
Карла,female
Карлы,female
Карлыгаш,female
Кармантия,female
Кармашия,female
Каролина,female
Кароль,female
Карпият,female
Картинка,female
Каруа,female
Карузат,female
Карупатима,female
Карымсада,female
Карымсакан,female
Карымхан,female
Касарт,female
Каси,female
Касират,female
Касуми,female
Ката,female
Катажина,female
Катай,female
Каталина,female
Катамай,female
Катарина,female
Кати,female
Катим,female
Катира,female
Катка,female
Като,female
Катрин,female
Катрина,female
Катун,female
Катурай,female
Катуша,female
Катюха,female
Катюша,female
Катя,female
Каунда,female
Кафа,female
Кафета,female
Кафиф,female
Кафият,female
Кахаила,female
Кахай,female
Кахи,female
Кахилай,female
Кац,female
Каца,female
Кацима,female
Кацу,female
Кацура,female
Кач,female
Качай,female
Качбей,female
Качу,female
Качул,female
Качуч,female
Качыч,female
Каша,female
Кая,female
Каяхалум,female
Квайш,female
Кваквура,female
Квантли,female
Кебай,female
Кебахан,female
Кебедилай,female
Кеби,female
Кебират,female
Кебиса,female
Кебисат,female
Кевсар,female
Кевсер,female
Кевсият,female
Кезабат,female
Кезибат,female
Кезиван,female
Кейпа,female
Кейси,female
Кейт,female
Кеке,female
Кекун,female
Келдихан,female
Келемназ,female
Келимат,female
Келина,female
Келли,female
Кемер,female
Кемета,female
Кемиса,female
Кемса,female
Кемсет,female
Кемси,female
Кендалл,female
Кенжехан,female
Кенси,female
Кериме,female
Кесария,female
Кесийрат,female
Кесира,female
Кесират,female
Кета,female
Кето,female
Кетуана,female
Кзуна,female
Кзым,female
Киаба,female
Киабахан,female
Киакиала,female
Киаса,female
Киата,female
Киатаван,female
Киатуан,female
Киатына,female
Киаф,female
Кибатина,female
Киби,female
Киз,female
Киза,female
Кизаба,female
Кизга,female
Кизил,female
Кизилай,female
Кизилгюл,female
Кизилгюль,female
Кизмида,female
Килина,female
Килсани,female
Ким,female
Кима,female
Кина,female
Кинайнат,female
Кинанат,female
Кинга,female
Кинта,female
Кинша,female
Кипаят,female
Кира,female
Кириана,female
Кирилла,female
Киримхан,female
Киса,female
Кисай,female
Кисарай,female
Кисаран,female
Кисран,female
Киста,female
Кистаман,female
Кистамат,female
Кистан,female
Кита,female
Китабат,female
Китилай,female
Китти,female
Кихили,female
Кишдам,female
Киштай,female
Киштама,female
Киштун,female
Клава,female
Клавдия,female
Клара,female
Клариса,female
Клементина,female
Клеопатра,female
Клод,female
Клэр,female
Ковзар,female
Ковзархан,female
Ковса,female
Ковсар,female
Коз,female
Койча,female
Кока,female
Кокасулай,female
Кокаш,female
Кокаяй,female
Кокей,female
Коккёз,female
Коку,female
Кокула,female
Кокуна,female
Кокуца,female
Колес,female
Колетт,female
Колфин,female
Комета,female
Конни,female
Констанс,female
Константия,female
Констанция,female
Корнелия,female
Кортни,female
Косе,female
Косер,female
Косерхан,female
Косте,female
Кошбийке,female
Кошерхан,female
Коши,female
Крамфел,female
Крис,female
Крисна,female
Кристиана,female
Кристин,female
Кристина,female
Кристя,female
Крица,female
Крищ,female
Крымхан,female
Ксанфиппа,female
Ксеня,female
Ктиж,female
Ктина,female
Ктихан,female
Куадаца,female
Куак,female
Куаку,female
Куакуа,female
Куакуала,female
Куакуаса,female
Куакуаша,female
Куаландар,female
Куантала,female
Куанца,female
Куанциа,female
Куара,female
Куаранца,female
Куараса,female
Куаркуала,female
Куата,female
Куац,female
Куаца,female
Кубз,female
Кубча,female
Кугага,female
Кудамзач,female
Кудапш,female
Кудас,female
Кудзин,female
Куеиза,female
Кужа,female
Кужу,female
Кузу,female
Куикуа,female
Кука,female
Кукани,female
Кукарай,female
Кукаяб,female
Кукла,female
Кукля,female
Кукул,female
Кукула,female
Кукуна,female
Кукури,female
Кукуца,female
Кукуша,female
Кула,female
Куландырпшдза,female
Кулац,female
Кули,female
Кулижан,female
Кулиза,female
Кулизар,female
Кулина,female
Кулсим,female
Кулсин,female
Кулсум,female
Кульадам,female
Кульзда,female
Куля,female
Кумира,female
Кумис,female
Кумисхан,female
Кумият,female
Кумпай,female
Кумпрышв,female
Кумсият,female
Кумусхан,female
Кумушат,female
Кумшв,female
Куна,female
Кунай,female
Кунаца,female
Кунбава,female
Кунбийке,female
Кундеару,female
Кундур,female
Куни,female
Кунмышв,female
Кунсылу,female
Кунчакилай,female
Купава,female
Купайганат,female
Купият,female
Купца,female
Кура,female
Курабатина,female
Курабика,female
Кураж,female
Куражан,female
Кураиш,female
Курак,female
Кураль,female
Кураница,female
Куранца,female
Курасхан,female
Курац,female
Курбанай,female
Курбанди,female
Курбанпатимат,female
Курбика,female
Курейш,female
Курен,female
Куреш,female
Куржан,female
Курзи,female
Курина,female
Курмагиз,female
Курманбийке,female
Курманкиз,female
Курнос,female
Курпату,female
Курсан,female
Курсебийке,female
Курсет,female
Курсилат,female
Курсимат,female
Курсият,female
Курсум,female
Куршула,female
Курымха,female
Курымхан,female
Кусайбат,female
Кусум,female
Кусумай,female
Кута,female
Кутан,female
Кутас,female
Кутат,female
Кути,female
Куфча,female
Куц,female
Куца,female
Куча,female
Кучыч,female
Кучыш,female
Кушлихан,female
Куштын,female
Кцыц,female
Кшаш,female
Кшиш,female
Кыбчиш,female
Кыз,female
Кыз-ийбек,female
Кызайбат,female
Кызалтун,female
Кызбес,female
Кызбике,female
Кызейбат,female
Кызлар,female
Кызлархан,female
Кызтамам,female
Кызтаман,female
Кызтамум,female
Кызтер,female
Кызхалум,female
Кызханум,female
Кызый,female
Кызыл-гуль,female
Кык,female
Кыка,female
Кылышхан,female
Кына,female
Кыпса,female
Кырымхан,female
Кыф,female
Кыча,female
Кьяра,female
Кэмерон,female
Кэрол,female
Кэролайн,female
Кэт,female
Кэти,female
Кэтрин,female
Кябахан,female
Кязиба,female
Кязибан,female
Кяса,female
Кясей,female
Лавганият,female
Лагпат,female
Лада,female
Ладинка,female
Лажимка,female
Лазинка,female
Лаина,female
Лаиса,female
Лаисат,female
Лайза,female
Лайла,female
Лайлак,female
Лайсат,female
Лакуакуа,female
Лакука,female
Лакшвышв,female
Лала,female
Лали,female
Лалита,female
Лама,female
Ламара,female
Ламзе,female
Ламзира,female
Ламсет,female
Ламунат,female
Ламша,female
Лана,female
Ланда,female
Лапи,female
Лара,female
Ларизат,female
Ларисат,female
Ларисса,female
Латифа,female
Латифат,female
Лауза,female
Лаура,female
Лаухан,female
Лац,female
Лача,female
Лаюзат,female
Лаюса,female
Лебахан,female
Леда,female
Леди,female
Леза,female
Лези,female
Леиза,female
Лейла,female
Лейли,female
Лекапати,female
Лела,female
Лели,female
Лелия,female
Лена,female
Ленда,female
Ленина,female
Ленинка,female
Ленка,female
Леокадия,female
Леонида,female
Леонина,female
Леония,female
Леонора,female
Лепахан,female
Лепий,female
Лера,female
Лерочка,female
Лерыч,female
Леска,female
Лесли,female
Лиана,female
Либихан,female
Лида,female
Лидша,female
Лиз,female
Лиза,female
Лиззи,female
Лика,female
Лил,female
Лили,female
Лилиан,female
Лилиана,female
Лилия,female
Лиля,female
Лима,female
Лимана,female
Лимани,female
Лимо,female
Лимон,female
Лимонат,female
Лина,female
Линара,female
Линда,female
Линнея,female
Липа,female
Лира,female
Лисарат,female
Лиуса,female
Лифаф,female
Личка,female
Лия,female
Лиян,female
Лияна,female
Ловзан,female
Лозан,female
Лола,female
Лолита,female
Лолия,female
Лолли,female
Лора,female
Лоранс,female
Лотти,female
Луара,female
Луба,female
Лубазан,female
Лубина,female
Луди,female
Лудия,female
Луива,female
Луиза,female
Луизат,female
Луиса,female
Лукерья,female
Лукинка,female
Лула,female
Лули,female
Лулу,female
Лумиса,female
Лумисат,female
Луна,female
Лусенат,female
Луси,female
Лутфиа,female
Лухан,female
Лыкыч,female
Лынза,female
Люба,female
Любава,female
Любан,female
Любка,female
Любовь,female
Любомила,female
Любомира,female
Люда,female
Людмила,female
Люсана,female
Люси,female
Люсьен,female
Люся,female
Лютфия,female
Люха,female
Люц,female
Люца,female
Люция,female
Ляйсан,female
Лялин,female
Лялина,female
Лялица,female
Лялюх,female
Ляля,female
Ляна,female
Ляуца,female
Лёля,female
Мааба,female
Маазат,female
Маахыр,female
Мавлият,female
Маврием,female
Магбуля,female
Магдалена,female
Магдалина,female
Маги,female
Магидат,female
Магизар,female
Магинур,female
Магихалум,female
Магият,female
Маглония,female
Магноля,female
Магуа,female
Мада,female
Маданат,female
Маданият,female
Маделейн,female
Мадж,female
Маджур,female
Мадзечка,female
Мади,female
Мадикуа,female
Мадимнат,female
Мадина,female
Мадинат,female
Мадиска,female
Мадифа,female
Мадихат,female
Мадлен,female
Мадожна,female
Мадонна,female
Мадужна,female
Мажа,female
Мажибат,female
Мажизат,female
Мажминат,female
Мажулиа,female
Мажуриа,female
Мазлифат,female
Мазмаша,female
Мазона,female
Маиана,female
Маида,female
Маидат,female
Маизат,female
Маииа,female
Маилат,female
Маина,female
Маира,female
Маиса,female
Маисат,female
Маичка,female
Майа,female
Майаба,female
Майда,female
Майдант,female
Майдат,female
Майжа,female
Майзар,female
Майзат,female
Майина,female
Майинат,female
Майиса,female
Майисат,female
Майка,female
Майлав,female
Майминат,female
Маймона,female
Маймонат,female
Майму,female
Маймун,female
Маймунат,female
Маймунт,female
Майор,female
Майрам,female
Майран,female
Майранхаджияй,female
Майраса,female
Майрухс,female
Майса,female
Майсар,female
Майсарат,female
Майсарт,female
Майсат,female
Майсыхан,female
Майтаб,female
Майху,female
Майхуа,female
Майя,female
Мака,female
Макадманаку,female
Макажа,female
Макани,female
Макира,female
Макирхан,female
Макка,female
Макказ,female
Маккашарипилай,female
Макна,female
Макрина,female
Максима,female
Мактина,female
Макуан,female
Макыд,female
Малаикат,female
Малайка,female
Малайкат,female
Малала,female
Малани,female
Малания,female
Малафья,female
Малахан,female
Малаша,female
Малгожата,female
Малед,female
Малейка,female
Малейла,female
Малениа,female
Малигаш,female
Малида,female
Малика,female
Маликат,female
Малина,female
Малихат,female
Малият,female
Малкан,female
Малкату,female
Малкет,female
Маллижа,female
Маллыбийке,female
Малу,female
Малуда,female
Малума,female
Малуца,female
Малха,female
Малхаазни,female
Малхазни,female
Малыха,female
Мальвина,female
Мамай,female
Мамина,female
Мамира,female
Мамирхан,female
Мамич,female
Мамиша,female
Мамлакат,female
Маммалай,female
Маммамарин,female
Маммахадижат,female
Мамулия,female
Мамчка,female
Мамыза,female
Мамырхан,female
Мамыча,female
Манада,female
Манажи,female
Манай,female
Манаку,female
Манана,female
Манарша,female
Манаху,female
Манаш,female
Манаша,female
Манджуриа,female
Мани,female
Манидза,female
Манижа,female
Маника,female
Маница,female
Манна,female
Маннаба,female
Манпусат,female
Мансурат,female
Мантаг,female
Мантал,female
Ману,female
Манутя,female
Мануш,female
Манфиса,female
Маншкуала,female
Манькин,female
Маня,female
Мапери,female
Мараго,female
Маражат,female
Марака,female
Марал,female
Маралханум,female
Марамаша,female
Мараса,female
Марвар,female
Маргал,female
Маргалай,female
Маргалита,female
Маргарет,female
Марго,female
Мардж,female
Марджан,female
Марджанат,female
Марджанет,female
Марджери,female
Марджи,female
Марджори,female
Марем,female
Марема,female
Марет,female
Марета,female
Маржа,female
Маржан,female
Маржанат,female
Маржанет,female
Маржат,female
Маржаханум,female
Марзет,female
Марзи,female
Марзив,female
Марзигат,female
Марзие,female
Марзижат,female
Марзия,female
Марзият,female
Мари,female
Мариа-ханым,female
Мариам,female
Мариан,female
Мариана,female
Марианна,female
Мариаша,female
Мариган,female
Маридат,female
Мариетта,female
Марижат,female
Марика,female
Марикуа,female
Марим,female
Марима,female
Марина,female
Маринат,female
Маринка,female
Марипат,female
Марисат,female
Марита,female
Маритана,female
Марихан,female
Марица,female
Мариша,female
Мариэтта,female
Мариям,female
Мариян,female
Мариянасият,female
Мариянгаджияй,female
Марият,female
Марка,female
Маркизат,female
Марксина,female
Марлен,female
Марлена,female
Маро,female
Марсах,female
Марсият,female
Марта,female
Маруся,female
Маруша,female
Марфа,female
Марфониа,female
Марфуля,female
Мархаба,female
Мархуаша,female
Мархумат,female
Марцах,female
Марыжна,female
Марыля,female
Марьеш,female
Марьям,female
Марьян,female
Марьяна,female
Марян,female
Марят,female
Маса,female
Масинка,female
Масират,female
Маска,female
Мата,female
Маталай,female
Матата,female
Маташ,female
Маташа,female
Матиа,female
Матильда,female
Матихат,female
Матрона,female
Матруша,female
Матрушка,female
Матрёна,female
Матуса,female
Матуся,female
Матыгеж,female
Матыша,female
Мафи,female
Мафизат,female
Мафинат,female
Мафират,female
Мафисат,female
Мафият,female
Маха,female
Махайлейша,female
Махалай,female
Махамдилай,female
Махател,female
Махи,female
Махиджамал,female
Махижамал,female
Махим,female
Махинур,female
Махират,female
Махият,female
Махликаят,female
Махру,female
Махружат,female
Махтумага,female
Махфуза,female
Мац,female
Маца,female
Мациса,female
Мацкуа,female
Мач,female
Мача,female
Мачилай,female
Мачыч,female
Маша,female
Машана,female
Машатна,female
Машенька,female
Машика,female
Машикуа,female
Машиша,female
Машка,female
Машкуакуз,female
Машкуала,female
Машо,female
Машука,female
Мая,female
Маяхалум,female
Маяхалун,female
Мег,female
Меган,female
Мегги,female
Мегелди,female
Меда,female
Медея,female
Медина,female
Медине,female
Медна,female
Мезай,female
Мей,female
Мейбл,female
Мейми,female
Мейрам,female
Мейран,female
Мекерхан,female
Мекке,female
Меландар,female
Мелания,female
Меланья,female
Мелейсат,female
Мелек,female
Мелекзада,female
Мелексуна,female
Мелеч,female
Мелечхан,female
Мелик,female
Мелина,female
Мелинда,female
Мелоди,female
Мелха,female
Меме,female
Менлихан,female
Менсылув,female
Мергем,female
Мередит,female
Мерем,female
Мереса,female
Мерет,female
Меретхан,female
Мержан,female
Мержана,female
Мержанат,female
Мержанхалум,female
Мержем,female
Мержен,female
Мерженат,female
Мерзия,female
Мерзият,female
Мери,female
Мериа,female
Меристан,female
Мерихан,female
Мерсият,female
Месед,female
Меседи,female
Меседу,female
Месей,female
Меску,female
Месме,female
Месмехалум,female
Мессе,female
Метуар,female
Мехри,female
Мехрибан,female
Мехриджан,female
Мзиана,female
Мзия,female
Мзы,female
Мзыша,female
Мзышха,female
Мида,female
Мизан,female
Мике,female
Мики,female
Мила,female
Милана,female
Миландара,female
Миландыр,female
Милатхан,female
Милдред,female
Милей,female
Милейсат,female
Милена,female
Милинца,female
Милли,female
Милослава,female
Милуан,female
Милуся,female
Мильвара,female
Мильза,female
Мильянат,female
Милюся,female
Миля,female
Мимонат,female
Мина,female
Минавер,female
Минадора,female
Минажат,female
Миназ,female
Минака,female
Минара,female
Минаржат,female
Минас,female
Минасат,female
Минасер,female
Минат,female
Минахалум,female
Минахалун,female
Минаханум,female
Миная,female
Минаят,female
Минга,female
Мингарив,female
Минипат,female
Миничка,female
Минна,female
Минная,female
Минни,female
Минодора,female
Минора,female
Минта,female
Минура,female
Минуца,female
Мира,female
Мирабел,female
Мирабель,female
Миранда,female
Мирвара,female
Мирзаят,female
Мирослава,female
Мирра,female
Мисай,female
Мисат,female
Мисей,female
Миси,female
Мисиду,female
Мисира,female
Мисирхан,female
Мисках,female
Мислимат,female
Мисорат,female
Мисра,female
Мисриханум,female
Мита,female
Михаила,female
Михайлена,female
Михайлина,female
Михалена,female
Михалина,female
Михо,female
Мича,female
Мишель,female
Миширхан,female
Миясат,female
Мкыд,female
Млада,female
Мовлатхан,female
Мовлудай,female
Могор,female
Модеста,female
Моинат,female
Мокан,female
Мокок,female
Мококай,female
Молл,female
Молли,female
Моник,female
Моника,female
Мотя,female
Мочи,female
Мрамза,female
Мрана,female
Мрапха,female
Мсаади,female
Мстислава,female
Мсыгуда,female
Мсырхан,female
Муаят,female
Мубина,female
Мубинахон,female
Мубсират,female
Мугайдат,female
Мугайманат,female
Мугайнат,female
Мугвайнат,female
Мугизат,female
Мугубат,female
Мудликат,female
Мудрикат,female
Мужизат,female
Мужминат,female
Муза,female
Музай,female
Музилат,female
Музират,female
Музия,female
Музликат,female
Музлифат,female
Музрикат,female
Музрипат,female
Муи,female
Муикодо,female
Муинеш,female
Муит,female
Муклинат,female
Мукминат,female
Муксият,female
Мукулсун,female
Мукур,female
Мулахан,female
Мулейкат,female
Мулидхан,female
Мумин,female
Муминат,female
Мунира,female
Мунират,female
Мунисат,female
Мунсанат,female
Мупайсат,female
Мурги,female
Мургиба,female
Мурзият,female
Мури,female
Мурка,female
Мусапати,female
Муси,female
Мусина,female
Мусинат,female
Мусирев,female
Муслимат,female
Муспират,female
Мутли,female
Муфрижат,female
Мухани,female
Мухлиса,female
Мухлисат,female
Мучи,female
Мшата,female
Мшатна,female
Мыкатхан,female
Мыта,female
Мыча,female
Мычич,female
Мэг,female
Мэгги,female
Мэдж,female
Мэй,female
Мэри,female
Мэриан,female
Мэрилин,female
Мэрион,female
Мэт,female
Мэтти,female
Мюриель,female
Мюриэл,female
Мюриэль,female
Мярипат,female
Наазат,female
Наала,female
Набат,female
Набати,female
Набигат,female
Набсият,female
Наги,female
Нагима,female
Нагират,female
Нагият,female
Наго,female
Нагуа,female
Нагуджала,female
Нагута,female
Надана,female
Наденька,female
Наджабат,female
Надикуа,female
Надира,female
Надифа,female
Надихан,female
Надица,female
Надия,female
Надият,female
Надуша,female
Надша,female
Надя,female
Нажабат,female
Нажават,female
Нажвар,female
Нажи,female
Нажибат,female
Нажмувара,female
Наз,female
Назани,female
Назапат,female
Назафат,female
Назбике,female
Нази,female
Назиа,female
Назибат,female
Назив,female
Назик,female
Назикуа,female
Назили,female
Назиля,female
Назима,female
Назипат,female
Назира,female
Назират,female
Назифа,female
Назифат,female
Назич,female
Назият,female
Назлият,female
Назлу,female
Назлугюль,female
Назлумага,female
Назлухалум,female
Назлыбек,female
Назлыханум,female
Назпери,female
Назу,female
Наигуа,female
Наида,female
Наижат,female
Наизат,female
Наила,female
Наиля,female
Наима,female
Наина,female
Наира,female
Наират,female
Найида,female
Найима,female
Найма,female
Найме,female
Накади,female
Накуа,female
Налиа,female
Нальмес,female
Нампусат,female
Нан,female
Нана,female
Нанах,female
Нанаханум,female
Нанаш,female
Нанаша,female
Нанащ,female
Наней,female
Нани,female
Нанибика,female
Наниш,female
Нано,female
Нанс,female
Нанси,female
Нану,female
Нануа,female
Нанули,female
Наоми,female
Напив,female
Написат,female
Напият,female
Напсат,female
Напхицв,female
Нарбийке,female
Наргиз,female
Наргиза,female
Наргис,female
Наргули,female
Нарижа,female
Нарижат,female
Нарима,female
Нарине,female
Наринэ,female
Нарипат,female
Наркиз,female
Наркуз,female
Нарунгюл,female
Нарунжа,female
Нарчоу,female
Нас,female
Наса,female
Насапхан,female
Насас,female
Наси,female
Насиа,female
Насиба,female
Насибат,female
Насижат,female
Насима,female
Насипат,female
Насипли,female
Насипхан,female
Насират,female
Насихат,female
Насият,female
Насовхан,female
Насрен,female
Настенька,female
Настя,female
Настёна,female
Насып,female
Нат,female
Ната,female
Натали,female
Натаря,female
Наташа,female
Нателла,female
Натика,female
Натула,female
Нафа,female
Нафиа,female
Нафиза,female
Нафизат,female
Нафират,female
Нафиса,female
Нафисат,female
Нафисет,female
Нафица,female
Нафият,female
Нафо,female
Нафше,female
Нах,female
Нахдиша,female
Нахидат,female
Нахина,female
Нахият,female
Нахо,female
Наца,female
Нацкуа,female
Нашаша,female
Нашират,female
Нашкуа,female
Нашуха,female
Нашхо,female
Небийсат,female
Небисат,female
Нежибат,female
Некифе,female
Некият,female
Нел,female
Нелл,female
Нелли,female
Нелля,female
Нену,female
Ненуца,female
Несиль,female
Несфа,female
Нетти,female
Нефза,female
Нефисат,female
Неш,female
Нибзаг,female
Нивета,female
Нигерхалум,female
Нижабат,female
Низакет,female
Низамат,female
Низфа,female
Ника,female
Ника-Хамис,female
Никамарин,female
Никапатимат,female
Никапити,female
Никич,female
Никки,female
Николетта,female
Николь,female
Нила,female
Нимфа,female
Нина,female
Нинекиз,female
Нинель,female
Нинет,female
Нинехалум,female
Ниночка,female
Нину,female
Нинуси,female
Ниса,female
Нисей,female
Нисейхалум,female
Нися,female
Нити,female
Нифа,female
Нифса,female
Ниябат,female
Нияр,female
Ниярхалун,female
Ниярханум,female
Ноа,female
Новсат,female
Ногина,female
Нол,female
Нолл,female
Нолли,female
Нона,female
Нонна,female
Нопаат,female
Нора,female
Ноэль,female
Ноябрина,female
Нугейрат,female
Нугетей,female
Нукайсат,female
Нукуша,female
Нулия,female
Нуна,female
Нуниа,female
Нуну,female
Нура,female
Нурай,female
Нурайзат,female
Нурайнат,female
Нураният,female
Нурбийке,female
Нурбика,female
Нурбият,female
Нурганият,female
Нургельди,female
Нурет,female
Нуржан,female
Нуржахан,female
Нуржихан,female
Нурзият,female
Нури,female
Нурижат,female
Нурипат,female
Нурисат,female
Нурица,female
Нуришат,female
Нурияна,female
Нурият,female
Нуркиз,female
Нуркият,female
Нуркыз,female
Нурман,female
Нурпат,female
Нурпият,female
Нурсалат,female
Нурсанат,female
Нурсет,female
Нурсият,female
Нурулгурда,female
Нурхан,female
Нурханият,female
Нурханум,female
Нурхатун,female
Нурхая,female
Нурьян,female
Нурьяхан,female
Нурян,female
Нусайпат,female
Нусрат,female
Нуся,female
Нутка,female
Нухбийке,female
Нуца,female
Нуцай,female
Нуцалай,female
Нуцалпати,female
Нуша,female
Нушка,female
Ныма,female
Нымфа,female
Ныну,female
Нысафо,female
Нычкуа,female
Ныша,female
Нышка,female
Нышкуа,female
Нэн,female
Нэнни,female
Нэнс,female
Нэнси,female
Нэт,female
Нюдюрбиги,female
Нюдюс,female
Нюра,female
Нюрбике,female
Нюта,female
Нюша,female
Овдат,female
Оги,female
Одри,female
Озинка,female
Ойбике,female
Оксанка,female
Октябрина,female
Ола,female
Олана,female
Олена,female
Олеся,female
Олечка,female
Олив,female
Оливия,female
Олимпиада,female
Олимпиодора,female
Олинка,female
Олмес,female
Олмесхан,female
Ольга,female
Олька,female
Оля,female
Онко,female
Оразбийке,female
Оразлы,female
Оразхан,female
Орзета,female
Ос,female
Осминат,female
Отебийке,female
Офелия,female
Очка,female
Очпати,female
Ошурай,female
Павла,female
Павлина,female
Паврузат,female
Павхан,female
Паге,female
Паго,female
Падаба,female
Падди,female
Падихат,female
Паду,female
Пазилат,female
Пазли,female
Пазлу,female
Пазо,female
Пазу,female
Паизат,female
Паика,female
Паисхан,female
Пайзатхалун,female
Пайну,female
Пайнусат,female
Пайруз,female
Пака,female
Пакала,female
Пакизат,female
Пакият,female
Пакуа,female
Палагия,female
Палания,female
Палина,female
Пандус,female
Панти,female
Панус,female
Паоипат,female
Пап,female
Папабай,female
Папай,female
Папала,female
Папаш,female
Папу,female
Папуй,female
Параша,female
Пардас,female
Парзи,female
Парзилат,female
Пари,female
Паригиз,female
Парида,female
Париза,female
Паризат,female
Паризичан,female
Парихалун,female
Парихан,female
Парихат,female
Парият,female
Паркис,female
Пармужи,female
Парсихат,female
Паруска,female
Пархамисай,female
Пархан,female
Парханисай,female
Паса,female
Пасахан,female
Пасихат,female
Пат,female
Пата,female
Патай,female
Патала,female
Патали,female
Патат,female
Патау,female
Пати,female
Патибава,female
Патий,female
Патик,female
Патима,female
Патимат,female
Патимаяс,female
Патин,female
Патина,female
Патинахатун,female
Патит,female
Патихат,female
Патиш,female
Патти,female
Патулей,female
Патух,female
Патуч,female
Паулина,female
Пахай,female
Пахан,female
Пахират,female
Пацай,female
Пацикуа,female
Пача,female
Пачу,female
Паша,female
Пашарат,female
Пашахан,female
Пашвышв,female
Паши,female
Пашка,female
Пашкуала,female
Пашманханым,female
Пгеп,female
Пег,female
Пега,female
Пегги,female
Пейкер,female
Пела,female
Пелагея,female
Пелаги,female
Пелагия,female
Пелангия,female
Пели,female
Пело,female
Пемба,female
Пен,female
Пенера,female
Пенкер,female
Пенни,female
Пепе,female
Пердаус,female
Пердовс,female
Пержаган,female
Пержан,female
Пержанхалум,female
Пержен,female
Перженхалум,female
Пери,female
Периде,female
Перижат,female
Перизада,female
Перизат,female
Перистан,female
Перихалум,female
Перихан,female
Периханум,female
Перишан,female
Перли,female
Перши,female
Пета,female
Пети,female
Петимат,female
Петмат,female
Петра,female
Петрония,female
Пехли,female
Пианат,female
Пидаз,female
Пизат,female
Пии,female
Пилдоз,female
Пилла,female
Пинсират,female
Пипа,female
Пирдавс,female
Пирдавуз,female
Пирдада,female
Пирдас,female
Пирдаус,female
Пиржан,female
Пирз,female
Пирза,female
Пирзанат,female
Пирзият,female
Писай,female
Питка,female
Пица,female
Пичестан,female
Пичехан,female
Поз,female
Пола,female
Поли,female
Полина,female
Полл,female
Полли,female
Полу,female
Попо,female
Поси,female
Пото,female
Потолай,female
Прасковья,female
Пуланат,female
Пулиа,female
Пуля,female
Пума,female
Пуп,female
Пупа,female
Пупка,female
Пупулиа,female
Пурай,female
Пурайат,female
Пурц,female
Пуц,female
Пуча,female
Пучка,female
Пушта,female
Пчехалум,female
Пшка,female
Пшкац,female
Пшкура,female
Пыжина,female
Пындык,female
Пыпыл,female
Пырныг,female
Пэг,female
Пэгги,female
Пэдди,female
Пэрис,female
Пэт,female
Пэтти,female
Рабат,female
Рабахат,female
Раби,female
Рабиат,female
Рабигат,female
Рабихат,female
Рабия,female
Рабият,female
Рабу,female
Равган,female
Равганат,female
Равза,female
Равзанат,female
Равзат,female
Равхан,female
Равханият,female
Равху,female
Равшан,female
Рагамет,female
Рагима,female
Рагимат,female
Рагина,female
Рагнета,female
Рада,female
Радам,female
Радима,female
Радимхан,female
Радмила,female
Радухан,female
Радуша,female
Радхан,female
Раечка,female
Ражамани,female
Ражимат,female
Разалия,female
Разет,female
Разета,female
Разиат,female
Разида,female
Разиет,female
Разита,female
Разият,female
Разияханум,female
Разна,female
Разумника,female
Разят,female
Раибат,female
Раида,female
Раидат,female
Раижат,female
Раила,female
Раина,female
Раипат,female
Раиса,female
Раисат,female
Раиска,female
Раифат,female
Раият,female
Райган,female
Райганат,female
Райдан,female
Райка,female
Райме,female
Райсама,female
Райхан,female
Райханат,female
Райханд,female
Райхант,female
Райхидат,female
Ракель,female
Ракият,female
Ракужат,female
Ракуят,female
Рамза,female
Рамзия,female
Рамзият,female
Рамида,female
Рамониа,female
Рампес,female
Ранят,female
Рапиат,female
Рапият,female
Рарира,female
Расац,female
Расида,female
Расидац,female
Расула,female
Расульдан,female
Ратибат,female
Ратият,female
Раузат,female
Рафаида,female
Рафаила,female
Рафаэлла,female
Рафида,female
Рафинат,female
Рафисат,female
Рахаима,female
Раханат,female
Рахил,female
Рахиль,female
Рахима,female
Рахимат,female
Рахматай,female
Рахмет,female
Рахшан,female
Рачумилай,female
Рашвында,female
Рашель,female
Рашидат,female
Рашия,female
Рая,female
Раяхан,female
Ребекка,female
Реби,female
Ребиат,female
Ребия,female
Ревекка,female
Регина,female
Резида,female
Резита,female
Рейхан,female
Рейчел,female
Рекият,female
Рема,female
Рената,female
Ресена,female
Рехант,female
Речел,female
Рибга,female
Риваят,female
Рида,female
Риз,female
Рикуа,female
Риминат,female
Римма,female
Рисалат,female
Рита,female
Риханат,female
Рица,female
Риязат,female
Робин,female
Ровзан,female
Роза,female
Розабел,female
Розали,female
Розалин,female
Розалинд,female
Розалинда,female
Розалия,female
Розан,female
Розания,female
Розгел,female
Розета,female
Розетт,female
Розетта,female
Розита,female
Розмари,female
Рокси,female
Ромела,female
Роница,female
Рори,female
Роуз,female
Рохсара,female
Рубаба,female
Рубажат,female
Рубайдат,female
Руби,female
Рубина,female
Рузана,female
Рузанна,female
Рузи,female
Рузмай,female
Рузми,female
Руиза,female
Руки,female
Рукиат,female
Рукигат,female
Рукидат,female
Рукижат,female
Рукият,female
Руксара,female
Рукуят,female
Румай,female
Румайзат,female
Руман,female
Румани,female
Руманият,female
Румеса,female
Румина,female
Румиса,female
Румисат,female
Румият,female
Рупанат,female
Рупи,female
Рупият,female
Русайдат,female
Русайнат,female
Русана,female
Русидан,female
Русил,female
Руслана,female
Русудан,female
Русудат,female
Рут,female
Руфь,female
Рыслыбийке,female
Рэй,female
Рэйчел,female
Саа,female
Саадат,female
Сааида,female
Сабдат,female
Сабетхалум,female
Саби,female
Сабигат,female
Сабила,female
Сабилла,female
Сабина,female
Сабират,female
Сабрижат,female
Сабрина,female
Сабрият,female
Савадат,female
Савгат,female
Савда,female
Савдат,female
Савдият,female
Саврат,female
Саврина,female
Сагдиана,female
Сагибат,female
Сагидат,female
Сагират,female
Сада,female
Садап,female
Садет,female
Сади,female
Садиа,female
Садикат,female
Садина,female
Садинат,female
Садифа,female
Садият,female
Садринат,female
Саду,female
Садула,female
Садулай,female
Садылхан,female
Сажа,female
Сажарат,female
Саждат,female
Сажидат,female
Сажилат,female
Саибат,female
Саида,female
Саидат,female
Саиджа,female
Саижат,female
Саимат,female
Саират,female
Саихат,female
Саият,female
Сайбат,female
Сайгибат,female
Сайгидат,female
Сайда,female
Сайлав,female
Сайра,female
Сайран,female
Сайрат,female
Сайха,female
Сайхат,female
Саки,female
Сакибат,female
Сакинат,female
Сакинет,female
Сакулат,female
Салам,female
Саламат,female
Салидат,female
Салима,female
Салимат,female
Салиме,female
Салимет,female
Салимхан,female
Салингур,female
Салисат,female
Салифа,female
Салиха,female
Салихат,female
Салият,female
Салкисат,female
Салли,female
Салмаз,female
Салми,female
Салминат,female
Саломе,female
Саломея,female
Салтанат,female
Салтанет,female
Салу,female
Самама,female
Саманият,female
Саманта,female
Самарат,female
Самарт,female
Самачия,female
Самая,female
Самета,female
Самигат,female
Самилхан,female
Саминат,female
Самира,female
Самират,female
Самият,female
Самоният,female
Самрат,female
Самходай,female
Сана,female
Санаги,female
Санат,female
Санахи,female
Саная,female
Сане,female
Санет,female
Санета,female
Саниат,female
Санигат,female
Саниет,female
Санифат,female
Саният,female
Санта,female
Сану,female
Санубер,female
Санур,female
Санька,female
Саня,female
Санят,female
Сапархан,female
Сапелен,female
Сапи,female
Сапигат,female
Сапиет,female
Сапижат,female
Сапинат,female
Сапират,female
Сапият,female
Сапу,female
Сара,female
Сараба,female
Сарагиз,female
Сарай,female
Сарайбалат,female
Сарайбика,female
Сарайи,female
Сарайнанай,female
Сарайпанат,female
Сарайхалум,female
Сарат,female
Саратбика,female
Сарати,female
Сарахалум,female
Сарби,female
Сарвиназ,female
Сарвиноз,female
Сарет,female
Сарижат,female
Сарика,female
Саринка,female
Сарисат,female
Сарит,female
Сарихалум,female
Сария,female
Сарият,female
Саробика,female
Сарсар,female
Саса,female
Сатаг,female
Сатагсау,female
Сатаней,female
Сатаней-гуаша,female
Сатания,female
Сатшам,female
Сауакиа,female
Саудат,female
Саудзацца,female
Саукизга,female
Сауле,female
Саурат,female
Саусатаг,female
Сафар,female
Сафер,female
Сафетка,female
Сафиат,female
Сафижат,female
Сафира,female
Сафират,female
Сафият,female
Сафра,female
Сафра-какач,female
Сафра-ханым,female
Сахадат,female
Сахерат,female
Сахи,female
Сахиб,female
Сахибат,female
Сахизат,female
Сахила,female
Сахрат,female
Сацита,female
Сачера,female
Сачинат,female
Сачларханум,female
Сачлу,female
Саша,female
Сашко,female
Саяд,female
Саядат,female
Саядпери,female
Саят,female
Саятханум,female
Саяхалум,female
Саяхат,female
Саёра,female
Свердилай,female
Света,female
Светик,female
Светлана,female
Светлинка,female
Святослава,female
Себила,female
Севгюль,female
Севда,female
Севиль,female
Севиля,female
Седа,female
Седеф,female
Седефхалум,female
Сежнехалум,female
Сейди,female
Сейма,female
Сейназ,female
Сейранат,female
Секерхан,female
Секи,female
Секимат,female
Секина,female
Секинат,female
Секне,female
Селгахалум,female
Селем,female
Селена,female
Селеста,female
Селжахалум,female
Сели,female
Селима,female
Селимат,female
Селин,female
Селина,female
Селисата,female
Селихат,female
Селият,female
Селли,female
Селма,female
Селмаханым,female
Селми,female
Селминаз,female
Селминат,female
Селмихалум,female
Селфинат,female
Селха,female
Селымхан,female
Сельвана,female
Сельмира,female
Селья,female
Семерхалум,female
Сенагу,female
Сенем,female
Сенжехалум,female
Сенко,female
Сенька,female
Сеперхан,female
Сепет,female
Сепи,female
Сепият,female
Серафима,female
Серес,female
Сержан,female
Серида,female
Серижа,female
Серижат,female
Серинат,female
Сермендулай,female
Серменк,female
Серна,female
Серфехалум,female
Серфиназ,female
Серфинат,female
Сесил,female
Сесилия,female
Сесиль,female
Сефижат,female
Сефинжа,female
Сефихури,female
Сефия,female
Сефият,female
Сехерхалум,female
Сечме,female
Сибил,female
Сигират,female
Сида,female
Сидеф,female
Сидикат,female
Сидона,female
Сидрат,female
Сижарат,female
Силейсат,female
Силжан,female
Сильва,female
Сильви,female
Сима,female
Симисхан,female
Симсият,female
Синат,female
Сираджа,female
Сиражат,female
Сирейжат,female
Сирим,female
Сирият,female
Сирма,female
Сирота,female
Сирша,female
Ситхан,female
Сиурат,female
Сиыр,female
Сия,female
Сиядат,female
Сияли,female
Сиянат,female
Сияра,female
Сиярат,female
Сиясат,female
Сияхат,female
Скарлетт,female
Скока,female
Слема,female
Снежка,female
Совба,female
Совбан,female
Совби,female
Совбика,female
Совда,female
Совдат,female
Совсан,female
Совсари,female
Созан,female
Сока,female
Соледад,female
Солиха,female
Солтанат,female
Сольвейг,female
Сомоният,female
Сонин,female
Соничка,female
Сончка,female
Соня,female
Софа,female
Софи,female
Софиат,female
Софият,female
Софьин,female
Социта,female
Срыма,female
Ссадина,female
Сталина,female
Стамбылхан,female
Станислава,female
Стархан,female
Стася,female
Стата,female
Стачкуа,female
Стейси,female
Стелла,female
Степанида,female
Стефани,female
Стефания,female
Стеша,female
Стычкуа,female
Стэлла,female
Стёпа,female
Суадат,female
Суанай,female
Суанат,female
Суанда,female
Суба,female
Субайбат,female
Субар,female
Субейхат,female
Субигат,female
Субханат,female
Сувар,female
Сувархалум,female
Сувархатун,female
Суваят,female
Суврет,female
Сувсар,female
Сугайбат,female
Суганат,female
Сугат,female
Сугзар,female
Сугли,female
Суданат,female
Сузун,female
Суйдух,female
Суйкум,female
Суйманат,female
Сукадла,female
Сукайнат,female
Сукра,female
Сулаханум,female
Сулгият,female
Сулгюжат,female
Сулейбат,female
Сулемарин,female
Сули,female
Сулико,female
Сулиман,female
Сулмаз,female
Султанага,female
Султанат,female
Султанбеги,female
Султанзадай,female
Султано,female
Султанпатимат,female
Султанхалум,female
Сулхибат,female
Сульфата,female
Сумаханум,female
Сумират,female
Сумият,female
Сумхар,female
Сумхара,female
Сунахалум,female
Сунахалун,female
Сунаханум,female
Суни,female
Сунижат,female
Сунират,female
Супайжат,female
Супайнат,female
Супарна,female
Супарнат,female
Супигат,female
Супия,female
Супият,female
Сура,female
Сурайя,female
Сурат,female
Суратхан,female
Сурейбат,female
Сурет,female
Сурехи,female
Сурия,female
Суса,female
Сусан,female
Сусана,female
Сусанна,female
Сусанхалум,female
Сут,female
Сута,female
Сутабег,female
Сутай,female
Суталай,female
Суту,female
Суфия,female
Сухайбат,female
Суханат,female
Сухат,female
Сыйлы,female
Сыйлыхан,female
Сыкурина,female
Сынта,female
Сырикуа,female
Сырма,female
Сыс,female
Сьюзан,female
Сьюзи,female
Сэди,female
Сэл,female
Сэлли,female
Сэм,female
Сэмми,female
Сюйгюля,female
Сюйдимхан,female
Сюйдум,female
Сюйкюм,female
Сюйрик,female
Сюлгюят,female
Сююнч,female
Сялбика,female
Таам,female
Таба,female
Табарак,female
Табарик,female
Табарк,female
Табарка,female
Таби,female
Табита,female
Табия,female
Табуят,female
Таварат,female
Тават,female
Тавжан,female
Тавке,female
Тавус,female
Тавусай,female
Тавхи,female
Тагират,female
Тагуагуа,female
Тагус,female
Тадгугу,female
Таджгуа,female
Таджгуагуа,female
Таджгугу,female
Тажи,female
Тажимага,female
Тажират,female
Тажлар,female
Тазара,female
Тазару,female
Тази,female
Тазнифат,female
Тазрет,female
Таиба,female
Таибат,female
Таимат,female
Таира,female
Таиса,female
Таисат,female
Таисия,female
Таисья,female
Тайбат,female
Тайбийке,female
Тайгибат,female
Тайиба,female
Тайибат,female
Тайима,female
Таймаз,female
Тайна,female
Тайра,female
Тайрат,female
Такуа,female
Такуажв,female
Такуажвиа,female
Такуажвина,female
Такуаза,female
Такуашва,female
Такуна,female
Такуч,female
Такучы,female
Такушвашв,female
Такушвышв,female
Талбика,female
Таликуа,female
Талина,female
Тама,female
Тамал,female
Тамамат,female
Таман,female
Таманкиз,female
Тамара,female
Тамарай,female
Тамари,female
Тамаша,female
Тамашна,female
Тамила,female
Тампи,female
Тамум,female
Тамуса,female
Тамуся,female
Тана,female
Танахуажв,female
Танбийке,female
Тандарыху,female
Танзалия,female
Танзила,female
Танзилат,female
Танзиля,female
Тансылув,female
Таня,female
Тапс,female
Таразиа,female
Таранджиа,female
Таризат,female
Тархуху,female
Тарча,female
Тарыбзана,female
Таса,female
Тасасариа,female
Тасиса,female
Тасният,female
Тасхан,female
Тася,female
Тата,female
Татал,female
Татала,female
Татей,female
Татиа,female
Татим,female
Татка,female
Таткуа,female
Татла,female
Татли,female
Татлихан,female
Тату,female
Татув,female
Татувей,female
Татута,female
Татуша,female
Татым,female
Татыма,female
Таужан,female
Таурзат,female
Таус,female
Тахачы,female
Тахбика,female
Тахи,female
Тахмина,female
Тахо,female
Тахоза,female
Тахуахуа,female
Тахув,female
Тахуна,female
Тац,female
Тачкум,female
Таших,female
Таюна,female
Тгуадж,female
Тебра,female
Теброна,female
Тевриз,female
Тезада,female
Теимтхан,female
Теимысхан,female
Тейли,female
Тейлор,female
Текизман,female
Текутай,female
Телеина,female
Телихалум,female
Телли,female
Тереза,female
Тесфа,female
Тетев,female
Тетей,female
Тетеш,female
Теуа,female
Тиб,female
Тибби,female
Тиганат,female
Тизада,female
Тика,female
Тилда,female
Тилли,female
Тильда,female
Тима,female
Тина,female
Тинай,female
Тинапатима,female
Тинат,female
Тинатин,female
Тинаяс,female
Тинаят,female
Тиникуа,female
Тирана,female
Тируз,female
Титка,female
Титла,female
Титра,female
Тихиро,female
Ткуажвна,female
Ткун,female
Ткуна,female
Тлапа,female
Тлетенай,female
Товжан,female
Товрат,female
Тоита,female
Токал,female
Токбийке,female
Томасина,female
Тонька,female
Тоня,female
Тося,female
Тотай,female
Тотайхан,female
Тотинка,female
Тотия,female
Тотугуш,female
Тотум,female
Тотуханым,female
Тотуш,female
Тотый,female
Тотымай,female
Тохангиан,female
Труди,female
Тубхат,female
Тувалина,female
Тугуя,female
Туджан,female
Туйгун,female
Тука,female
Туказибан,female
Туказман,female
Туканназ,female
Тукезбан,female
Тулиа,female
Тулилай,female
Тумаша,female
Тумисат,female
Тумиша,female
Тунзият,female
Тури,female
Турна,female
Тута,female
Тутей,female
Тути,female
Туту,female
Тутубича,female
Тутун,female
Тутуш,female
Тухай,female
Туча,female
Тхуху,female
Тхуча,female
Тшаша,female
Тыджгуагу,female
Тыкуа,female
Тыма,female
Тымыс,female
Тынджа,female
Тыч,female
Тышкуа,female
Тюту,female
Тютюхалум,female
Тютюханум,female
Тяхим,female
Уазафтауа,female
Уака,female
Уалинка,female
Уарга,female
Уард,female
Уарда,female
Уардахан,female
Уарди,female
Уардышка,female
Уарзе,female
Уарзета,female
Уархан,female
Уарцца,female
Уарчка,female
Уарчхан,female
Уасас,female
Уафи,female
Уацират,female
Уаша,female
Убай,female
Убайдат,female
Убурай,female
Угиан,female
Углан,female
Угланага,female
Углангерек,female
Удалай,female
Уди,female
Удрида,female
Уду,female
Удша,female
Ужа,female
Узайпат,female
Узалай,female
Узбика,female
Узданай,female
Узди,female
Уздигет,female
Уздият,female
Узибава,female
Узликен,female
Узлипат,female
Узлипеш,female
Узлифат,female
Узу,female
Узуй,female
Узулай,female
Узум,female
Уиллоу,female
Уин,female
Уинифред,female
Уинни,female
Уймагани,female
Укеймат,female
Улана,female
Улангерек,female
Улашат,female
Улита,female
Улыймет,female
Ульяна,female
Уля,female
Ума,female
Умагани,female
Умагат,female
Умадаган,female
Умаджафар,female
Умажат,female
Умаихат,female
Умай,female
Умайганат,female
Умайзат,female
Умаймат,female
Умайнат,female
Умайсат,female
Умайстан,female
Умайсултан,female
Умайчу,female
Умакусун,female
Умалай,female
Умалкхыз,female
Умамат,female
Умархаир,female
Умархайбат,female
Умасалимат,female
Уматай,female
Умаханум,female
Умахир,female
Умач,female
Умзагират,female
Умзайрат,female
Умидат,female
Умижат,female
Умисат,female
Умия,female
Умият,female
Умкусум,female
Умлайла,female
Уммалай,female
Умму,female
Уммугани,female
Уммукусум,female
Уммурагим,female
Уммусалимат,female
Умрагмат,female
Умразет,female
Умразият,female
Умрайган,female
Умрайхан,female
Умрапият,female
Умрахиат,female
УмрахилУмрагил,female
Умрашият,female
Умрият,female
Умсайбат,female
Умсайдат,female
Умсалимат,female
Умсапият,female
Уму,female
Умув,female
Умугайбат,female
Умугани,female
Умуганнат,female
Умужан,female
Умужат,female
Умужахан,female
Умук,female
Умукулсум,female
Умукум,female
Умукурсум,female
Умукусум,female
Умулджами,female
Умупукара,female
Умурабият,female
Умуразият,female
Умурай,female
Умурат,female
Умурахим,female
Умурашидат,female
Умурейхан,female
Умухабибат,female
Умухай,female
Умухайбат,female
Умухан,female
Умухани,female
Умуханум,female
Умухиял,female
Умуш,female
Умуят,female
Умхайбат,female
Умхани,female
Уна,female
Унай,female
Унайганат,female
Унайзат,female
Унайсат,female
Унат,female
Уната,female
Унейзат,female
Унух,female
Уолмес,female
Упайрат,female
Урайзат,female
Урайнат,female
Урайрат,female
Урбат,female
Урда,female
Урдихан,female
Урзият,female
Уркуят,female
Уркыет,female
Урузма,female
Урузмаг,female
Урузмак,female
Урузманг,female
Урунзаг,female
Урухан,female
Урчхан,female
Усаймат,female
Усамат,female
Уснихалум,female
Успаги,female
Успахи,female
Устинья,female
Ухрижат,female
Уца,female
Уша,female
Фада,female
Фади,female
Фадиман,female
Фаза,female
Фазила,female
Фазилат,female
Фазина,female
Фаида,female
Фаиза,female
Фаизат,female
Фаина,female
Файзет,female
Фалым,female
Фамта,female
Фана,female
Фания,female
Фаният,female
Фанни,female
Фаня,female
Фардак,female
Фардаус,female
Фардося,female
Фарзет,female
Фарида,female
Фариза,female
Фаризат,female
Фарина,female
Фаришта,female
Фариштамох,female
Фаруз,female
Фаруза,female
Фаси,female
Фасимат,female
Фасинат,female
Фати,female
Фатима,female
Фатимат,female
Фатка,female
Фатку,female
Фатма,female
Фатмас,female
Фатмахалум,female
Фатула,female
Фатума,female
Фатыма,female
Фатыш,female
Фаусат,female
Фаф,female
Фафа,female
Фая,female
Фебрина,female
Февралина,female
Федерика,female
Федора,female
Федосья,female
Федоши,female
Фейзаван,female
Фейроза,female
Фелдыш,female
Фели,female
Фелиситас,female
Фемида,female
Фена,female
Фенаха,female
Фенда,female
Феня,female
Феодора,female
Феодосия,female
Фергана,female
Фержан,female
Фержана,female
Фержанхалум,female
Ферза,female
Ферзият,female
Ферида,female
Фериде,female
Феризат,female
Фернанда,female
Фероза,female
Феруза,female
Ферузат,female
Фиалета,female
Фиалка,female
Физа,female
Фима,female
Фиона,female
Фира,female
Фирдауз,female
Фирдаус,female
Фируза,female
Фло,female
Флой,female
Флора,female
Флоранс,female
Флоренс,female
Флосси,female
Фоза,female
Фомаида,female
Франсуаза,female
Франциска,female
Франя,female
Фрида,female
Фроня,female
Фрося,female
Фрэнсис,female
Фуза,female
Фумисат,female
Футана,female
Фути,female
Фуфа,female
Фуфка,female
Фушка,female
Фыма,female
Фына,female
Фындык,female
Фырджан,female
Фырухан,female
Фыф,female
Фыфка,female
Фыч,female
Фычка,female
Фёкла,female
Хаара,female
Хаба,female
Хабата,female
Хабаш,female
Хабеба,female
Хабжа,female
Хаби,female
Хабиба,female
Хабибат,female
Хабидат,female
Хабийбат,female
Хабила,female
Хабира,female
Хабит,female
Хабыб,female
Хабюв,female
Хавахалум,female
Хаваханум,female
Хавраиль,female
Хаврония,female
Хавса,female
Хагуа,female
Хадаз,female
Хадет,female
Хаджа,female
Хаджай,female
Хаджар,female
Хаджат,female
Хаджгуагу,female
Хаджер,female
Хаджет,female
Хаджикыз,female
Хаджифатим,female
Хаджкул,female
Хаджу,female
Хаджха,female
Хаджхан,female
Хадзиго,female
Хади,female
Хадижа,female
Хадижат,female
Хадизат,female
Хадий,female
Хадику,female
Хадиса,female
Хадисе,female
Хадихан,female
Хадия,female
Хадият,female
Хадужат,female
Хажа,female
Хажаба,female
Хажай,female
Хажар,female
Хажарат,female
Хажат,female
Хажи,female
Хажикатун,female
Хажу,female
Хажхан,female
Хазаба,female
Хазаз,female
Хазбика,female
Хазгера,female
Хазизет,female
Хазимат,female
Хазинат,female
Хазират,female
Хазна,female
Хазрат,female
Хазрет,female
Хазу,female
Хазумилай,female
Хаиада,female
Хаидат,female
Хаиргиз,female
Хаиркиз,female
Хаиркыз,female
Хаирхан,female
Хаишет,female
Хайбат,female
Хайда,female
Хайранбийке,female
Хайрат,female
Хайратулай,female
Хайру,female
Хайрун,female
Хака,female
Хакимат,female
Хакуац,female
Хакурац,female
Хала,female
Халват,female
Халдуз,female
Халжат,female
Хали,female
Халида,female
Халидат,female
Халижат,female
Халим,female
Халимат,female
Халипат,female
Халиса,female
Халисат,female
Халифа,female
Халифат,female
Халия,female
Халла,female
Халум,female
Халумага,female
Халумат,female
Халумеседу,female
Халумистак,female
Халун,female
Халун-Качар,female
Халун-Чакар,female
Халункачар,female
Халунмеседу,female
Халунчакар,female
Халып,female
Хамаги,female
Хамажв,female
Хамбаба,female
Хамбаги,female
Хамбаляк,female
Хамжажв,female
Хамза,female
Хамида,female
Хамидан,female
Хамидат,female
Хамиз,female
Хамийсат,female
Хамис,female
Хамисаба,female
Хамисадай,female
Хамисат,female
Хаммаги,female
Хаммаш,female
Хамсад,female
Хамсада,female
Хамсарян,female
Хамсат,female
Хамус,female
Хана,female
Ханага,female
Ханай,female
Ханакуажв,female
Ханаон,female
Ханбажи,female
Ханбийке,female
Ханбиче,female
Хангуасса,female
Хангуаша,female
Хандакиа,female
Хандзариффа,female
Хандзериффа,female
Хандиса,female
Ханжалум,female
Ханза,female
Ханзаба,female
Ханзабика,female
Ханзада,female
Ханзадай,female
Ханзай,female
Хани,female
Ханиа,female
Ханиаба,female
Ханиза,female
Ханий,female
Ханика,female
Ханикай,female
Ханипат,female
Ханисят,female
Ханиф,female
Ханифа,female
Ханиффа,female
Ханича,female
Ханичу,female
Ханпери,female
Хансиат,female
Хантай,female
Ханту,female
Хантыт,female
Ханум,female
Ханумиздек,female
Ханхалум,female
Ханцыцв,female
Ханчу,female
Ханым,female
Ханыха,female
Ханыш,female
Ханыщ,female
Хао,female
Хапа,female
Хапапа,female
Хапи,female
Хапиге,female
Хапигет,female
Хаписат,female
Хапсат,female
Хаптина,female
Хапщ,female
Хара,female
Харай,female
Харе,female
Харенса,female
Харида,female
Харижат,female
Харимхан,female
Харифа,female
Харихан,female
Харият,female
Харриет,female
Хаса,female
Хасайбат,female
Хасбика,female
Хасипат,female
Хасия,female
Хасрат,female
Хата,female
Хаталай,female
Хатастан,female
Хатджа,female
Хати,female
Хатибат,female
Хатим,female
Хатимат,female
Хатина,female
Хатинакатун,female
Хатуми,female
Хатун,female
Хатунага,female
Хатунай,female
Хатунбиги,female
Хатунмеседу,female
Хатуч,female
Хатхун,female
Хатшепсут,female
Хатыджгуа,female
Хатыж,female
Хатыс,female
Хауа,female
Хауида,female
Хафида,female
Хафиза,female
Хаха,female
Хахан,female
Хахина,female
Хацаца,female
Хачаба,female
Хачай,female
Хачи,female
Хачкыз,female
Хачмаф,female
Хашур,female
Хая,female
Хвалат,female
Хвасат,female
Хваши,female
Хджаш,female
Хедвиг,female
Хедижа,female
Хедижат,female
Хезер,female
Хейранса,female
Хейрасат,female
Хелен,female
Хени,female
Хесапат,female
Хесенгул,female
Хетай,female
Хиба,female
Хибгиц,female
Хибла,female
Хибра,female
Хиглан,female
Хида,female
Хидга,female
Хиджгуа,female
Хиджгуагу,female
Хиджгуыгу,female
Хижан,female
Хижв,female
Хижи,female
Хижра,female
Хизму,female
Хийжан,female
Хийирхалум,female
Хика,female
Хикуа,female
Хикур,female
Хикуч,female
Хилари,female
Хилкан,female
Хильда,female
Хим,female
Хима,female
Химараса,female
Химарса,female
Химбаб,female
Химза,female
Химка,female
Химкуара,female
Химкуараса,female
Химна,female
Химор,female
Химра,female
Химса,female
Химсад,female
Химур,female
Хина,female
Хинкуараса,female
Хинсас,female
Хинтар,female
Хипа,female
Хипшдза,female
Хирабати,female
Хирасулпатимат,female
Хиргугу,female
Хирилай,female
Хирпа,female
Хируша,female
Хиса,female
Хистаман,female
Хити,female
Хитка,female
Хиу,female
Хифа,female
Хих,female
Хиху,female
Хиц,female
Хицкур,female
Хичача,female
Хишкуакуа,female
Хиштей,female
Хищкук,female
Хиял,female
Хнагу,female
Хноу,female
Ховрат,female
Ходжа,female
Холли,female
Хораф,female
Хориа,female
Хорцеска,female
Хоуп,female
Храстина,female
Христина,female
Хтат,female
Хуадихан,female
Хуамдзала,female
Хуамта,female
Хуамцала,female
Хуара,female
Хуарандза,female
Хуата,female
Хуаху,female
Хуахуал,female
Хуахуей,female
Хуацица,female
Хубабина,female
Хубайрат,female
Хубача,female
Худа,female
Худайнат,female
Хуж,female
Хужа,female
Хужалай,female
Хужпаго,female
Хузай,female
Хузаймат,female
Хузимат,female
Хукай,female
Хула,female
Хулаба,female
Хулайбат,female
Хулаймат,female
Хулайпат,female
Хулапай,female
Хулеймат,female
Хулимат,female
Хулхужат,female
Хульета,female
Хумай,female
Хумайран,female
Хумар,female
Хумарханым,female
Хумаюн,female
Хумп,female
Хумпала,female
Хумпып,female
Хуна,female
Хунца,female
Хунчаназ,female
Хуншала,female
Хупи,female
Хура,female
Хурайрат,female
Хурандза,female
Хураша,female
Хури,female
Хуриат,female
Хуризада,female
Хуризадай,female
Хуризат,female
Хурия,female
Хурият,female
Хурмат,female
Хуру,female
Хурубича,female
Хурулен,female
Хурун,female
Хуршет,female
Хуршида,female
Хуршият,female
Хуска,female
Хусмо,female
Хута,female
Хутай,female
Хуха,female
Хуху,female
Хухуа,female
Хуц,female
Хуца,female
Хучина,female
Хушбат,female
Хушназ,female
Хфаф,female
Хцыс,female
Хчач,female
Хшар,female
Хшаса,female
Хыгуа,female
Хыгугу,female
Хыджгуа,female
Хыджгуагу,female
Хым,female
Хымбаб,female
Хымбаба,female
Хымжважв,female
Хымсад,female
Хымсада,female
Хына,female
Хындакиа,female
Хынцыку,female
Хынцыкуа,female
Хыпа,female
Хыптина,female
Хыркуи,female
Хыса,female
Хыфа,female
Хыц,female
Хыч,female
Хычача,female
Хыш,female
Хышвт,female
Хэрриет,female
Хэрриот,female
Хэтти,female
Хюрият,female
Хяди,female
Цаба,female
Цабу,female
Цаибат,female
Цайба,female
Цакуа,female
Цакул,female
Цамгугу,female
Царица,female
Цахай,female
Цац,female
Цаца,female
Цацарка,female
Цаци,female
Цацикуа,female
Цацу,female
Цацуна,female
Цвагра,female
Цвауш,female
Цвета,female
Цветана,female
Цвикуа,female
Цвыбга,female
Цвымза,female
Цгуна,female
Цекуа,female
Целина,female
Цепа,female
Цетай,female
Цеца,female
Цецилия,female
Циаку,female
Циала,female
Циалла,female
Циба,female
Цибац,female
Цийиварз,female
Цима,female
Цира,female
Цирау,female
Циру,female
Циса,female
Цитури,female
Циц,female
Цица,female
Цицана,female
Цицина,female
Цицка,female
Цицкуа,female
Цицу,female
Цквер,female
Цоба,female
Цона,female
Цопа,female
Цоца,female
Цуквер,female
Цуна,female
Цур,female
Цура,female
Цута,female
Цухпат,female
Цуца,female
Цуцка,female
Цуцу,female
Цыб,female
Цыкуа,female
Цыркина,female
Цыс,female
Цыса,female
Цысна,female
Цыхкизга,female
Цыхчаным,female
Цыц,female
Цышв,female
Цюк,female
Чаади,female
Чаамажв,female
Чаамаф,female
Чаба,female
Чабахан,female
Чабиха,female
Чабка,female
Чабырхан,female
Чава,female
Чаг,female
Чага,female
Чагулмеседу,female
Чазибан,female
Чак,female
Чака,female
Чакар,female
Чакараба,female
Чакарай,female
Чакаркодо,female
Чакармарин,female
Чакармеседу,female
Чакарэбель,female
Чаку,female
Чакуа,female
Чакуку,female
Чакулаз,female
Чакута,female
Чакушвашв,female
Чалар,female
Чам,female
Чамака,female
Чамаку,female
Чамарсаг,female
Чамасдаг,female
Чамата,female
Чамка,female
Чамсият,female
Чамха,female
Чамхуахуа,female
Чанах,female
Чаниуат,female
Чап,female
Чапа,female
Чапажв,female
Чапас,female
Чапиак,female
Чариа,female
Чарида,female
Чарира,female
Чарна,female
Часа,female
Часада,female
Часажи,female
Часмина,female
Чата,female
Чаусар,female
Чафназ,female
Чаха,female
Чахуахуа,female
Чахуназ,female
Чахусна,female
Чач,female
Чача,female
Чачу,female
Чачы,female
Чашминаз,female
Чгуагу,female
Чепка,female
Черкезха,female
Чеслава,female
Чеэрай,female
Чига,female
Чиминазбика,female
Чимназ,female
Чиниг,female
Чира,female
Чираг,female
Чирахалум,female
Читуман,female
Чихильпатимат,female
Чичи,female
Чкуаса,female
Чкуку,female
Чока,female
Чома,female
Чоча,female
Чпажв,female
Чрахалум,female
Чуак,female
Чуба,female
Чубай,female
Чука,female
Чумайсат,female
Чумиздаг,female
Чумистак,female
Чумулай,female
Чура,female
Чуса,female
Чусулай,female
Чут,female
Чута,female
Чухай,female
Чухарай,female
Чуч,female
Чучка,female
Чучулай,female
Чыба,female
Чыгу,female
Чыгура,female
Чыка,female
Чыкуа,female
Чыкуры,female
Чыкурышвт,female
Чыкуса,female
Чым,female
Чыма,female
Чымаса,female
Чымса,female
Чындык,female
Чынча,female
Чыпас,female
Чыпса,female
Чыра,female
Чырба,female
Чырбахан,female
Чыс,female
Чыф,female
Чыху,female
Чыч,female
Чычыл,female
Шаадат,female
Шааиза,female
Шаалай,female
Шаарбийке,female
Шааржан,female
Шабаги,female
Шабесен,female
Шабисен,female
Шабихан,female
Шабуар,female
Шабыста,female
Шавакат,female
Шавдан,female
Шавлук,female
Шавлух,female
Шага,female
Шагай,female
Шагалай,female
Шагане,female
Шаганназ,female
Шаганэ,female
Шагар,female
Шагидат,female
Шагсалан,female
Шагу,female
Шагум,female
Шагумага,female
Шагун,female
Шадаза,female
Шадиа,female
Шадина,female
Шадлу,female
Шазина,female
Шазинат,female
Шаимат,female
Шаитханум,female
Шайда,female
Шайдат,female
Шайдет,female
Шайма,female
Шаймаат,female
Шака,female
Шакала,female
Шаки,female
Шакират,female
Шакуа,female
Шакуг,female
Шалазай,female
Шалда,female
Шалду,female
Шалдуз,female
Шалимат,female
Шалка,female
Шалки,female
Шам,female
Шамага,female
Шамаги,female
Шамаи,female
Шамай,female
Шамайбика,female
Шамайпатима,female
Шамал,female
Шамала,female
Шамалай,female
Шамалахалун,female
Шамамат,female
Шамати,female
Шамахи,female
Шамбика,female
Шамесат,female
Шамике,female
Шамина,female
Шамисат,female
Шамониа,female
Шамсет,female
Шамси,female
Шамсиа,female
Шамсибани,female
Шамсигат,female
Шамсият,female
Шамсубани,female
Шамуна,female
Шамхани,female
Шамысхан,female
Шана,female
Шанахан,female
Шангул,female
Шанесиб,female
Шаниа,female
Шанида,female
Шанисиб,female
Шаница,female
Шаниям,female
Шанука,female
Шануфа,female
Шапери,female
Шапиат,female
Шапилай,female
Шапиче,female
Шарабат,female
Шарапат,female
Шарат,female
Шари,female
Шариат,female
Шарибат,female
Шарида,female
Шаризан,female
Шаризат,female
Шарипат,female
Шариф,female
Шарифа,female
Шарлиз,female
Шарлин,female
Шарлотта,female
Шарпица,female
Шарустан,female
Шарымхан,female
Шаса,female
Шаселем,female
Шасенем,female
Шасиа,female
Шасоу,female
Шаста,female
Шатана,female
Шатюмен,female
Шауал,female
Шафиа,female
Шафига,female
Шахадат,female
Шахалай,female
Шахбаги,female
Шахбажи,female
Шахзада,female
Шахзанат,female
Шахидат,female
Шахиржан,female
Шахирхан,female
Шахламаз,female
Шахмизат,female
Шахнабат,female
Шахназ,female
Шахнигер,female
Шахпери,female
Шахри,female
Шахризада,female
Шахрият,female
Шахру,female
Шахрузада,female
Шахрузат,female
Шахсалам,female
Шахсалан,female
Шахсенем,female
Шахтюмен,female
Шаху,female
Шахуназ,female
Шахусна,female
Шаш,female
Шаша,female
Шаши,female
Шашкуа,female
Шашлы,female
Шашна,female
Шашу,female
Шашулиа,female
Шая,female
Швакуа,female
Швакуран,female
Швашв,female
Шведат,female
Швышва,female
Шгуын,female
Шейла,female
Шейлин,female
Шейрибан,female
Шейрихан,female
Шекар,female
Шекер,female
Шекерхалум,female
Шекерхан,female
Шелли,female
Шемияханум,female
Шеннон,female
Шербет,female
Шерибан,female
Шерил,female
Шерипат,female
Шерифа,female
Шерихан,female
Шерли,female
Шерлин,female
Шерфехалум,female
Шет,female
Шефиа,female
Шехим,female
Шешей,female
Шиготиж,female
Шигу,female
Шигуа,female
Шидгуа,female
Шидейхалум,female
Шийихалум,female
Шика,female
Шиката,female
Шикаят,female
Шикер,female
Шикерхалум,female
Шикуа,female
Шикыт,female
Шила,female
Шилехан,female
Шимейсат,female
Шимике,female
Шин,female
Шина,female
Шинас,female
Шинкуак,female
Ширайсат,female
Ширин,female
Ширинаба,female
Ширинат,female
Ширли,female
Ширузадай,female
Шита,female
Шити,female
Шихархан,female
Шихзада,female
Шишей,female
Шкиати,female
Шкока,female
Шкуакуа,female
Шкуаша,female
Шкуфат,female
Шмониа,female
Шовда,female
Шолпан,female
Шорена,female
Шосиа,female
Шоухи,female
Шошна,female
Штониа,female
Шуайнат,female
Шуанат,female
Шугайдат,female
Шугал,female
Шугумаги,female
Шудиа,female
Шука,female
Шукран,female
Шукрани,female
Шукуфат,female
Шулият,female
Шума,female
Шумайсат,female
Шумейсат,female
Шумисат,female
Шуму,female
Шура,female
Шурет,female
Шухайдат,female
Шуша,female
Шушана,female
Шушаника,female
Шушехалум,female
Шушеханум,female
Шушка,female
Шушубика,female
Шуэй,female
Шфаф,female
Шэрон,female
Щаза,female
Щайдат,female
Щамсат,female
Щарифа,female
Щаща,female
Щехилай,female
Щура,female
Эбечо,female
Эбила,female
Эва,female
Эвелин,female
Эвелина,female
Эвноя,female
Эгельди,female
Эдит,female
Эдита,female
Эдия,female
Эзейнат,female
Эземат,female
Эйша,female
Эйшаба,female
Эка,female
Экелимат,female
Элбийке,female
Элбика,female
Элвира,female
Элейн,female
Элейхалум,female
Элен,female
Элена,female
Элени,female
Элеонора,female
Элетай,female
Элза,female
Эли,female
Элида,female
Элиза,female
Элизабет,female
Элина,female
Элинаичка,female
Элинор,female
Элионара,female
Элис,female
Элиса,female
Элисо,female
Элита,female
Элихан,female
Элла,female
Эллен,female
Эллиот,female
Эллочка,female
Элмехалум,female
Элмира,female
Элмурият,female
Элоиза,female
Элона,female
Элперият,female
Элса,female
Элси,female
Эльбика,female
Эльва,female
Эльвина,female
Эльвира,female
Эльжбета,female
Эльза,female
Эльмесхан,female
Эльмира,female
Эльна,female
Эльнара,female
Эля,female
Эм,female
Эма,female
Эмет,female
Эми,female
Эмилия,female
Эмина,female
Эминат,female
Эмине,female
Эмисат,female
Эмм,female
Эмма,female
Эммануэль,female
Эмми,female
Эмнат,female
Энгельсина,female
Эниса,female
Энисат,female
Энн,female
Эра,female
Эрбегинмарин,female
Эрбегинпатима,female
Эрзи,female
Эрзибат,female
Эрзихалум,female
Эрзият,female
Эркехан,female
Эрна,female
Эроза,female
Эрту,female
Эсбат,female
Эсвет,female
Эсенбийке,female
Эсет,female
Эсета,female
Эсита,female
Эслана,female
Эсли,female
Эсма,female
Эсмаханым,female
Эсмера,female
Эсмеральда,female
Эсмина,female
Эсмира,female
Эспет,female
Эстелла,female
Эстер,female
Эсфирь,female
Этери,female
Этта,female
Эфлена,female
Эфриз,female
Эхли,female
Эхлихан,female
Эша,female
Эшли,female
Ювдыр,female
Юдифь,female
Юзефа,female
Юлдуз,female
Юлдузат,female
Юлдыз,female
Юлиана,female
Юлия,female
Юля,female
Юмав,female
Юмазиет,female
Юмаш,female
Юна,female
Юния,female
Юнона,female
Юрия,female
Юстина,female
Юци,female
Явбийке,female
Явдоха,female
Ягру,female
Ягюв,female
Ядвига,female
Ядгар,female
Яджгуа,female
Яза,female
Язайра,female
Язан,female
Язанай,female
Язану,female
Язара,female
Язару,female
Язбика,female
Язи,female
Язидат,female
Язита,female
Язлиша,female
Язман,female
Язса,female
Язу,female
Язура,female
Яка,female
Якунди,female
Якунни,female
Якут,female
Ялениа,female
Ялса,female
Январат,female
Январхалум,female
Янина,female
Янсарай,female
Янсият,female
Янушка,female
Япхан,female
Ярби,female
Ярна,female
Ярослава,female
Ярославна,female
Ярхан,female
Ярханат,female
Ярына,female
Ясна,female
Яся,female
Ятар,female
Ятыр,female
Яха,female
Яхайтя,female
Яхамат,female
Яхи,female
Яхийта,female
Яхита,female
Яхихан,female
Яхия,female
Яхмат,female
Яхрухалум,female
Яху,female
Яхшихал,female
Яхшихалум,female
Ячемира,female
Яша,female
